File,Dot_Index,Centroid_X,Centroid_Y,BBox_W_px,BBox_H_px,BBox_Diam_px,BBox_Diam_mm,Body_Major_px,Body_Diam_mm,Area_px,Circularity_Raw,Circularity_Body,Grid_Row,Grid_Col,Offset_X_mm,Offset_Y_mm,Distance_Error_mm,Merged_Flag
capture_0002.pgm,1,969,34,22,23,23,0.2249,23.0,0.2249,365,1.000,1.000,0,9,-0.3316,0.2074,0.3911,NO
capture_0002.pgm,2,153,38,22,25,25,0.2445,25.0,0.2445,416,1.000,1.000,0,1,-0.3079,0.2410,0.3910,NO
capture_0002.pgm,3,1174,37,22,23,23,0.2249,23.0,0.2249,375,1.000,1.000,0,11,-0.3278,0.2381,0.4051,NO
capture_0002.pgm,4,560,38,22,22,22,0.2152,22.0,0.2152,353,1.000,1.000,0,5,-0.3295,0.2438,0.4099,NO
capture_0002.pgm,5,358,39,23,23,23,0.2249,23.0,0.2249,388,1.000,1.000,0,3,-0.3040,0.2522,0.3950,NO
capture_0002.pgm,6,768,42,21,22,22,0.2152,22.0,0.2152,338,1.000,1.000,0,7,-0.2963,0.2843,0.4106,NO
capture_0002.pgm,7,52,65,23,23,23,0.2249,23.0,0.2249,384,1.000,1.000,0,0,-0.2954,0.0871,0.3080,NO
capture_0002.pgm,8,458,79,22,22,22,0.2152,22.0,0.2152,360,1.000,1.000,0,4,-0.3269,0.2268,0.3978,NO
capture_0002.pgm,9,870,81,21,21,21,0.2054,21.0,0.2054,317,1.000,1.000,0,8,-0.2996,0.2491,0.3896,NO
capture_0002.pgm,10,1077,81,22,23,23,0.2249,23.0,0.2249,375,1.000,1.000,0,10,-0.2762,0.2505,0.3728,NO
capture_0002.pgm,11,664,82,22,21,22,0.2152,22.0,0.2152,338,1.000,1.000,0,6,-0.3132,0.2575,0.4055,NO
capture_0002.pgm,12,257,85,24,24,24,0.2347,24.0,0.2347,431,1.000,1.000,0,2,-0.2916,0.2841,0.4071,NO
capture_0002.pgm,13,561,125,22,22,22,0.2152,22.0,0.2152,353,1.000,1.000,1,5,-0.3203,0.2438,0.4025,NO
capture_0002.pgm,14,970,125,22,23,23,0.2249,23.0,0.2249,375,1.000,1.000,1,9,-0.3224,0.2465,0.4059,NO
capture_0002.pgm,15,359,127,23,24,24,0.2347,24.0,0.2347,397,1.000,1.000,1,3,-0.2949,0.2620,0.3944,NO
capture_0002.pgm,16,151,129,22,23,23,0.2249,23.0,0.2249,368,1.000,1.000,1,1,-0.3280,0.2801,0.4314,NO
capture_0002.pgm,17,1176,128,22,23,23,0.2249,23.0,0.2249,372,1.000,1.000,1,11,-0.3088,0.2772,0.4150,NO
capture_0002.pgm,18,769,130,22,24,24,0.2347,24.0,0.2347,390,1.000,1.000,1,7,-0.2871,0.2941,0.4110,NO
capture_0002.pgm,19,47,150,23,22,23,0.2249,23.0,0.2249,375,1.000,1.000,1,0,-0.3449,0.0676,0.3515,NO
capture_0002.pgm,20,667,166,23,23,23,0.2249,23.0,0.2249,405,1.000,1.000,1,6,-0.2845,0.2282,0.3647,NO
capture_0002.pgm,21,460,168,23,23,23,0.2249,23.0,0.2249,384,1.000,1.000,1,4,-0.3079,0.2464,0.3943,NO
capture_0002.pgm,22,869,169,23,24,24,0.2347,24.0,0.2347,414,1.000,1.000,1,8,-0.3100,0.2589,0.4038,NO
capture_0002.pgm,23,1076,168,21,22,22,0.2152,22.0,0.2152,338,1.000,1.000,1,10,-0.2865,0.2505,0.3806,NO
capture_0002.pgm,24,257,170,23,22,23,0.2249,23.0,0.2249,368,1.000,1.000,1,2,-0.2922,0.2645,0.3941,NO
capture_0002.pgm,25,766,211,24,23,24,0.2347,24.0,0.2347,398,1.000,1.000,2,7,-0.3171,0.2354,0.3949,NO
capture_0002.pgm,26,971,210,22,22,22,0.2152,22.0,0.2152,360,1.000,1.000,2,9,-0.3132,0.2270,0.3868,NO
capture_0002.pgm,27,560,212,21,21,21,0.2054,21.0,0.2054,317,1.000,1.000,2,5,-0.3307,0.2438,0.4108,NO
capture_0002.pgm,28,151,213,23,23,23,0.2249,23.0,0.2249,383,1.000,1.000,2,1,-0.3286,0.2508,0.4134,NO
capture_0002.pgm,29,360,214,22,22,22,0.2152,22.0,0.2152,353,1.000,1.000,2,3,-0.2857,0.2620,0.3876,NO
capture_0002.pgm,30,1176,214,21,21,21,0.2054,21.0,0.2054,317,1.000,1.000,2,11,-0.3094,0.2675,0.4090,NO
capture_0002.pgm,31,55,237,22,22,22,0.2152,22.0,0.2152,360,1.000,1.000,2,0,-0.2673,0.0676,0.2757,NO
capture_0002.pgm,32,872,253,23,22,23,0.2249,23.0,0.2249,382,1.000,1.000,2,8,-0.2812,0.2295,0.3630,NO
capture_0002.pgm,33,665,254,21,22,22,0.2152,22.0,0.2152,338,1.000,1.000,2,6,-0.3046,0.2379,0.3865,NO
capture_0002.pgm,34,1079,256,23,23,23,0.2249,23.0,0.2249,388,1.000,1.000,2,10,-0.2578,0.2603,0.3663,NO
capture_0002.pgm,35,256,258,24,24,24,0.2347,24.0,0.2347,424,1.000,1.000,2,2,-0.3025,0.2743,0.4084,NO
capture_0002.pgm,36,459,258,24,23,24,0.2347,24.0,0.2347,421,1.000,1.000,2,4,-0.3182,0.2757,0.4211,NO
capture_0002.pgm,37,767,297,22,22,22,0.2152,22.0,0.2152,353,1.000,1.000,3,7,-0.3079,0.2256,0.3817,NO
capture_0002.pgm,38,973,298,21,22,22,0.2152,22.0,0.2152,338,1.000,1.000,3,9,-0.2942,0.2367,0.3777,NO
capture_0002.pgm,39,560,300,23,24,24,0.2347,24.0,0.2347,407,1.000,1.000,3,5,-0.3313,0.2536,0.4172,NO
capture_0002.pgm,40,360,301,22,23,23,0.2249,23.0,0.2249,375,1.000,1.000,3,3,-0.2862,0.2620,0.3880,NO
capture_0002.pgm,41,155,305,22,21,22,0.2152,22.0,0.2152,338,1.000,1.000,3,1,-0.2901,0.2997,0.4171,NO
capture_0002.pgm,42,1182,306,23,24,24,0.2347,24.0,0.2347,414,1.000,1.000,3,11,-0.2513,0.3164,0.4040,NO
capture_0002.pgm,43,52,321,24,22,24,0.2347,24.0,0.2347,397,1.000,1.000,3,0,-0.2972,0.0382,0.2996,NO
capture_0002.pgm,44,870,340,22,22,22,0.2152,22.0,0.2152,360,1.000,1.000,3,8,-0.3013,0.2295,0.3788,NO
capture_0002.pgm,45,462,341,23,22,23,0.2249,23.0,0.2249,375,1.000,1.000,3,4,-0.2895,0.2366,0.3739,NO
capture_0002.pgm,46,664,341,22,22,22,0.2152,22.0,0.2152,360,1.000,1.000,3,6,-0.3150,0.2379,0.3948,NO
capture_0002.pgm,47,255,342,23,22,23,0.2249,23.0,0.2249,375,1.000,1.000,3,2,-0.3129,0.2450,0.3974,NO
capture_0002.pgm,48,1076,343,23,23,23,0.2249,23.0,0.2249,391,1.000,1.000,3,10,-0.2877,0.2603,0.3880,NO
capture_0002.pgm,49,1177,385,22,22,22,0.2152,22.0,0.2152,353,1.000,1.000,4,11,-0.3007,0.2381,0.3836,NO
capture_0002.pgm,50,767,386,22,22,22,0.2152,22.0,0.2152,353,1.000,1.000,4,7,-0.3085,0.2452,0.3940,NO
capture_0002.pgm,51,559,387,23,23,23,0.2249,23.0,0.2249,383,1.000,1.000,4,5,-0.3417,0.2536,0.4255,NO
capture_0002.pgm,52,365,389,23,23,23,0.2249,23.0,0.2249,398,1.000,1.000,4,3,-0.2379,0.2717,0.3612,NO
capture_0002.pgm,53,975,390,23,23,23,0.2249,23.0,0.2249,398,1.000,1.000,4,9,-0.2753,0.2856,0.3967,NO
capture_0002.pgm,54,155,391,22,22,22,0.2152,22.0,0.2152,360,1.000,1.000,4,1,-0.2907,0.2899,0.4106,NO
capture_0002.pgm,55,56,410,23,23,23,0.2249,23.0,0.2249,405,1.000,1.000,4,0,-0.2587,0.0578,0.2650,NO
capture_0002.pgm,56,665,427,22,22,22,0.2152,22.0,0.2152,360,1.000,1.000,4,6,-0.3058,0.2282,0.3815,NO
capture_0002.pgm,57,869,427,23,22,23,0.2249,23.0,0.2249,375,1.000,1.000,4,8,-0.3117,0.2295,0.3871,NO
capture_0002.pgm,58,255,430,24,23,24,0.2347,24.0,0.2347,414,1.000,1.000,4,2,-0.3135,0.2548,0.4040,NO
capture_0002.pgm,59,1076,429,22,22,22,0.2152,22.0,0.2152,353,1.000,1.000,4,10,-0.2883,0.2505,0.3819,NO
capture_0002.pgm,60,465,432,23,23,23,0.2249,23.0,0.2249,398,1.000,1.000,4,4,-0.2607,0.2757,0.3795,NO
capture_0002.pgm,61,563,473,22,23,23,0.2249,23.0,0.2249,375,1.000,1.000,5,5,-0.3031,0.2438,0.3890,NO
capture_0002.pgm,62,765,473,23,24,24,0.2347,24.0,0.2347,403,1.000,1.000,5,7,-0.3286,0.2452,0.4100,NO
capture_0002.pgm,63,973,472,22,22,22,0.2152,22.0,0.2152,353,1.000,1.000,5,9,-0.2954,0.2367,0.3786,NO
capture_0002.pgm,64,360,475,23,22,23,0.2249,23.0,0.2249,368,1.000,1.000,5,3,-0.2874,0.2620,0.3889,NO
capture_0002.pgm,65,157,478,23,23,23,0.2249,23.0,0.2249,398,1.000,1.000,5,1,-0.2717,0.2899,0.3973,NO
capture_0002.pgm,66,1176,479,23,22,23,0.2249,23.0,0.2249,375,1.000,1.000,5,11,-0.3111,0.3066,0.4368,NO
capture_0002.pgm,67,57,495,24,23,24,0.2347,24.0,0.2347,414,1.000,1.000,5,0,-0.2495,0.0382,0.2524,NO
capture_0002.pgm,68,665,516,23,23,23,0.2249,23.0,0.2249,377,1.000,1.000,5,6,-0.3064,0.2477,0.3940,NO
capture_0002.pgm,69,463,517,23,24,24,0.2347,24.0,0.2347,407,1.000,1.000,5,4,-0.2809,0.2561,0.3801,NO
capture_0002.pgm,70,871,520,23,23,23,0.2249,23.0,0.2249,391,1.000,1.000,5,8,-0.2927,0.2882,0.4108,NO
capture_0002.pgm,71,253,521,23,23,23,0.2249,23.0,0.2249,388,1.000,1.000,5,2,-0.3336,0.2939,0.4446,NO
capture_0002.pgm,72,1077,522,23,23,23,0.2249,23.0,0.2249,391,1.000,1.000,5,10,-0.2791,0.3092,0.4165,NO
capture_0002.pgm,73,563,559,22,23,23,0.2249,23.0,0.2249,375,1.000,1.000,6,5,-0.3037,0.2340,0.3834,NO
capture_0002.pgm,74,363,559,25,23,25,0.2445,25.0,0.2445,420,1.000,1.000,6,3,-0.2587,0.2326,0.3479,NO
capture_0002.pgm,75,765,562,24,22,24,0.2347,24.0,0.2347,390,1.000,1.000,6,7,-0.3292,0.2647,0.4224,NO
capture_0002.pgm,76,152,563,23,23,23,0.2249,23.0,0.2249,388,1.000,1.000,6,1,-0.3212,0.2704,0.4198,NO
capture_0002.pgm,77,971,565,22,24,24,0.2347,24.0,0.2347,397,1.000,1.000,6,9,-0.3156,0.2954,0.4323,NO
capture_0002.pgm,78,1176,564,24,22,24,0.2347,24.0,0.2347,390,1.000,1.000,6,11,-0.3117,0.2870,0.4237,NO
capture_0002.pgm,79,53,581,23,22,23,0.2249,23.0,0.2249,372,1.000,1.000,6,0,-0.2892,0.0284,0.2906,NO
capture_0002.pgm,80,868,599,24,23,24,0.2347,24.0,0.2347,411,1.000,1.000,6,8,-0.3227,0.2100,0.3850,NO
capture_0002.pgm,81,464,603,23,23,23,0.2249,23.0,0.2249,398,1.000,1.000,6,4,-0.2717,0.2464,0.3667,NO
capture_0002.pgm,82,663,604,22,22,22,0.2152,22.0,0.2152,353,1.000,1.000,6,6,-0.3265,0.2575,0.4158,NO
capture_0002.pgm,83,1077,606,22,23,23,0.2249,23.0,0.2249,375,1.000,1.000,6,10,-0.2797,0.2798,0.3956,NO
capture_0002.pgm,84,259,609,23,23,23,0.2249,23.0,0.2249,384,1.000,1.000,6,2,-0.2755,0.3037,0.4100,NO
capture_0002.pgm,85,153,647,22,23,23,0.2249,23.0,0.2249,375,1.000,1.000,7,1,-0.3120,0.2410,0.3943,NO
capture_0002.pgm,86,1175,647,22,23,23,0.2249,23.0,0.2249,375,1.000,1.000,7,11,-0.3221,0.2479,0.4064,NO
capture_0002.pgm,87,360,647,22,22,22,0.2152,22.0,0.2152,360,1.000,1.000,7,3,-0.2886,0.2424,0.3769,NO
capture_0002.pgm,88,768,649,22,22,22,0.2152,22.0,0.2152,353,1.000,1.000,7,7,-0.3004,0.2647,0.4004,NO
capture_0002.pgm,89,973,650,22,23,23,0.2249,23.0,0.2249,382,1.000,1.000,7,9,-0.2966,0.2759,0.4050,NO
capture_0002.pgm,90,562,652,22,22,22,0.2152,22.0,0.2152,360,1.000,1.000,7,5,-0.3141,0.2927,0.4293,NO
capture_0002.pgm,91,53,667,23,22,23,0.2249,23.0,0.2249,368,1.000,1.000,7,0,-0.2898,0.0187,0.2904,NO
capture_0002.pgm,92,465,690,24,24,24,0.2347,24.0,0.2347,424,1.000,1.000,7,4,-0.2625,0.2464,0.3600,NO
capture_0002.pgm,93,1074,690,23,22,23,0.2249,23.0,0.2249,375,1.000,1.000,7,10,-0.3096,0.2505,0.3982,NO
capture_0002.pgm,94,256,691,24,23,24,0.2347,24.0,0.2347,407,1.000,1.000,7,2,-0.3055,0.2548,0.3978,NO
capture_0002.pgm,95,673,692,24,23,24,0.2347,24.0,0.2347,414,1.000,1.000,7,6,-0.2293,0.2673,0.3522,NO
capture_0002.pgm,96,867,692,24,23,24,0.2347,24.0,0.2347,406,1.000,1.000,7,8,-0.3330,0.2687,0.4279,NO
capture_0002.pgm,97,1174,733,22,23,23,0.2249,23.0,0.2249,368,1.000,1.000,8,11,-0.3324,0.2381,0.4089,NO
capture_0002.pgm,98,767,734,22,23,23,0.2249,23.0,0.2249,368,1.000,1.000,8,7,-0.3108,0.2452,0.3958,NO
capture_0002.pgm,99,972,733,22,22,22,0.2152,22.0,0.2152,353,1.000,1.000,8,9,-0.3069,0.2368,0.3876,NO
capture_0002.pgm,100,152,735,22,22,22,0.2152,22.0,0.2152,360,1.000,1.000,8,1,-0.3224,0.2508,0.4084,NO
capture_0002.pgm,101,562,735,22,22,22,0.2152,22.0,0.2152,353,1.000,1.000,8,5,-0.3147,0.2536,0.4041,NO
capture_0002.pgm,102,356,740,22,22,22,0.2152,22.0,0.2152,360,1.000,1.000,8,3,-0.3283,0.3011,0.4454,NO
capture_0002.pgm,103,52,755,23,23,23,0.2249,23.0,0.2249,377,1.000,1.000,8,0,-0.3001,0.0284,0.3015,NO
capture_0002.pgm,104,866,774,24,23,24,0.2347,24.0,0.2347,407,1.000,1.000,8,8,-0.3434,0.2198,0.4077,NO
capture_0002.pgm,105,1074,776,22,22,22,0.2152,22.0,0.2152,360,1.000,1.000,8,10,-0.3102,0.2407,0.3926,NO
capture_0002.pgm,106,258,778,23,23,23,0.2249,23.0,0.2249,377,1.000,1.000,8,2,-0.2865,0.2548,0.3834,NO
capture_0002.pgm,107,461,777,22,22,22,0.2152,22.0,0.2152,360,1.000,1.000,8,4,-0.3022,0.2464,0.3899,NO
capture_0002.pgm,108,667,782,22,23,23,0.2249,23.0,0.2249,382,1.000,1.000,8,6,-0.2886,0.2966,0.4138,NO
capture_0002.pgm,109,767,822,23,22,23,0.2249,23.0,0.2249,368,1.000,1.000,9,7,-0.3114,0.2549,0.4024,NO
capture_0002.pgm,110,970,822,22,23,23,0.2249,23.0,0.2249,375,1.000,1.000,9,9,-0.3271,0.2563,0.4155,NO
capture_0002.pgm,111,1174,823,24,23,24,0.2347,24.0,0.2347,403,1.000,1.000,9,11,-0.3330,0.2675,0.4271,NO
capture_0002.pgm,112,153,824,22,24,24,0.2347,24.0,0.2347,397,1.000,1.000,9,1,-0.3132,0.2704,0.4137,NO
capture_0002.pgm,113,359,825,23,23,23,0.2249,23.0,0.2249,391,1.000,1.000,9,3,-0.2995,0.2815,0.4111,NO
capture_0002.pgm,114,562,829,23,23,23,0.2249,23.0,0.2249,405,1.000,1.000,9,5,-0.3152,0.3220,0.4506,NO
capture_0002.pgm,115,53,844,24,24,24,0.2347,24.0,0.2347,428,1.000,1.000,9,0,-0.2909,0.0480,0.2949,NO
capture_0002.pgm,116,871,862,22,23,23,0.2249,23.0,0.2249,382,1.000,1.000,9,8,-0.2951,0.2295,0.3738,NO
capture_0002.pgm,117,461,865,22,23,23,0.2249,23.0,0.2249,382,1.000,1.000,9,4,-0.3028,0.2561,0.3966,NO
capture_0002.pgm,118,254,865,24,23,24,0.2347,24.0,0.2347,407,1.000,1.000,9,2,-0.3262,0.2548,0.4139,NO
capture_0002.pgm,119,668,866,24,23,24,0.2347,24.0,0.2347,400,1.000,1.000,9,6,-0.2794,0.2673,0.3866,NO
capture_0002.pgm,120,1075,866,23,24,24,0.2347,24.0,0.2347,414,1.000,1.000,9,10,-0.3010,0.2700,0.4044,NO
capture_0002.pgm,121,971,907,23,24,24,0.2347,24.0,0.2347,411,1.000,1.000,10,9,-0.3179,0.2368,0.3964,NO
capture_0002.pgm,122,1175,908,24,23,24,0.2347,24.0,0.2347,421,1.000,1.000,10,11,-0.3238,0.2479,0.4078,NO
capture_0002.pgm,123,562,908,23,22,23,0.2249,23.0,0.2249,382,1.000,1.000,10,5,-0.3158,0.2438,0.3990,NO
capture_0002.pgm,124,358,915,22,22,22,0.2152,22.0,0.2152,360,1.000,1.000,10,3,-0.3099,0.3109,0.4389,NO
capture_0002.pgm,125,157,917,24,24,24,0.2347,24.0,0.2347,423,1.000,1.000,10,1,-0.2746,0.3291,0.4286,NO
capture_0002.pgm,126,768,917,23,22,23,0.2249,23.0,0.2249,375,1.000,1.000,10,7,-0.3022,0.3332,0.4498,NO
capture_0002.pgm,127,53,934,25,24,25,0.2445,25.0,0.2445,431,1.000,1.000,10,0,-0.2915,0.0773,0.3016,NO
capture_0002.pgm,128,257,951,23,24,24,0.2347,24.0,0.2347,411,1.000,1.000,10,2,-0.2974,0.2450,0.3853,NO
capture_0002.pgm,129,666,952,23,23,23,0.2249,23.0,0.2249,391,1.000,1.000,10,6,-0.2995,0.2575,0.3950,NO
capture_0002.pgm,130,869,952,24,24,24,0.2347,24.0,0.2347,421,1.000,1.000,10,8,-0.3152,0.2589,0.4079,NO
capture_0002.pgm,131,1076,953,23,24,24,0.2347,24.0,0.2347,414,1.000,1.000,10,10,-0.2918,0.2700,0.3976,NO
capture_0002.pgm,132,465,956,25,24,25,0.2445,25.0,0.2445,451,1.000,1.000,10,4,-0.2642,0.2953,0.3962,NO
capture_0002.pgm,133,562,995,22,22,22,0.2152,22.0,0.2152,360,1.000,1.000,11,5,-0.3164,0.2438,0.3994,NO
capture_0002.pgm,134,358,997,22,22,22,0.2152,22.0,0.2152,346,1.000,1.000,11,3,-0.3105,0.2620,0.4062,NO
capture_0002.pgm,135,972,998,24,24,24,0.2347,24.0,0.2347,438,1.000,1.000,11,9,-0.3087,0.2759,0.4140,NO
capture_0002.pgm,136,769,999,22,24,24,0.2347,24.0,0.2347,397,1.000,1.000,11,7,-0.2930,0.2843,0.4082,NO
capture_0002.pgm,137,1177,998,22,22,22,0.2152,22.0,0.2152,353,1.000,1.000,11,11,-0.3048,0.2772,0.4121,NO
capture_0002.pgm,138,153,1000,23,22,23,0.2249,23.0,0.2249,372,1.000,1.000,11,1,-0.3143,0.2899,0.4276,NO
capture_0002.pgm,SUMMARY,,,,,,,,,,,,,,,,,
capture_0002.pgm,Count,138,,,,,,,,,,,,,,,
capture_0002.pgm,Missed,0,,,,,,,,,,,,,,,
capture_0002.pgm,Mean,,,,,,,,0.2252,,,,,,,,
capture_0002.pgm,Median,,,,,,,,0.2249,,,,,,,,
capture_0002.pgm,StdDev,,,,,,,,0.0083,,,,,,,,
capture_0002.pgm,Min,,,,,,,,0.2054,,,,,,,,
capture_0002.pgm,Max,,,,,,,,0.2445,,,,,,,,
capture_0003.pgm,1,1074,11,23,23,23,0.2249,23.0,0.2249,384,1.000,1.000,-1,10,-0.3049,0.4167,0.5164,NO
capture_0003.pgm,2,253,14,25,24,25,0.2445,25.0,0.2445,449,1.000,1.000,0,2,-0.3307,-0.4103,0.5270,NO
capture_0003.pgm,3,668,14,24,24,24,0.2347,24.0,0.2347,431,1.000,1.000,0,6,-0.2741,-0.4075,0.4911,NO
capture_0003.pgm,4,1174,54,22,24,24,0.2347,24.0,0.2347,390,1.000,1.000,0,11,-0.3278,0.4044,0.5205,NO
capture_0003.pgm,5,562,56,22,24,24,0.2347,24.0,0.2347,397,1.000,1.000,0,5,-0.3100,0.4198,0.5219,NO
capture_0003.pgm,6,971,56,22,23,23,0.2249,23.0,0.2249,368,1.000,1.000,0,9,-0.3120,0.4226,0.5253,NO
capture_0003.pgm,7,152,57,23,23,23,0.2249,23.0,0.2249,398,1.000,1.000,1,1,-0.3183,-0.4240,0.5302,NO
capture_0003.pgm,8,766,59,24,23,24,0.2347,24.0,0.2347,403,1.000,1.000,1,7,-0.3165,-0.4003,0.5103,NO
capture_0003.pgm,9,354,60,23,23,23,0.2249,23.0,0.2249,390,1.000,1.000,1,3,-0.3438,-0.3933,0.5223,NO
capture_0003.pgm,10,52,79,23,22,23,0.2249,23.0,0.2249,375,1.000,1.000,0,0,-0.2954,0.2240,0.3708,NO
capture_0003.pgm,11,867,94,24,23,24,0.2347,24.0,0.2347,398,1.000,1.000,0,8,-0.3289,0.3762,0.4998,NO
capture_0003.pgm,12,458,97,22,22,22,0.2152,22.0,0.2152,353,1.000,1.000,0,4,-0.3269,0.4028,0.5188,NO
capture_0003.pgm,13,665,98,23,23,23,0.2249,23.0,0.2249,391,1.000,1.000,0,6,-0.3034,0.4140,0.5133,NO
capture_0003.pgm,14,252,98,24,22,24,0.2347,24.0,0.2347,390,1.000,1.000,0,2,-0.3405,0.4112,0.5339,NO
capture_0003.pgm,15,1074,99,22,24,24,0.2347,24.0,0.2347,390,1.000,1.000,1,10,-0.3061,-0.4243,0.5232,NO
capture_0003.pgm,16,563,141,21,21,21,0.2054,21.0,0.2054,317,1.000,1.000,1,5,-0.3008,0.4003,0.5007,NO
capture_0003.pgm,17,971,141,22,22,22,0.2152,22.0,0.2152,353,1.000,1.000,1,9,-0.3126,0.4030,0.5101,NO
capture_0003.pgm,18,1177,142,21,21,21,0.2054,21.0,0.2054,317,1.000,1.000,1,11,-0.2990,0.4142,0.5108,NO
capture_0003.pgm,19,767,145,23,24,24,0.2347,24.0,0.2347,407,1.000,1.000,2,7,-0.3073,-0.4101,0.5125,NO
capture_0003.pgm,20,151,146,23,22,23,0.2249,23.0,0.2249,375,1.000,1.000,2,1,-0.3286,-0.4044,0.5211,NO
capture_0003.pgm,21,355,150,23,24,24,0.2347,24.0,0.2347,406,1.000,1.000,2,3,-0.3346,-0.3640,0.4944,NO
capture_0003.pgm,22,51,166,22,21,22,0.2152,22.0,0.2152,338,1.000,1.000,1,0,-0.3058,0.2240,0.3791,NO
capture_0003.pgm,23,663,185,22,22,22,0.2152,22.0,0.2152,353,1.000,1.000,1,6,-0.3236,0.4140,0.5254,NO
capture_0003.pgm,24,873,185,22,22,22,0.2152,22.0,0.2152,353,1.000,1.000,1,8,-0.2708,0.4154,0.4959,NO
capture_0003.pgm,25,255,186,23,22,23,0.2249,23.0,0.2249,368,1.000,1.000,1,2,-0.3117,0.4210,0.5239,NO
capture_0003.pgm,26,460,186,21,22,22,0.2152,22.0,0.2152,338,1.000,1.000,1,4,-0.3079,0.4224,0.5227,NO
capture_0003.pgm,27,1075,187,23,23,23,0.2249,23.0,0.2249,391,1.000,1.000,2,10,-0.2969,-0.4146,0.5099,NO
capture_0003.pgm,28,968,227,22,21,22,0.2152,22.0,0.2152,338,1.000,1.000,2,9,-0.3426,0.3932,0.5215,NO
capture_0003.pgm,29,768,229,23,23,23,0.2249,23.0,0.2249,390,1.000,1.000,2,7,-0.2975,0.4114,0.5077,NO
capture_0003.pgm,30,1176,228,21,21,21,0.2054,21.0,0.2054,317,1.000,1.000,2,11,-0.3094,0.4044,0.5091,NO
capture_0003.pgm,31,563,230,22,23,23,0.2249,23.0,0.2249,375,1.000,1.000,2,5,-0.3014,0.4198,0.5168,NO
capture_0003.pgm,32,355,231,22,22,22,0.2152,22.0,0.2152,360,1.000,1.000,3,3,-0.3351,-0.4226,0.5394,NO
capture_0003.pgm,33,151,233,23,22,23,0.2249,23.0,0.2249,375,1.000,1.000,3,1,-0.3292,-0.4044,0.5215,NO
capture_0003.pgm,34,52,251,22,22,22,0.2152,22.0,0.2152,353,1.000,1.000,2,0,-0.2966,0.2045,0.3603,NO
capture_0003.pgm,35,1073,270,22,22,22,0.2152,22.0,0.2152,353,1.000,1.000,2,10,-0.3165,0.3972,0.5078,NO
capture_0003.pgm,36,255,272,23,22,23,0.2249,23.0,0.2249,375,1.000,1.000,2,2,-0.3123,0.4112,0.5164,NO
capture_0003.pgm,37,459,272,23,22,23,0.2249,23.0,0.2249,375,1.000,1.000,2,4,-0.3182,0.4126,0.5211,NO
capture_0003.pgm,38,874,272,22,22,22,0.2152,22.0,0.2152,360,1.000,1.000,2,8,-0.2616,0.4154,0.4909,NO
capture_0003.pgm,39,663,275,23,23,23,0.2249,23.0,0.2249,388,1.000,1.000,3,6,-0.3248,-0.4075,0.5211,NO
capture_0003.pgm,40,768,315,22,22,22,0.2152,22.0,0.2152,353,1.000,1.000,3,7,-0.2981,0.4016,0.5002,NO
capture_0003.pgm,41,972,316,23,23,23,0.2249,23.0,0.2249,388,1.000,1.000,3,9,-0.3040,0.4128,0.5127,NO
capture_0003.pgm,42,1176,316,22,23,23,0.2249,23.0,0.2249,372,1.000,1.000,3,11,-0.3099,0.4142,0.5173,NO
capture_0003.pgm,43,152,319,24,24,24,0.2347,24.0,0.2347,422,1.000,1.000,4,1,-0.3200,-0.4142,0.5234,NO
capture_0003.pgm,44,356,319,23,22,23,0.2249,23.0,0.2249,375,1.000,1.000,4,3,-0.3259,-0.4129,0.5260,NO
capture_0003.pgm,45,570,324,24,24,24,0.2347,24.0,0.2347,428,1.000,1.000,4,5,-0.2341,-0.3626,0.4316,NO
capture_0003.pgm,46,53,338,24,22,24,0.2347,24.0,0.2347,387,1.000,1.000,3,0,-0.2874,0.2045,0.3527,NO
capture_0003.pgm,47,458,356,22,22,22,0.2152,22.0,0.2152,353,1.000,1.000,3,4,-0.3286,0.3833,0.5049,NO
capture_0003.pgm,48,1074,358,23,22,23,0.2249,23.0,0.2249,368,1.000,1.000,3,10,-0.3073,0.4070,0.5099,NO
capture_0003.pgm,49,665,360,23,23,23,0.2249,23.0,0.2249,391,1.000,1.000,3,6,-0.3052,0.4238,0.5222,NO
capture_0003.pgm,50,870,360,23,23,23,0.2249,23.0,0.2249,398,1.000,1.000,3,8,-0.3013,0.4251,0.5211,NO
capture_0003.pgm,51,254,360,23,23,23,0.2249,23.0,0.2249,391,1.000,1.000,3,2,-0.3227,0.4210,0.5305,NO
capture_0003.pgm,52,1174,402,22,22,22,0.2152,22.0,0.2152,353,1.000,1.000,4,11,-0.3301,0.4044,0.5220,NO
capture_0003.pgm,53,972,403,21,21,21,0.2054,21.0,0.2054,317,1.000,1.000,4,9,-0.3046,0.4128,0.5130,NO
capture_0003.pgm,54,768,405,22,22,22,0.2152,22.0,0.2152,353,1.000,1.000,5,7,-0.2993,-0.4199,0.5156,NO
capture_0003.pgm,55,561,407,23,22,23,0.2249,23.0,0.2249,375,1.000,1.000,5,5,-0.3227,-0.4017,0.5152,NO
capture_0003.pgm,56,356,408,22,22,22,0.2152,22.0,0.2152,353,1.000,1.000,5,3,-0.3265,-0.3933,0.5112,NO
capture_0003.pgm,57,153,409,22,22,22,0.2152,22.0,0.2152,360,1.000,1.000,5,1,-0.3108,-0.3849,0.4947,NO
capture_0003.pgm,58,52,426,23,23,23,0.2249,23.0,0.2249,391,1.000,1.000,4,0,-0.2978,0.2143,0.3669,NO
capture_0003.pgm,59,459,447,22,23,23,0.2249,23.0,0.2249,368,1.000,1.000,4,4,-0.3194,0.4224,0.5296,NO
capture_0003.pgm,60,253,447,23,22,23,0.2249,23.0,0.2249,375,1.000,1.000,4,2,-0.3331,0.4210,0.5368,NO
capture_0003.pgm,61,663,447,22,21,22,0.2152,22.0,0.2152,338,1.000,1.000,4,6,-0.3253,0.4238,0.5343,NO
capture_0003.pgm,62,869,447,23,21,23,0.2249,23.0,0.2249,359,1.000,1.000,4,8,-0.3117,0.4251,0.5272,NO
capture_0003.pgm,63,1072,447,22,22,22,0.2152,22.0,0.2152,353,1.000,1.000,5,10,-0.3280,-0.4243,0.5363,NO
capture_0003.pgm,64,970,487,23,22,23,0.2249,23.0,0.2249,382,1.000,1.000,5,9,-0.3247,0.3834,0.5025,NO
capture_0003.pgm,65,562,492,23,23,23,0.2249,23.0,0.2249,391,1.000,1.000,6,5,-0.3135,-0.4213,0.5251,NO
capture_0003.pgm,66,768,491,22,22,22,0.2152,22.0,0.2152,353,1.000,1.000,5,7,-0.2993,0.4212,0.5167,NO
capture_0003.pgm,67,156,493,23,23,23,0.2249,23.0,0.2249,388,1.000,1.000,6,1,-0.2821,-0.4142,0.5011,NO
capture_0003.pgm,68,356,493,22,22,22,0.2152,22.0,0.2152,360,1.000,1.000,6,3,-0.3271,-0.4129,0.5267,NO
capture_0003.pgm,69,1177,493,23,22,23,0.2249,23.0,0.2249,375,1.000,1.000,6,11,-0.3019,-0.4074,0.5070,NO
capture_0003.pgm,70,49,512,24,22,24,0.2347,24.0,0.2347,390,1.000,1.000,5,0,-0.3277,0.2045,0.3863,NO
capture_0003.pgm,71,462,532,23,22,23,0.2249,23.0,0.2249,368,1.000,1.000,5,4,-0.2907,0.4028,0.4967,NO
capture_0003.pgm,72,1073,532,22,23,23,0.2249,23.0,0.2249,375,1.000,1.000,5,10,-0.3182,0.4070,0.5166,NO
capture_0003.pgm,73,870,534,23,22,23,0.2249,23.0,0.2249,375,1.000,1.000,5,8,-0.3025,0.4251,0.5218,NO
capture_0003.pgm,74,661,537,23,24,24,0.2347,24.0,0.2347,403,1.000,1.000,6,6,-0.3461,-0.3977,0.5272,NO
capture_0003.pgm,75,258,537,23,22,23,0.2249,23.0,0.2249,382,1.000,1.000,6,2,-0.2853,-0.4005,0.4917,NO
capture_0003.pgm,76,1177,576,22,23,23,0.2249,23.0,0.2249,375,1.000,1.000,6,11,-0.3019,0.4044,0.5047,NO
capture_0003.pgm,77,971,577,23,23,23,0.2249,23.0,0.2249,383,1.000,1.000,6,9,-0.3156,0.4128,0.5196,NO
capture_0003.pgm,78,771,581,23,23,23,0.2249,23.0,0.2249,391,1.000,1.000,7,7,-0.2711,-0.4003,0.4835,NO
capture_0003.pgm,79,567,583,23,23,23,0.2249,23.0,0.2249,388,1.000,1.000,7,5,-0.2652,-0.3821,0.4651,NO
capture_0003.pgm,80,151,583,23,22,23,0.2249,23.0,0.2249,375,1.000,1.000,7,1,-0.3316,-0.3849,0.5080,NO
capture_0003.pgm,81,357,586,23,23,23,0.2249,23.0,0.2249,398,1.000,1.000,7,3,-0.3179,-0.3542,0.4759,NO
capture_0003.pgm,82,48,598,23,22,23,0.2249,23.0,0.2249,368,1.000,1.000,6,0,-0.3381,0.1947,0.3901,NO
capture_0003.pgm,83,868,618,24,23,24,0.2347,24.0,0.2347,414,1.000,1.000,6,8,-0.3227,0.3958,0.5107,NO
capture_0003.pgm,84,460,619,23,23,23,0.2249,23.0,0.2249,384,1.000,1.000,6,4,-0.3108,0.4028,0.5088,NO
capture_0003.pgm,85,1074,619,22,22,22,0.2152,22.0,0.2152,360,1.000,1.000,6,10,-0.3090,0.4070,0.5110,NO
capture_0003.pgm,86,251,623,23,23,23,0.2249,23.0,0.2249,398,1.000,1.000,7,2,-0.3544,-0.4103,0.5421,NO
capture_0003.pgm,87,664,625,24,25,25,0.2445,25.0,0.2445,451,1.000,1.000,7,6,-0.3173,-0.3880,0.5012,NO
capture_0003.pgm,88,562,664,23,22,23,0.2249,23.0,0.2249,382,1.000,1.000,7,5,-0.3141,0.4100,0.5165,NO
capture_0003.pgm,89,970,666,24,23,24,0.2347,24.0,0.2347,421,1.000,1.000,8,9,-0.3265,-0.4185,0.5308,NO
capture_0003.pgm,90,1179,667,22,24,24,0.2347,24.0,0.2347,390,1.000,1.000,8,11,-0.2835,-0.4074,0.4963,NO
capture_0003.pgm,91,152,667,23,22,23,0.2249,23.0,0.2249,375,1.000,1.000,8,1,-0.3224,-0.4142,0.5249,NO
capture_0003.pgm,92,776,668,23,25,25,0.2445,25.0,0.2445,427,1.000,1.000,8,7,-0.2228,-0.4003,0.4581,NO
capture_0003.pgm,93,359,669,22,23,23,0.2249,23.0,0.2249,375,1.000,1.000,8,3,-0.2989,-0.3933,0.4940,NO
capture_0003.pgm,94,50,687,24,24,24,0.2347,24.0,0.2347,416,1.000,1.000,7,0,-0.3191,0.2143,0.3844,NO
capture_0003.pgm,95,869,705,24,23,24,0.2347,24.0,0.2347,400,1.000,1.000,7,8,-0.3135,0.3958,0.5049,NO
capture_0003.pgm,96,664,706,23,23,23,0.2249,23.0,0.2249,398,1.000,1.000,7,6,-0.3173,0.4042,0.5139,NO
capture_0003.pgm,97,458,707,24,23,24,0.2347,24.0,0.2347,400,1.000,1.000,7,4,-0.3310,0.4126,0.5289,NO
capture_0003.pgm,98,1075,708,23,24,24,0.2347,24.0,0.2347,407,1.000,1.000,8,10,-0.3004,-0.4243,0.5199,NO
capture_0003.pgm,99,259,710,23,24,24,0.2347,24.0,0.2347,400,1.000,1.000,8,2,-0.2767,-0.4103,0.4949,NO
capture_0003.pgm,100,356,751,22,23,23,0.2249,23.0,0.2249,382,1.000,1.000,8,3,-0.3283,0.4087,0.5242,NO
capture_0003.pgm,101,1173,750,22,22,22,0.2152,22.0,0.2152,360,1.000,1.000,8,11,-0.3422,0.4044,0.5297,NO
capture_0003.pgm,102,561,751,22,22,22,0.2152,22.0,0.2152,353,1.000,1.000,8,5,-0.3244,0.4100,0.5229,NO
capture_0003.pgm,103,972,752,22,24,24,0.2347,24.0,0.2347,387,1.000,1.000,8,9,-0.3069,0.4226,0.5223,NO
capture_0003.pgm,104,767,753,22,22,22,0.2152,22.0,0.2152,353,1.000,1.000,9,7,-0.3114,-0.4199,0.5227,NO
capture_0003.pgm,105,156,757,24,24,24,0.2347,24.0,0.2347,435,1.000,1.000,9,1,-0.2838,-0.3849,0.4782,NO
capture_0003.pgm,106,52,776,23,24,24,0.2347,24.0,0.2347,414,1.000,1.000,8,0,-0.3001,0.2338,0.3805,NO
capture_0003.pgm,107,462,793,23,23,23,0.2249,23.0,0.2249,398,1.000,1.000,8,4,-0.2924,0.4028,0.4978,NO
capture_0003.pgm,108,256,794,24,22,24,0.2347,24.0,0.2347,387,1.000,1.000,8,2,-0.3061,0.4112,0.5126,NO
capture_0003.pgm,109,663,794,22,22,22,0.2152,22.0,0.2152,360,1.000,1.000,8,6,-0.3277,0.4140,0.5280,NO
capture_0003.pgm,110,1072,794,23,22,23,0.2249,23.0,0.2249,382,1.000,1.000,8,10,-0.3298,0.4167,0.5314,NO
capture_0003.pgm,111,873,797,24,25,25,0.2445,25.0,0.2445,432,1.000,1.000,9,8,-0.2755,-0.4061,0.4908,NO
capture_0003.pgm,112,1175,837,22,23,23,0.2249,23.0,0.2249,375,1.000,1.000,9,11,-0.3232,0.4044,0.5177,NO
capture_0003.pgm,113,972,837,24,22,24,0.2347,24.0,0.2347,397,1.000,1.000,9,9,-0.3075,0.4030,0.5069,NO
capture_0003.pgm,114,354,841,23,23,23,0.2249,23.0,0.2249,391,1.000,1.000,10,3,-0.3490,-0.4129,0.5406,NO
capture_0003.pgm,115,559,843,24,25,25,0.2445,25.0,0.2445,447,1.000,1.000,10,5,-0.3452,-0.3919,0.5222,NO
capture_0003.pgm,116,156,843,23,23,23,0.2249,23.0,0.2249,398,1.000,1.000,10,1,-0.2844,-0.3947,0.4865,NO
capture_0003.pgm,117,769,842,22,22,22,0.2152,22.0,0.2152,353,1.000,1.000,10,7,-0.2924,-0.4003,0.4957,NO
capture_0003.pgm,118,51,859,23,22,23,0.2249,23.0,0.2249,382,1.000,1.000,9,0,-0.3105,0.1947,0.3665,NO
capture_0003.pgm,119,257,880,23,22,23,0.2249,23.0,0.2249,382,1.000,1.000,9,2,-0.2969,0.4015,0.4993,NO
capture_0003.pgm,120,868,881,23,22,23,0.2249,23.0,0.2249,382,1.000,1.000,9,8,-0.3244,0.4154,0.5270,NO
capture_0003.pgm,121,664,883,22,23,23,0.2249,23.0,0.2249,368,1.000,1.000,10,6,-0.3191,-0.4173,0.5253,NO
capture_0003.pgm,122,466,886,24,26,26,0.2543,26.0,0.2543,471,1.000,1.000,10,4,-0.2545,-0.3893,0.4651,NO
capture_0003.pgm,123,1077,884,22,22,22,0.2152,22.0,0.2152,360,1.000,1.000,10,10,-0.2820,-0.4048,0.4933,NO
capture_0003.pgm,124,768,926,22,24,24,0.2347,24.0,0.2347,390,1.000,1.000,10,7,-0.3022,0.4212,0.5184,NO
capture_0003.pgm,125,1176,925,22,22,22,0.2152,22.0,0.2152,353,1.000,1.000,10,11,-0.3140,0.4142,0.5198,NO
capture_0003.pgm,126,153,928,24,23,24,0.2347,24.0,0.2347,407,1.000,1.000,11,1,-0.3143,-0.4142,0.5200,NO
capture_0003.pgm,127,559,928,24,25,25,0.2445,25.0,0.2445,445,1.000,1.000,11,5,-0.3457,-0.4115,0.5374,NO
capture_0003.pgm,128,356,928,24,22,24,0.2347,24.0,0.2347,397,1.000,1.000,11,3,-0.3300,-0.4128,0.5286,NO
capture_0003.pgm,129,973,930,23,24,24,0.2347,24.0,0.2347,411,1.000,1.000,11,9,-0.2989,-0.3892,0.4907,NO
capture_0003.pgm,130,52,948,24,23,24,0.2347,24.0,0.2347,421,1.000,1.000,10,0,-0.3013,0.2143,0.3697,NO
capture_0003.pgm,131,871,967,23,25,25,0.2445,25.0,0.2445,424,1.000,1.000,10,8,-0.2957,0.4056,0.5019,NO
capture_0003.pgm,132,254,968,25,23,25,0.2445,25.0,0.2445,427,1.000,1.000,10,2,-0.3268,0.4112,0.5253,NO
capture_0003.pgm,133,461,969,23,24,24,0.2347,24.0,0.2347,411,1.000,1.000,10,4,-0.3034,0.4224,0.5200,NO
capture_0003.pgm,134,664,970,23,26,26,0.2543,26.0,0.2543,450,1.000,1.000,11,6,-0.3197,-0.4173,0.5257,NO
capture_0003.pgm,135,1075,971,24,23,24,0.2347,24.0,0.2347,400,1.000,1.000,11,10,-0.3022,-0.4048,0.5051,NO
capture_0003.pgm,SUMMARY,,,,,,,,,,,,,,,,,
capture_0003.pgm,Count,135,,,,,,,,,,,,,,,
capture_0003.pgm,Missed,21,,,,,,,,,,,,,,,
capture_0003.pgm,Mean,,,,,,,,0.2263,,,,,,,,
capture_0003.pgm,Median,,,,,,,,0.2249,,,,,,,,
capture_0003.pgm,StdDev,,,,,,,,0.0095,,,,,,,,
capture_0003.pgm,Min,,,,,,,,0.2054,,,,,,,,
capture_0003.pgm,Max,,,,,,,,0.2543,,,,,,,,
capture_0004.pgm,1,252,26,23,24,24,0.2347,24.0,0.2347,406,1.000,1.000,0,2,-0.3405,-0.2929,0.4492,NO
capture_0004.pgm,2,458,26,23,22,23,0.2249,23.0,0.2249,368,1.000,1.000,0,4,-0.3269,-0.2915,0.4380,NO
capture_0004.pgm,3,874,28,23,24,24,0.2347,24.0,0.2347,403,1.000,1.000,0,8,-0.2605,-0.2692,0.3746,NO
capture_0004.pgm,4,1074,28,22,22,22,0.2152,22.0,0.2152,353,1.000,1.000,0,10,-0.3055,-0.2679,0.4063,NO
capture_0004.pgm,5,663,34,24,24,24,0.2347,24.0,0.2347,438,1.000,1.000,0,6,-0.3230,-0.2119,0.3863,NO
capture_0004.pgm,6,765,72,22,23,23,0.2249,23.0,0.2249,368,1.000,1.000,1,7,-0.3263,-0.2732,0.4255,NO
capture_0004.pgm,7,150,72,24,22,24,0.2347,24.0,0.2347,390,1.000,1.000,1,1,-0.3378,-0.2773,0.4371,NO
capture_0004.pgm,8,972,72,22,23,23,0.2249,23.0,0.2249,375,1.000,1.000,1,9,-0.3029,-0.2718,0.4069,NO
capture_0004.pgm,9,564,74,24,24,24,0.2347,24.0,0.2347,416,1.000,1.000,1,5,-0.2910,-0.2550,0.3869,NO
capture_0004.pgm,10,1174,73,22,23,23,0.2249,23.0,0.2249,375,1.000,1.000,1,11,-0.3283,-0.2607,0.4192,NO
capture_0004.pgm,11,356,77,24,24,24,0.2347,24.0,0.2347,435,1.000,1.000,1,3,-0.3242,-0.2270,0.3958,NO
capture_0004.pgm,12,50,94,22,21,22,0.2152,22.0,0.2152,338,1.000,1.000,0,0,-0.3150,0.3707,0.4865,NO
capture_0004.pgm,13,1072,114,23,24,24,0.2347,24.0,0.2347,403,1.000,1.000,1,10,-0.3257,-0.2776,0.4279,NO
capture_0004.pgm,14,254,117,23,22,23,0.2249,23.0,0.2249,375,1.000,1.000,1,2,-0.3215,-0.2538,0.4096,NO
capture_0004.pgm,15,457,117,22,21,22,0.2152,22.0,0.2152,338,1.000,1.000,1,4,-0.3372,-0.2524,0.4212,NO
capture_0004.pgm,16,664,117,22,22,22,0.2152,22.0,0.2152,353,1.000,1.000,1,6,-0.3138,-0.2510,0.4019,NO
capture_0004.pgm,17,870,117,22,22,22,0.2152,22.0,0.2152,353,1.000,1.000,1,8,-0.3002,-0.2497,0.3904,NO
capture_0004.pgm,18,149,158,24,23,24,0.2347,24.0,0.2347,406,1.000,1.000,2,1,-0.3482,-0.2871,0.4513,NO
capture_0004.pgm,19,562,159,22,22,22,0.2152,22.0,0.2152,353,1.000,1.000,2,5,-0.3111,-0.2746,0.4150,NO
capture_0004.pgm,20,356,160,22,22,22,0.2152,22.0,0.2152,353,1.000,1.000,2,3,-0.3248,-0.2662,0.4199,NO
capture_0004.pgm,21,769,161,23,22,23,0.2249,23.0,0.2249,368,1.000,1.000,2,7,-0.2877,-0.2536,0.3836,NO
capture_0004.pgm,22,970,161,22,21,22,0.2152,22.0,0.2152,338,1.000,1.000,2,9,-0.3230,-0.2522,0.4098,NO
capture_0004.pgm,23,1171,162,23,23,23,0.2249,23.0,0.2249,391,1.000,1.000,2,11,-0.3583,-0.2411,0.4318,NO
capture_0004.pgm,24,52,178,21,23,23,0.2249,23.0,0.2249,359,1.000,1.000,1,0,-0.2960,0.3414,0.4519,NO
capture_0004.pgm,25,458,202,23,22,23,0.2249,23.0,0.2249,368,1.000,1.000,2,4,-0.3280,-0.2720,0.4261,NO
capture_0004.pgm,26,253,204,23,22,23,0.2249,23.0,0.2249,382,1.000,1.000,2,2,-0.3319,-0.2538,0.4178,NO
capture_0004.pgm,27,867,205,22,21,22,0.2152,22.0,0.2152,338,1.000,1.000,2,8,-0.3301,-0.2399,0.4081,NO
capture_0004.pgm,28,1073,206,22,21,22,0.2152,22.0,0.2152,338,1.000,1.000,2,10,-0.3165,-0.2287,0.3905,NO
capture_0004.pgm,29,669,209,22,24,24,0.2347,24.0,0.2347,404,1.000,1.000,2,6,-0.2655,-0.2021,0.3337,NO
capture_0004.pgm,30,150,244,22,22,22,0.2152,22.0,0.2152,353,1.000,1.000,3,1,-0.3390,-0.2969,0.4506,NO
capture_0004.pgm,31,766,246,21,21,21,0.2054,21.0,0.2054,317,1.000,1.000,3,7,-0.3177,-0.2732,0.4190,NO
capture_0004.pgm,32,1175,246,22,22,22,0.2152,22.0,0.2152,353,1.000,1.000,3,11,-0.3197,-0.2704,0.4188,NO
capture_0004.pgm,33,563,249,23,23,23,0.2249,23.0,0.2249,377,1.000,1.000,3,5,-0.3019,-0.2452,0.3890,NO
capture_0004.pgm,34,358,253,24,23,24,0.2347,24.0,0.2347,407,1.000,1.000,3,3,-0.3058,-0.2075,0.3695,NO
capture_0004.pgm,35,49,267,24,22,24,0.2347,24.0,0.2347,387,1.000,1.000,2,0,-0.3260,0.3610,0.4864,NO
capture_0004.pgm,36,459,289,22,22,22,0.2152,22.0,0.2152,360,1.000,1.000,3,4,-0.3188,-0.2720,0.4191,NO
capture_0004.pgm,37,665,289,22,22,22,0.2152,22.0,0.2152,353,1.000,1.000,3,6,-0.3052,-0.2706,0.4079,NO
capture_0004.pgm,38,867,291,22,23,23,0.2249,23.0,0.2249,375,1.000,1.000,3,8,-0.3307,-0.2497,0.4144,NO
capture_0004.pgm,39,258,293,22,22,22,0.2152,22.0,0.2152,353,1.000,1.000,3,2,-0.2836,-0.2342,0.3678,NO
capture_0004.pgm,40,151,332,23,23,23,0.2249,23.0,0.2249,384,1.000,1.000,4,1,-0.3298,-0.2871,0.4373,NO
capture_0004.pgm,41,355,333,22,22,22,0.2152,22.0,0.2152,353,1.000,1.000,4,3,-0.3357,-0.2759,0.4346,NO
capture_0004.pgm,42,767,334,23,23,23,0.2249,23.0,0.2249,391,1.000,1.000,4,7,-0.3085,-0.2634,0.4056,NO
capture_0004.pgm,43,561,334,24,22,24,0.2347,24.0,0.2347,397,1.000,1.000,4,5,-0.3221,-0.2648,0.4170,NO
capture_0004.pgm,44,1174,334,21,22,22,0.2152,22.0,0.2152,338,1.000,1.000,4,11,-0.3301,-0.2607,0.4206,NO
capture_0004.pgm,45,971,336,21,22,22,0.2152,22.0,0.2152,338,1.000,1.000,4,9,-0.3144,-0.2425,0.3970,NO
capture_0004.pgm,46,48,355,23,22,23,0.2249,23.0,0.2249,375,1.000,1.000,3,0,-0.3363,0.3707,0.5006,NO
capture_0004.pgm,47,666,377,22,22,22,0.2152,22.0,0.2152,360,1.000,1.000,4,6,-0.2960,-0.2608,0.3945,NO
capture_0004.pgm,48,255,378,22,21,22,0.2152,22.0,0.2152,338,1.000,1.000,4,2,-0.3135,-0.2538,0.4033,NO
capture_0004.pgm,49,460,379,22,23,23,0.2249,23.0,0.2249,382,1.000,1.000,4,4,-0.3096,-0.2426,0.3934,NO
capture_0004.pgm,50,1075,379,23,24,24,0.2347,24.0,0.2347,407,1.000,1.000,4,10,-0.2981,-0.2385,0.3818,NO
capture_0004.pgm,51,975,419,21,22,22,0.2152,22.0,0.2152,338,1.000,1.000,5,9,-0.2758,-0.2816,0.3942,NO
capture_0004.pgm,52,562,420,22,23,23,0.2249,23.0,0.2249,375,1.000,1.000,5,5,-0.3129,-0.2746,0.4163,NO
capture_0004.pgm,53,1177,422,23,24,24,0.2347,24.0,0.2347,414,1.000,1.000,5,11,-0.3013,-0.2509,0.3921,NO
capture_0004.pgm,54,359,422,23,23,23,0.2249,23.0,0.2249,391,1.000,1.000,5,3,-0.2972,-0.2564,0.3925,NO
capture_0004.pgm,55,152,423,22,21,22,0.2152,22.0,0.2152,338,1.000,1.000,5,1,-0.3206,-0.2480,0.4053,NO
capture_0004.pgm,56,769,423,24,22,24,0.2347,24.0,0.2347,382,1.000,1.000,5,7,-0.2895,-0.2438,0.3785,NO
capture_0004.pgm,57,45,448,22,21,22,0.2152,22.0,0.2152,338,1.000,1.000,5,0,-0.3668,-0.4214,0.5587,NO
capture_0004.pgm,58,1076,460,23,22,23,0.2249,23.0,0.2249,375,1.000,1.000,5,10,-0.2889,-0.2972,0.4145,NO
capture_0004.pgm,59,460,464,23,23,23,0.2249,23.0,0.2249,398,1.000,1.000,5,4,-0.3102,-0.2622,0.4062,NO
capture_0004.pgm,60,667,466,23,23,23,0.2249,23.0,0.2249,384,1.000,1.000,5,6,-0.2868,-0.2413,0.3748,NO
capture_0004.pgm,61,874,467,22,23,23,0.2249,23.0,0.2249,375,1.000,1.000,5,8,-0.2634,-0.2301,0.3498,NO
capture_0004.pgm,62,257,468,22,22,22,0.2152,22.0,0.2152,360,1.000,1.000,5,2,-0.2945,-0.2245,0.3703,NO
capture_0004.pgm,63,972,506,21,22,22,0.2152,22.0,0.2152,338,1.000,1.000,6,9,-0.3058,-0.2816,0.4157,NO
capture_0004.pgm,64,354,507,23,23,23,0.2249,23.0,0.2249,398,1.000,1.000,6,3,-0.3467,-0.2759,0.4431,NO
capture_0004.pgm,65,155,510,23,22,23,0.2249,23.0,0.2249,368,1.000,1.000,6,1,-0.2919,-0.2480,0.3830,NO
capture_0004.pgm,66,565,512,24,24,24,0.2347,24.0,0.2347,423,1.000,1.000,6,5,-0.2841,-0.2257,0.3628,NO
capture_0004.pgm,67,767,512,22,21,22,0.2152,22.0,0.2152,338,1.000,1.000,6,7,-0.3096,-0.2243,0.3823,NO
capture_0004.pgm,68,1174,513,21,21,21,0.2054,21.0,0.2054,317,1.000,1.000,6,11,-0.3313,-0.2118,0.3932,NO
capture_0004.pgm,69,50,531,23,21,23,0.2249,23.0,0.2249,359,1.000,1.000,5,0,-0.3179,0.3903,0.5034,NO
capture_0004.pgm,70,868,549,22,22,22,0.2152,22.0,0.2152,353,1.000,1.000,6,8,-0.3227,-0.2790,0.4266,NO
capture_0004.pgm,71,1070,549,23,22,23,0.2249,23.0,0.2249,375,1.000,1.000,6,10,-0.3481,-0.2776,0.4453,NO
capture_0004.pgm,72,666,552,22,22,22,0.2152,22.0,0.2152,353,1.000,1.000,6,6,-0.2972,-0.2510,0.3890,NO
capture_0004.pgm,73,458,554,22,21,22,0.2152,22.0,0.2152,338,1.000,1.000,6,4,-0.3304,-0.2329,0.4042,NO
capture_0004.pgm,74,256,556,23,23,23,0.2249,23.0,0.2249,398,1.000,1.000,6,2,-0.3049,-0.2147,0.3729,NO
capture_0004.pgm,75,359,592,24,25,25,0.2445,25.0,0.2445,433,1.000,1.000,7,3,-0.2984,-0.2955,0.4199,NO
capture_0004.pgm,76,973,595,23,23,23,0.2249,23.0,0.2249,377,1.000,1.000,7,9,-0.2966,-0.2620,0.3957,NO
capture_0004.pgm,77,562,596,23,23,23,0.2249,23.0,0.2249,398,1.000,1.000,7,5,-0.3141,-0.2550,0.4046,NO
capture_0004.pgm,78,766,595,23,22,23,0.2249,23.0,0.2249,375,1.000,1.000,7,7,-0.3200,-0.2634,0.4145,NO
capture_0004.pgm,79,151,596,23,23,23,0.2249,23.0,0.2249,398,1.000,1.000,7,1,-0.3316,-0.2577,0.4200,NO
capture_0004.pgm,80,1176,599,21,21,21,0.2054,21.0,0.2054,317,1.000,1.000,7,11,-0.3123,-0.2215,0.3829,NO
capture_0004.pgm,81,49,615,23,22,23,0.2249,23.0,0.2249,372,1.000,1.000,6,0,-0.3283,0.3610,0.4879,NO
capture_0004.pgm,82,665,639,23,25,25,0.2445,25.0,0.2445,430,1.000,1.000,7,6,-0.3075,-0.2510,0.3970,NO
capture_0004.pgm,83,873,638,22,22,22,0.2152,22.0,0.2152,360,1.000,1.000,7,8,-0.2743,-0.2595,0.3776,NO
capture_0004.pgm,84,1071,638,22,22,22,0.2152,22.0,0.2152,360,1.000,1.000,7,10,-0.3389,-0.2581,0.4260,NO
capture_0004.pgm,85,256,640,23,21,23,0.2249,23.0,0.2249,359,1.000,1.000,7,2,-0.3055,-0.2440,0.3910,NO
capture_0004.pgm,86,459,640,22,22,22,0.2152,22.0,0.2152,360,1.000,1.000,7,4,-0.3212,-0.2426,0.4025,NO
capture_0004.pgm,87,1178,680,22,24,24,0.2347,24.0,0.2347,390,1.000,1.000,8,11,-0.2933,-0.2802,0.4056,NO
capture_0004.pgm,88,970,680,23,22,23,0.2249,23.0,0.2249,368,1.000,1.000,8,9,-0.3265,-0.2816,0.4312,NO
capture_0004.pgm,89,562,682,22,23,23,0.2249,23.0,0.2249,368,1.000,1.000,8,5,-0.3147,-0.2648,0.4112,NO
capture_0004.pgm,90,766,681,21,22,22,0.2152,22.0,0.2152,338,1.000,1.000,8,7,-0.3206,-0.2732,0.4212,NO
capture_0004.pgm,91,151,683,25,23,25,0.2445,25.0,0.2445,444,1.000,1.000,8,1,-0.3321,-0.2577,0.4204,NO
capture_0004.pgm,92,354,686,23,23,23,0.2249,23.0,0.2249,384,1.000,1.000,8,3,-0.3478,-0.2270,0.4154,NO
capture_0004.pgm,93,51,703,22,21,22,0.2152,22.0,0.2152,338,1.000,1.000,7,0,-0.3093,0.3707,0.4828,NO
capture_0004.pgm,94,668,725,22,23,23,0.2249,23.0,0.2249,375,1.000,1.000,8,6,-0.2788,-0.2608,0.3818,NO
capture_0004.pgm,95,1074,725,23,22,23,0.2249,23.0,0.2249,375,1.000,1.000,8,10,-0.3102,-0.2581,0.4035,NO
capture_0004.pgm,96,257,726,23,22,23,0.2249,23.0,0.2249,368,1.000,1.000,8,2,-0.2963,-0.2538,0.3901,NO
capture_0004.pgm,97,870,727,22,23,23,0.2249,23.0,0.2249,368,1.000,1.000,8,8,-0.3043,-0.2399,0.3875,NO
capture_0004.pgm,98,458,727,24,22,24,0.2347,24.0,0.2347,397,1.000,1.000,8,4,-0.3315,-0.2426,0.4108,NO
capture_0004.pgm,99,562,769,22,23,23,0.2249,23.0,0.2249,382,1.000,1.000,9,5,-0.3152,-0.2648,0.4117,NO
capture_0004.pgm,100,975,770,22,23,23,0.2249,23.0,0.2249,375,1.000,1.000,9,9,-0.2782,-0.2522,0.3755,NO
capture_0004.pgm,101,1177,772,22,25,25,0.2445,25.0,0.2445,412,1.000,1.000,9,11,-0.3037,-0.2313,0.3817,NO
capture_0004.pgm,102,356,771,22,23,23,0.2249,23.0,0.2249,375,1.000,1.000,9,3,-0.3289,-0.2466,0.4111,NO
capture_0004.pgm,103,765,775,24,24,24,0.2347,24.0,0.2347,428,1.000,1.000,9,7,-0.3309,-0.2047,0.3891,NO
capture_0004.pgm,104,152,777,24,24,24,0.2347,24.0,0.2347,438,1.000,1.000,9,1,-0.3229,-0.1893,0.3743,NO
capture_0004.pgm,105,51,792,24,23,24,0.2347,24.0,0.2347,411,1.000,1.000,8,0,-0.3099,0.3903,0.4984,NO
capture_0004.pgm,106,1072,811,22,24,24,0.2347,24.0,0.2347,397,1.000,1.000,9,10,-0.3303,-0.2679,0.4253,NO
capture_0004.pgm,107,464,811,27,23,27,0.2641,27.0,0.2641,462,1.000,1.000,9,4,-0.2734,-0.2720,0.3857,NO
capture_0004.pgm,108,253,814,22,22,22,0.2152,22.0,0.2152,353,1.000,1.000,9,2,-0.3360,-0.2440,0.4152,NO
capture_0004.pgm,109,667,815,23,23,23,0.2249,23.0,0.2249,384,1.000,1.000,9,6,-0.2891,-0.2315,0.3704,NO
capture_0004.pgm,110,871,817,23,24,24,0.2347,24.0,0.2347,407,1.000,1.000,9,8,-0.2951,-0.2106,0.3625,NO
capture_0004.pgm,111,974,853,23,22,23,0.2249,23.0,0.2249,368,1.000,1.000,10,9,-0.2886,-0.2914,0.4101,NO
capture_0004.pgm,112,561,855,22,24,24,0.2347,24.0,0.2347,397,1.000,1.000,10,5,-0.3256,-0.2746,0.4259,NO
capture_0004.pgm,113,151,858,26,23,26,0.2543,26.0,0.2543,439,1.000,1.000,10,1,-0.3333,-0.2480,0.4154,NO
capture_0004.pgm,114,1174,859,24,23,24,0.2347,24.0,0.2347,404,1.000,1.000,10,11,-0.3336,-0.2313,0.4059,NO
capture_0004.pgm,115,355,860,24,24,24,0.2347,24.0,0.2347,424,1.000,1.000,10,3,-0.3392,-0.2270,0.4082,NO
capture_0004.pgm,116,769,860,23,23,23,0.2249,23.0,0.2249,391,1.000,1.000,10,7,-0.2924,-0.2243,0.3685,NO
capture_0004.pgm,117,49,879,24,24,24,0.2347,24.0,0.2347,427,1.000,1.000,9,0,-0.3300,0.3903,0.5111,NO
capture_0004.pgm,118,869,898,21,22,22,0.2152,22.0,0.2152,338,1.000,1.000,10,8,-0.3152,-0.2692,0.4145,NO
capture_0004.pgm,119,256,901,24,25,25,0.2445,25.0,0.2445,440,1.000,1.000,10,2,-0.3072,-0.2440,0.3923,NO
capture_0004.pgm,120,667,901,22,23,23,0.2249,23.0,0.2249,368,1.000,1.000,10,6,-0.2897,-0.2413,0.3770,NO
capture_0004.pgm,121,460,902,23,23,23,0.2249,23.0,0.2249,391,1.000,1.000,10,4,-0.3131,-0.2329,0.3902,NO
capture_0004.pgm,122,1075,901,21,22,22,0.2152,22.0,0.2152,338,1.000,1.000,10,10,-0.3016,-0.2385,0.3845,NO
capture_0004.pgm,123,768,942,23,23,23,0.2249,23.0,0.2249,384,1.000,1.000,11,7,-0.3028,-0.2732,0.4078,NO
capture_0004.pgm,124,973,942,22,22,22,0.2152,22.0,0.2152,353,1.000,1.000,11,9,-0.2989,-0.2718,0.4040,NO
capture_0004.pgm,125,1174,943,22,23,23,0.2249,23.0,0.2249,375,1.000,1.000,11,11,-0.3342,-0.2607,0.4238,NO
capture_0004.pgm,126,151,946,24,24,24,0.2347,24.0,0.2347,424,1.000,1.000,11,1,-0.3339,-0.2382,0.4101,NO
capture_0004.pgm,127,564,946,23,23,23,0.2249,23.0,0.2249,391,1.000,1.000,11,5,-0.2968,-0.2354,0.3789,NO
capture_0004.pgm,128,356,948,23,23,23,0.2249,23.0,0.2249,391,1.000,1.000,11,3,-0.3300,-0.2173,0.3951,NO
capture_0004.pgm,129,49,967,24,24,24,0.2347,24.0,0.2347,424,1.000,1.000,10,0,-0.3306,0.4001,0.5190,NO
capture_0004.pgm,130,253,987,23,23,23,0.2249,23.0,0.2249,391,1.000,1.000,11,2,-0.3371,-0.2538,0.4220,NO
capture_0004.pgm,131,667,987,23,23,23,0.2249,23.0,0.2249,405,1.000,1.000,11,6,-0.2903,-0.2510,0.3838,NO
capture_0004.pgm,132,867,986,23,23,23,0.2249,23.0,0.2249,384,1.000,1.000,11,8,-0.3354,-0.2594,0.4240,NO
capture_0004.pgm,133,460,988,23,22,23,0.2249,23.0,0.2249,375,1.000,1.000,11,4,-0.3137,-0.2426,0.3966,NO
capture_0004.pgm,134,1076,991,22,24,24,0.2347,24.0,0.2347,387,1.000,1.000,11,10,-0.2924,-0.2092,0.3595,NO
capture_0004.pgm,SUMMARY,,,,,,,,,,,,,,,,,
capture_0004.pgm,Count,134,,,,,,,,,,,,,,,
capture_0004.pgm,Missed,4,,,,,,,,,,,,,,,
capture_0004.pgm,Mean,,,,,,,,0.2252,,,,,,,,
capture_0004.pgm,Median,,,,,,,,0.2249,,,,,,,,
capture_0004.pgm,StdDev,,,,,,,,0.0094,,,,,,,,
capture_0004.pgm,Min,,,,,,,,0.2054,,,,,,,,
capture_0004.pgm,Max,,,,,,,,0.2641,,,,,,,,
capture_0005.pgm,1,48,24,23,22,23,0.2249,23.0,0.2249,368,1.000,1.000,0,0,-0.3346,-0.3139,0.4587,NO
capture_0005.pgm,2,456,44,22,22,22,0.2152,22.0,0.2152,353,1.000,1.000,0,4,-0.3464,-0.1155,0.3652,NO
capture_0005.pgm,3,1073,44,23,22,23,0.2249,23.0,0.2249,368,1.000,1.000,0,10,-0.3153,-0.1114,0.3344,NO
capture_0005.pgm,4,666,48,22,23,23,0.2249,23.0,0.2249,368,1.000,1.000,0,6,-0.2937,-0.0750,0.3031,NO
capture_0005.pgm,5,254,48,21,21,21,0.2054,21.0,0.2054,317,1.000,1.000,0,2,-0.3209,-0.0778,0.3302,NO
capture_0005.pgm,6,871,52,23,24,24,0.2347,24.0,0.2347,407,1.000,1.000,0,8,-0.2898,-0.0345,0.2919,NO
capture_0005.pgm,7,767,90,22,24,24,0.2347,24.0,0.2347,390,1.000,1.000,1,7,-0.3067,-0.0971,0.3217,NO
capture_0005.pgm,8,1177,89,22,22,22,0.2152,22.0,0.2152,360,1.000,1.000,1,11,-0.2990,-0.1042,0.3166,NO
capture_0005.pgm,9,358,90,22,22,22,0.2152,22.0,0.2152,360,1.000,1.000,1,3,-0.3046,-0.0999,0.3206,NO
capture_0005.pgm,10,559,90,23,23,23,0.2249,23.0,0.2249,384,1.000,1.000,1,5,-0.3399,-0.0985,0.3539,NO
capture_0005.pgm,11,975,92,23,24,24,0.2347,24.0,0.2347,407,1.000,1.000,1,9,-0.2735,-0.0762,0.2839,NO
capture_0005.pgm,12,152,93,23,23,23,0.2249,23.0,0.2249,388,1.000,1.000,1,1,-0.3183,-0.0719,0.3263,NO
capture_0005.pgm,13,53,115,23,23,23,0.2249,23.0,0.2249,388,1.000,1.000,1,0,-0.2863,-0.2747,0.3968,NO
capture_0005.pgm,14,660,129,22,21,22,0.2152,22.0,0.2152,338,1.000,1.000,1,6,-0.3529,-0.1337,0.3774,NO
capture_0005.pgm,15,869,131,21,21,21,0.2054,21.0,0.2054,317,1.000,1.000,1,8,-0.3100,-0.1128,0.3298,NO
capture_0005.pgm,16,460,134,21,21,21,0.2054,21.0,0.2054,317,1.000,1.000,1,4,-0.3079,-0.0862,0.3197,NO
capture_0005.pgm,17,255,135,23,22,23,0.2249,23.0,0.2249,375,1.000,1.000,1,2,-0.3117,-0.0778,0.3213,NO
capture_0005.pgm,18,1072,136,22,21,22,0.2152,22.0,0.2152,338,1.000,1.000,1,10,-0.3257,-0.0625,0.3316,NO
capture_0005.pgm,19,974,175,22,23,23,0.2249,23.0,0.2249,375,1.000,1.000,2,9,-0.2839,-0.1153,0.3064,NO
capture_0005.pgm,20,1176,177,22,21,22,0.2152,22.0,0.2152,338,1.000,1.000,2,11,-0.3094,-0.0944,0.3234,NO
capture_0005.pgm,21,765,178,22,22,22,0.2152,22.0,0.2152,360,1.000,1.000,2,7,-0.3268,-0.0874,0.3383,NO
capture_0005.pgm,22,561,179,23,21,23,0.2249,23.0,0.2249,359,1.000,1.000,2,5,-0.3209,-0.0790,0.3305,NO
capture_0005.pgm,23,153,182,22,22,22,0.2152,22.0,0.2152,353,1.000,1.000,2,1,-0.3091,-0.0524,0.3135,NO
capture_0005.pgm,24,353,185,23,23,23,0.2249,23.0,0.2249,384,1.000,1.000,2,3,-0.3541,-0.0217,0.3548,NO
capture_0005.pgm,25,47,197,22,23,23,0.2249,23.0,0.2249,368,1.000,1.000,2,0,-0.3455,-0.3236,0.4734,NO
capture_0005.pgm,26,1070,219,23,23,23,0.2249,23.0,0.2249,398,1.000,1.000,2,10,-0.3458,-0.1016,0.3604,NO
capture_0005.pgm,27,457,219,22,22,22,0.2152,22.0,0.2152,346,1.000,1.000,2,4,-0.3378,-0.1057,0.3540,NO
capture_0005.pgm,28,869,221,22,21,22,0.2152,22.0,0.2152,338,1.000,1.000,2,8,-0.3105,-0.0834,0.3215,NO
capture_0005.pgm,29,252,222,24,22,24,0.2347,24.0,0.2347,390,1.000,1.000,2,2,-0.3417,-0.0778,0.3504,NO
capture_0005.pgm,30,663,224,23,23,23,0.2249,23.0,0.2249,383,1.000,1.000,2,6,-0.3242,-0.0554,0.3289,NO
capture_0005.pgm,31,765,257,23,24,24,0.2347,24.0,0.2347,406,1.000,1.000,3,7,-0.3274,-0.1656,0.3669,NO
capture_0005.pgm,32,1174,262,22,22,22,0.2152,22.0,0.2152,360,1.000,1.000,3,11,-0.3295,-0.1140,0.3487,NO
capture_0005.pgm,33,973,264,24,23,24,0.2347,24.0,0.2347,398,1.000,1.000,3,9,-0.2942,-0.0958,0.3094,NO
capture_0005.pgm,34,152,264,24,22,24,0.2347,24.0,0.2347,397,1.000,1.000,3,1,-0.3194,-0.1013,0.3351,NO
capture_0005.pgm,35,559,265,23,22,23,0.2249,23.0,0.2249,368,1.000,1.000,3,5,-0.3411,-0.0887,0.3524,NO
capture_0005.pgm,36,355,268,22,21,22,0.2152,22.0,0.2152,338,1.000,1.000,3,3,-0.3351,-0.0608,0.3406,NO
capture_0005.pgm,37,49,288,22,21,22,0.2152,22.0,0.2152,338,1.000,1.000,3,0,-0.3265,-0.2845,0.4331,NO
capture_0005.pgm,38,1073,306,22,23,23,0.2249,23.0,0.2249,368,1.000,1.000,3,10,-0.3170,-0.1016,0.3329,NO
capture_0005.pgm,39,868,306,21,21,21,0.2054,21.0,0.2054,317,1.000,1.000,3,8,-0.3209,-0.1030,0.3370,NO
capture_0005.pgm,40,254,309,22,24,24,0.2347,24.0,0.2347,390,1.000,1.000,3,2,-0.3227,-0.0778,0.3319,NO
capture_0005.pgm,41,457,309,22,23,23,0.2249,23.0,0.2249,368,1.000,1.000,3,4,-0.3384,-0.0764,0.3469,NO
capture_0005.pgm,42,662,311,23,22,23,0.2249,23.0,0.2249,368,1.000,1.000,3,6,-0.3345,-0.0554,0.3391,NO
capture_0005.pgm,43,1174,349,21,21,21,0.2054,21.0,0.2054,317,1.000,1.000,4,11,-0.3301,-0.1140,0.3492,NO
capture_0005.pgm,44,560,350,22,22,22,0.2152,22.0,0.2152,353,1.000,1.000,4,5,-0.3319,-0.1083,0.3491,NO
capture_0005.pgm,45,976,351,23,23,23,0.2249,23.0,0.2249,391,1.000,1.000,4,9,-0.2655,-0.0958,0.2822,NO
capture_0005.pgm,46,358,352,22,23,23,0.2249,23.0,0.2249,375,1.000,1.000,4,3,-0.3064,-0.0901,0.3194,NO
capture_0005.pgm,47,766,351,21,22,22,0.2152,22.0,0.2152,338,1.000,1.000,4,7,-0.3182,-0.0971,0.3327,NO
capture_0005.pgm,48,155,353,23,23,23,0.2249,23.0,0.2249,391,1.000,1.000,4,1,-0.2907,-0.0817,0.3019,NO
capture_0005.pgm,49,49,376,22,22,22,0.2152,22.0,0.2152,353,1.000,1.000,4,0,-0.3271,-0.2747,0.4272,NO
capture_0005.pgm,50,662,391,23,23,23,0.2249,23.0,0.2249,384,1.000,1.000,4,6,-0.3351,-0.1239,0.3573,NO
capture_0005.pgm,51,458,393,23,21,23,0.2249,23.0,0.2249,359,1.000,1.000,4,4,-0.3292,-0.1057,0.3458,NO
capture_0005.pgm,52,253,395,22,22,22,0.2152,22.0,0.2152,360,1.000,1.000,4,2,-0.3331,-0.0875,0.3444,NO
capture_0005.pgm,53,871,396,22,22,22,0.2152,22.0,0.2152,353,1.000,1.000,4,8,-0.2921,-0.0736,0.3013,NO
capture_0005.pgm,54,1075,399,22,24,24,0.2347,24.0,0.2347,397,1.000,1.000,4,10,-0.2981,-0.0429,0.3011,NO
capture_0005.pgm,55,560,437,23,23,23,0.2249,23.0,0.2249,398,1.000,1.000,5,5,-0.3325,-0.1083,0.3497,NO
capture_0005.pgm,56,763,437,22,23,23,0.2249,23.0,0.2249,365,1.000,1.000,5,7,-0.3482,-0.1069,0.3642,NO
capture_0005.pgm,57,975,437,22,23,23,0.2249,23.0,0.2249,375,1.000,1.000,5,9,-0.2758,-0.1055,0.2954,NO
capture_0005.pgm,58,151,438,23,22,23,0.2249,23.0,0.2249,375,1.000,1.000,5,1,-0.3304,-0.1013,0.3456,NO
capture_0005.pgm,59,1173,439,23,23,23,0.2249,23.0,0.2249,388,1.000,1.000,5,11,-0.3405,-0.0846,0.3508,NO
capture_0005.pgm,60,356,443,22,23,23,0.2249,23.0,0.2249,375,1.000,1.000,5,3,-0.3265,-0.0510,0.3305,NO
capture_0005.pgm,61,51,459,21,22,22,0.2152,22.0,0.2152,338,1.000,1.000,5,0,-0.3082,-0.3139,0.4398,NO
capture_0005.pgm,62,663,480,22,22,22,0.2152,22.0,0.2152,360,1.000,1.000,5,6,-0.3259,-0.1043,0.3422,NO
capture_0005.pgm,63,870,481,22,21,22,0.2152,22.0,0.2152,338,1.000,1.000,5,8,-0.3025,-0.0932,0.3165,NO
capture_0005.pgm,64,254,483,22,22,22,0.2152,22.0,0.2152,353,1.000,1.000,5,2,-0.3239,-0.0778,0.3331,NO
capture_0005.pgm,65,462,484,23,23,23,0.2249,23.0,0.2249,384,1.000,1.000,5,4,-0.2907,-0.0666,0.2982,NO
capture_0005.pgm,66,1074,487,21,23,23,0.2249,23.0,0.2249,359,1.000,1.000,5,10,-0.3084,-0.0331,0.3102,NO
capture_0005.pgm,67,977,523,23,22,23,0.2249,23.0,0.2249,382,1.000,1.000,6,9,-0.2569,-0.1153,0.2816,NO
capture_0005.pgm,68,1175,524,22,22,22,0.2152,22.0,0.2152,353,1.000,1.000,6,11,-0.3215,-0.1042,0.3379,NO
capture_0005.pgm,69,563,527,22,23,23,0.2249,23.0,0.2249,368,1.000,1.000,6,5,-0.3037,-0.0790,0.3138,NO
capture_0005.pgm,70,765,526,23,23,23,0.2249,23.0,0.2249,398,1.000,1.000,6,7,-0.3292,-0.0874,0.3406,NO
capture_0005.pgm,71,357,527,22,22,22,0.2152,22.0,0.2152,353,1.000,1.000,6,3,-0.3173,-0.0803,0.3273,NO
capture_0005.pgm,72,155,530,23,23,23,0.2249,23.0,0.2249,398,1.000,1.000,6,1,-0.2919,-0.0524,0.2965,NO
capture_0005.pgm,73,47,546,23,21,23,0.2249,23.0,0.2249,359,1.000,1.000,6,0,-0.3479,-0.3139,0.4685,NO
capture_0005.pgm,74,663,567,21,22,22,0.2152,22.0,0.2152,338,1.000,1.000,6,6,-0.3265,-0.1043,0.3428,NO
capture_0005.pgm,75,253,568,22,22,22,0.2152,22.0,0.2152,353,1.000,1.000,6,2,-0.3342,-0.0973,0.3481,NO
capture_0005.pgm,76,871,569,21,21,21,0.2054,21.0,0.2054,317,1.000,1.000,6,8,-0.2933,-0.0834,0.3049,NO
capture_0005.pgm,77,460,570,21,21,21,0.2054,21.0,0.2054,317,1.000,1.000,6,4,-0.3108,-0.0764,0.3201,NO
capture_0005.pgm,78,1075,570,23,22,23,0.2249,23.0,0.2249,375,1.000,1.000,6,10,-0.2992,-0.0723,0.3078,NO
capture_0005.pgm,79,559,610,22,22,22,0.2152,22.0,0.2152,360,1.000,1.000,7,5,-0.3434,-0.1181,0.3631,NO
capture_0005.pgm,80,972,610,22,22,22,0.2152,22.0,0.2152,353,1.000,1.000,7,9,-0.3064,-0.1153,0.3273,NO
capture_0005.pgm,81,353,614,24,23,24,0.2347,24.0,0.2347,406,1.000,1.000,7,3,-0.3570,-0.0803,0.3660,NO
capture_0005.pgm,82,762,615,24,22,24,0.2347,24.0,0.2347,390,1.000,1.000,7,7,-0.3591,-0.0678,0.3655,NO
capture_0005.pgm,83,153,617,23,23,23,0.2249,23.0,0.2249,391,1.000,1.000,7,1,-0.3120,-0.0524,0.3164,NO
capture_0005.pgm,84,49,634,22,21,22,0.2152,22.0,0.2152,338,1.000,1.000,7,0,-0.3289,-0.3041,0.4479,NO
capture_0005.pgm,85,1074,653,22,21,22,0.2152,22.0,0.2152,338,1.000,1.000,7,10,-0.3096,-0.1114,0.3290,NO
capture_0005.pgm,86,253,656,23,23,23,0.2249,23.0,0.2249,395,1.000,1.000,7,2,-0.3348,-0.0875,0.3461,NO
capture_0005.pgm,87,870,656,21,21,21,0.2054,21.0,0.2054,317,1.000,1.000,7,8,-0.3037,-0.0834,0.3149,NO
capture_0005.pgm,88,458,658,22,21,22,0.2152,22.0,0.2152,338,1.000,1.000,7,4,-0.3310,-0.0666,0.3376,NO
capture_0005.pgm,89,665,659,21,23,23,0.2249,23.0,0.2249,359,1.000,1.000,7,6,-0.3075,-0.0554,0.3125,NO
capture_0005.pgm,90,762,696,25,24,25,0.2445,25.0,0.2445,422,1.000,1.000,8,7,-0.3597,-0.1265,0.3813,NO
capture_0005.pgm,91,560,696,22,22,22,0.2152,22.0,0.2152,353,1.000,1.000,8,5,-0.3342,-0.1279,0.3578,NO
capture_0005.pgm,92,356,698,23,23,23,0.2249,23.0,0.2249,398,1.000,1.000,8,3,-0.3283,-0.1097,0.3461,NO
capture_0005.pgm,93,152,698,23,23,23,0.2249,23.0,0.2249,391,1.000,1.000,8,1,-0.3224,-0.1110,0.3410,NO
capture_0005.pgm,94,972,701,22,22,22,0.2152,22.0,0.2152,360,1.000,1.000,8,9,-0.3069,-0.0762,0.3163,NO
capture_0005.pgm,95,1179,702,22,22,22,0.2152,22.0,0.2152,360,1.000,1.000,8,11,-0.2835,-0.0651,0.2909,NO
capture_0005.pgm,96,50,720,22,22,22,0.2152,22.0,0.2152,360,1.000,1.000,8,0,-0.3197,-0.3139,0.4480,NO
capture_0005.pgm,97,256,743,23,25,25,0.2445,25.0,0.2445,423,1.000,1.000,8,2,-0.3061,-0.0875,0.3183,NO
capture_0005.pgm,98,870,742,23,22,23,0.2249,23.0,0.2249,375,1.000,1.000,8,8,-0.3043,-0.0932,0.3182,NO
capture_0005.pgm,99,663,743,22,22,22,0.2152,22.0,0.2152,353,1.000,1.000,8,6,-0.3277,-0.0848,0.3385,NO
capture_0005.pgm,100,464,746,23,24,24,0.2347,24.0,0.2347,414,1.000,1.000,8,4,-0.2729,-0.0568,0.2787,NO
capture_0005.pgm,101,1075,746,23,24,24,0.2347,24.0,0.2347,407,1.000,1.000,8,10,-0.3004,-0.0527,0.3050,NO
capture_0005.pgm,102,971,784,23,22,23,0.2249,23.0,0.2249,368,1.000,1.000,9,9,-0.3173,-0.1153,0.3376,NO
capture_0005.pgm,103,1177,787,24,23,24,0.2347,24.0,0.2347,414,1.000,1.000,9,11,-0.3037,-0.0846,0.3152,NO
capture_0005.pgm,104,764,788,24,22,24,0.2347,24.0,0.2347,390,1.000,1.000,9,7,-0.3407,-0.0776,0.3494,NO
capture_0005.pgm,105,564,789,23,22,23,0.2249,23.0,0.2249,375,1.000,1.000,9,5,-0.2957,-0.0692,0.3037,NO
capture_0005.pgm,106,355,790,23,22,23,0.2249,23.0,0.2249,382,1.000,1.000,9,3,-0.3387,-0.0608,0.3441,NO
capture_0005.pgm,107,153,793,24,25,25,0.2445,25.0,0.2445,437,1.000,1.000,9,1,-0.3132,-0.0328,0.3149,NO
capture_0005.pgm,108,54,811,22,24,24,0.2347,24.0,0.2347,397,1.000,1.000,9,0,-0.2811,-0.2747,0.3931,NO
capture_0005.pgm,109,663,827,22,22,22,0.2152,22.0,0.2152,360,1.000,1.000,9,6,-0.3283,-0.1141,0.3475,NO
capture_0005.pgm,110,460,828,21,21,21,0.2054,21.0,0.2054,317,1.000,1.000,9,4,-0.3126,-0.1057,0.3300,NO
capture_0005.pgm,111,868,828,22,22,22,0.2152,22.0,0.2152,360,1.000,1.000,9,8,-0.3244,-0.1030,0.3404,NO
capture_0005.pgm,112,1076,831,23,23,23,0.2249,23.0,0.2249,391,1.000,1.000,9,10,-0.2912,-0.0723,0.3000,NO
capture_0005.pgm,113,253,832,22,22,22,0.2152,22.0,0.2152,360,1.000,1.000,9,2,-0.3360,-0.0680,0.3428,NO
capture_0005.pgm,114,561,872,23,23,23,0.2249,23.0,0.2249,390,1.000,1.000,10,5,-0.3256,-0.1083,0.3431,NO
capture_0005.pgm,115,970,871,22,23,23,0.2249,23.0,0.2249,365,1.000,1.000,10,9,-0.3277,-0.1153,0.3474,NO
capture_0005.pgm,116,766,873,24,23,24,0.2347,24.0,0.2347,401,1.000,1.000,10,7,-0.3217,-0.0971,0.3361,NO
capture_0005.pgm,117,153,875,23,23,23,0.2249,23.0,0.2249,398,1.000,1.000,10,1,-0.3137,-0.0817,0.3242,NO
capture_0005.pgm,118,1178,875,22,23,23,0.2249,23.0,0.2249,368,1.000,1.000,10,11,-0.2945,-0.0748,0.3038,NO
capture_0005.pgm,119,357,878,24,23,24,0.2347,24.0,0.2347,407,1.000,1.000,10,3,-0.3197,-0.0510,0.3237,NO
capture_0005.pgm,120,51,896,22,22,22,0.2152,22.0,0.2152,353,1.000,1.000,10,0,-0.3111,-0.2943,0.4282,NO
capture_0005.pgm,121,869,915,22,22,22,0.2152,22.0,0.2152,360,1.000,1.000,10,8,-0.3152,-0.1030,0.3316,NO
capture_0005.pgm,122,662,917,22,22,22,0.2152,22.0,0.2152,360,1.000,1.000,10,6,-0.3386,-0.0848,0.3491,NO
capture_0005.pgm,123,1075,917,22,22,22,0.2152,22.0,0.2152,360,1.000,1.000,10,10,-0.3016,-0.0820,0.3125,NO
capture_0005.pgm,124,255,920,25,24,25,0.2445,25.0,0.2445,437,1.000,1.000,10,2,-0.3170,-0.0582,0.3223,NO
capture_0005.pgm,125,461,920,22,23,23,0.2249,23.0,0.2249,368,1.000,1.000,10,4,-0.3034,-0.0568,0.3086,NO
capture_0005.pgm,126,971,958,21,23,23,0.2249,23.0,0.2249,359,1.000,1.000,11,9,-0.3185,-0.1153,0.3387,NO
capture_0005.pgm,127,561,959,22,23,23,0.2249,23.0,0.2249,368,1.000,1.000,11,5,-0.3262,-0.1083,0.3437,NO
capture_0005.pgm,128,766,959,23,24,24,0.2347,24.0,0.2347,411,1.000,1.000,11,7,-0.3223,-0.1069,0.3396,NO
capture_0005.pgm,129,152,962,25,25,25,0.2445,25.0,0.2445,446,1.000,1.000,11,1,-0.3241,-0.0817,0.3343,NO
capture_0005.pgm,130,1179,961,23,23,23,0.2249,23.0,0.2249,375,1.000,1.000,11,11,-0.2853,-0.0846,0.2976,NO
capture_0005.pgm,131,356,964,23,23,23,0.2249,23.0,0.2249,391,1.000,1.000,11,3,-0.3300,-0.0608,0.3356,NO
capture_0005.pgm,132,50,984,24,23,24,0.2347,24.0,0.2347,398,1.000,1.000,11,0,-0.3214,-0.2845,0.4293,NO
capture_0005.pgm,133,1075,1002,22,23,23,0.2249,23.0,0.2249,375,1.000,1.000,11,10,-0.3022,-0.1016,0.3188,NO
capture_0005.pgm,134,253,1003,24,22,24,0.2347,24.0,0.2347,390,1.000,1.000,11,2,-0.3371,-0.0973,0.3509,NO
capture_0005.pgm,135,664,1003,22,22,22,0.2152,22.0,0.2152,360,1.000,1.000,11,6,-0.3197,-0.0946,0.3333,NO
capture_0005.pgm,136,870,1004,22,23,23,0.2249,23.0,0.2249,375,1.000,1.000,11,8,-0.3060,-0.0834,0.3172,NO
capture_0005.pgm,137,459,1005,24,22,24,0.2347,24.0,0.2347,390,1.000,1.000,11,4,-0.3235,-0.0764,0.3324,NO
capture_0005.pgm,SUMMARY,,,,,,,,,,,,,,,,,
capture_0005.pgm,Count,137,,,,,,,,,,,,,,,
capture_0005.pgm,Missed,1,,,,,,,,,,,,,,,
capture_0005.pgm,Mean,,,,,,,,0.2228,,,,,,,,
capture_0005.pgm,Median,,,,,,,,0.2249,,,,,,,,
capture_0005.pgm,StdDev,,,,,,,,0.0090,,,,,,,,
capture_0005.pgm,Min,,,,,,,,0.2054,,,,,,,,
capture_0005.pgm,Max,,,,,,,,0.2445,,,,,,,,
capture_0006.pgm,1,562,17,23,24,24,0.2347,24.0,0.2347,403,1.000,1.000,0,5,-0.3100,0.0384,0.3123,NO
capture_0006.pgm,2,970,17,23,23,23,0.2249,23.0,0.2249,391,1.000,1.000,0,9,-0.3218,0.0411,0.3244,NO
capture_0006.pgm,3,767,19,24,23,24,0.2347,24.0,0.2347,407,1.000,1.000,0,7,-0.3061,0.0593,0.3118,NO
capture_0006.pgm,4,356,21,24,24,24,0.2347,24.0,0.2347,438,1.000,1.000,0,3,-0.3236,0.0761,0.3324,NO
capture_0006.pgm,5,1175,20,23,23,23,0.2249,23.0,0.2249,388,1.000,1.000,0,11,-0.3180,0.0719,0.3260,NO
capture_0006.pgm,6,149,23,23,22,23,0.2249,23.0,0.2249,382,1.000,1.000,0,1,-0.3470,0.0943,0.3596,NO
capture_0006.pgm,7,877,51,23,23,23,0.2249,23.0,0.2249,391,1.000,1.000,0,8,-0.2311,-0.0443,0.2353,NO
capture_0006.pgm,8,1084,54,23,23,23,0.2249,23.0,0.2249,377,1.000,1.000,0,10,-0.2077,-0.0136,0.2082,NO
capture_0006.pgm,9,676,56,26,24,26,0.2543,26.0,0.2543,453,1.000,1.000,0,6,-0.1959,0.0032,0.1959,NO
capture_0006.pgm,10,259,57,24,23,24,0.2347,24.0,0.2347,404,1.000,1.000,0,2,-0.2720,0.0103,0.2722,NO
capture_0006.pgm,11,468,61,25,24,25,0.2445,25.0,0.2445,452,1.000,1.000,0,4,-0.2291,0.0508,0.2346,NO
capture_0006.pgm,12,764,104,22,22,22,0.2152,22.0,0.2152,353,1.000,1.000,1,7,-0.3360,0.0398,0.3384,NO
capture_0006.pgm,13,151,105,23,23,23,0.2249,23.0,0.2249,388,1.000,1.000,1,1,-0.3280,0.0454,0.3312,NO
capture_0006.pgm,14,968,105,22,22,22,0.2152,22.0,0.2152,353,1.000,1.000,1,9,-0.3420,0.0509,0.3457,NO
capture_0006.pgm,15,560,106,22,22,22,0.2152,22.0,0.2152,353,1.000,1.000,1,5,-0.3301,0.0580,0.3352,NO
capture_0006.pgm,16,360,112,24,23,24,0.2347,24.0,0.2347,411,1.000,1.000,1,3,-0.2851,0.1153,0.3075,NO
capture_0006.pgm,17,465,148,21,22,22,0.2152,22.0,0.2152,338,1.000,1.000,1,4,-0.2590,0.0508,0.2639,NO
capture_0006.pgm,18,1072,149,22,22,22,0.2152,22.0,0.2152,346,1.000,1.000,1,10,-0.3257,0.0647,0.3320,NO
capture_0006.pgm,19,672,152,22,22,22,0.2152,22.0,0.2152,360,1.000,1.000,1,6,-0.2356,0.0912,0.2526,NO
capture_0006.pgm,20,254,156,23,22,23,0.2249,23.0,0.2249,368,1.000,1.000,1,2,-0.3215,0.1276,0.3459,NO
capture_0006.pgm,21,558,192,23,22,23,0.2249,23.0,0.2249,375,1.000,1.000,2,5,-0.3503,0.0482,0.3536,NO
capture_0006.pgm,22,762,192,22,22,22,0.2152,22.0,0.2152,346,1.000,1.000,2,7,-0.3562,0.0496,0.3596,NO
capture_0006.pgm,23,967,192,25,23,25,0.2445,25.0,0.2445,429,1.000,1.000,2,9,-0.3523,0.0509,0.3560,NO
capture_0006.pgm,24,1175,192,22,22,22,0.2152,22.0,0.2152,360,1.000,1.000,2,11,-0.3191,0.0523,0.3234,NO
capture_0006.pgm,25,359,193,22,22,22,0.2152,22.0,0.2152,353,1.000,1.000,2,3,-0.2954,0.0566,0.3008,NO
capture_0006.pgm,26,151,196,24,25,25,0.2445,25.0,0.2445,435,1.000,1.000,2,1,-0.3286,0.0845,0.3393,NO
capture_0006.pgm,27,49,218,21,21,21,0.2054,21.0,0.2054,317,1.000,1.000,2,0,-0.3260,-0.1183,0.3467,NO
capture_0006.pgm,28,859,239,22,21,22,0.2152,22.0,0.2152,338,1.000,1.000,2,8,-0.4083,0.0926,0.4187,NO
capture_0006.pgm,29,248,241,22,22,22,0.2152,22.0,0.2152,353,1.000,1.000,2,2,-0.3808,0.1081,0.3958,NO
capture_0006.pgm,30,659,243,21,22,22,0.2152,22.0,0.2152,338,1.000,1.000,2,6,-0.3633,0.1304,0.3860,NO
capture_0006.pgm,31,1068,244,22,21,22,0.2152,22.0,0.2152,338,1.000,1.000,2,10,-0.3654,0.1429,0.3923,NO
capture_0006.pgm,32,455,245,21,21,21,0.2054,21.0,0.2054,317,1.000,1.000,2,4,-0.3574,0.1486,0.3870,NO
capture_0006.pgm,33,764,279,22,25,25,0.2445,25.0,0.2445,412,1.000,1.000,3,7,-0.3372,0.0496,0.3408,NO
capture_0006.pgm,34,560,278,23,22,23,0.2249,23.0,0.2249,368,1.000,1.000,3,5,-0.3313,0.0384,0.3335,NO
capture_0006.pgm,35,1176,279,22,23,23,0.2249,23.0,0.2249,375,1.000,1.000,3,11,-0.3099,0.0523,0.3143,NO
capture_0006.pgm,36,970,282,23,24,24,0.2347,24.0,0.2347,407,1.000,1.000,3,9,-0.3236,0.0803,0.3334,NO
capture_0006.pgm,37,355,283,24,22,24,0.2347,24.0,0.2347,390,1.000,1.000,3,3,-0.3351,0.0859,0.3460,NO
capture_0006.pgm,38,151,287,24,25,25,0.2445,25.0,0.2445,444,1.000,1.000,3,1,-0.3292,0.1237,0.3517,NO
capture_0006.pgm,39,864,322,24,21,24,0.2347,24.0,0.2347,380,1.000,1.000,3,8,-0.3600,0.0535,0.3640,NO
capture_0006.pgm,40,251,326,24,22,24,0.2347,24.0,0.2347,397,1.000,1.000,3,2,-0.3520,0.0885,0.3630,NO
capture_0006.pgm,41,460,329,23,23,23,0.2249,23.0,0.2249,381,1.000,1.000,3,4,-0.3091,0.1192,0.3312,NO
capture_0006.pgm,42,666,329,23,23,23,0.2249,23.0,0.2249,391,1.000,1.000,3,6,-0.2954,0.1206,0.3191,NO
capture_0006.pgm,43,1073,331,25,23,25,0.2445,25.0,0.2445,418,1.000,1.000,3,10,-0.3170,0.1429,0.3478,NO
capture_0006.pgm,44,971,365,22,22,22,0.2152,22.0,0.2152,360,1.000,1.000,4,9,-0.3144,0.0411,0.3171,NO
capture_0006.pgm,45,562,368,23,21,23,0.2249,23.0,0.2249,359,1.000,1.000,4,5,-0.3123,0.0677,0.3196,NO
capture_0006.pgm,46,766,368,25,22,25,0.2445,25.0,0.2445,419,1.000,1.000,4,7,-0.3182,0.0691,0.3257,NO
capture_0006.pgm,47,1176,370,23,24,24,0.2347,24.0,0.2347,400,1.000,1.000,4,11,-0.3105,0.0914,0.3237,NO
capture_0006.pgm,48,152,372,24,23,24,0.2347,24.0,0.2347,421,1.000,1.000,4,1,-0.3200,0.1041,0.3365,NO
capture_0006.pgm,49,362,373,23,25,25,0.2445,25.0,0.2445,421,1.000,1.000,4,3,-0.2673,0.1153,0.2911,NO
capture_0006.pgm,50,51,390,23,21,23,0.2249,23.0,0.2249,359,1.000,1.000,4,0,-0.3076,-0.1378,0.3370,NO
capture_0006.pgm,51,869,408,22,22,22,0.2152,22.0,0.2152,353,1.000,1.000,4,8,-0.3117,0.0437,0.3148,NO
capture_0006.pgm,52,663,410,22,21,22,0.2152,22.0,0.2152,338,1.000,1.000,4,6,-0.3253,0.0619,0.3312,NO
capture_0006.pgm,53,1071,410,22,21,22,0.2152,22.0,0.2152,338,1.000,1.000,4,10,-0.3372,0.0647,0.3433,NO
capture_0006.pgm,54,257,413,21,21,21,0.2054,21.0,0.2054,317,1.000,1.000,4,2,-0.2939,0.0885,0.3070,NO
capture_0006.pgm,55,463,413,21,21,21,0.2054,21.0,0.2054,317,1.000,1.000,4,4,-0.2803,0.0899,0.2944,NO
capture_0006.pgm,56,971,452,23,22,23,0.2249,23.0,0.2249,368,1.000,1.000,5,9,-0.3150,0.0412,0.3176,NO
capture_0006.pgm,57,764,454,22,23,23,0.2249,23.0,0.2249,375,1.000,1.000,5,7,-0.3384,0.0593,0.3435,NO
capture_0006.pgm,58,153,457,24,24,24,0.2347,24.0,0.2347,438,1.000,1.000,5,1,-0.3108,0.0846,0.3221,NO
capture_0006.pgm,59,564,456,21,22,22,0.2152,22.0,0.2152,338,1.000,1.000,5,5,-0.2933,0.0775,0.3034,NO
capture_0006.pgm,60,354,457,23,21,23,0.2249,23.0,0.2249,359,1.000,1.000,5,3,-0.3461,0.0859,0.3566,NO
capture_0006.pgm,61,1167,458,23,22,23,0.2249,23.0,0.2249,382,1.000,1.000,5,11,-0.3991,0.1012,0.4118,NO
capture_0006.pgm,62,1072,494,23,22,23,0.2249,23.0,0.2249,382,1.000,1.000,5,10,-0.3280,0.0353,0.3299,NO
capture_0006.pgm,63,457,496,22,23,23,0.2249,23.0,0.2249,375,1.000,1.000,5,4,-0.3396,0.0508,0.3433,NO
capture_0006.pgm,64,870,495,22,22,22,0.2152,22.0,0.2152,353,1.000,1.000,5,8,-0.3025,0.0437,0.3057,NO
capture_0006.pgm,65,253,496,22,21,22,0.2152,22.0,0.2152,338,1.000,1.000,5,2,-0.3336,0.0494,0.3373,NO
capture_0006.pgm,66,665,497,21,21,21,0.2054,21.0,0.2054,317,1.000,1.000,5,6,-0.3064,0.0619,0.3126,NO
capture_0006.pgm,67,973,540,22,23,23,0.2249,23.0,0.2249,368,1.000,1.000,6,9,-0.2960,0.0509,0.3003,NO
capture_0006.pgm,68,1174,541,22,23,23,0.2249,23.0,0.2249,375,1.000,1.000,6,11,-0.3313,0.0621,0.3370,NO
capture_0006.pgm,69,770,541,23,23,23,0.2249,23.0,0.2249,384,1.000,1.000,6,7,-0.2803,0.0593,0.2865,NO
capture_0006.pgm,70,356,542,22,22,22,0.2152,22.0,0.2152,360,1.000,1.000,6,3,-0.3271,0.0664,0.3338,NO
capture_0006.pgm,71,150,546,22,22,22,0.2152,22.0,0.2152,353,1.000,1.000,6,1,-0.3408,0.1041,0.3563,NO
capture_0006.pgm,72,561,548,24,24,24,0.2347,24.0,0.2347,430,1.000,1.000,6,5,-0.3233,0.1264,0.3471,NO
capture_0006.pgm,73,50,566,22,22,22,0.2152,22.0,0.2152,346,1.000,1.000,6,0,-0.3185,-0.1183,0.3398,NO
capture_0006.pgm,74,1070,584,23,22,23,0.2249,23.0,0.2249,375,1.000,1.000,6,10,-0.3481,0.0647,0.3541,NO
capture_0006.pgm,75,256,585,21,22,22,0.2152,22.0,0.2152,338,1.000,1.000,6,2,-0.3049,0.0689,0.3126,NO
capture_0006.pgm,76,664,585,23,22,23,0.2249,23.0,0.2249,368,1.000,1.000,6,6,-0.3167,0.0717,0.3247,NO
capture_0006.pgm,77,868,586,21,21,21,0.2054,21.0,0.2054,317,1.000,1.000,6,8,-0.3227,0.0828,0.3331,NO
capture_0006.pgm,78,460,590,22,22,22,0.2152,22.0,0.2152,353,1.000,1.000,6,4,-0.3108,0.1192,0.3329,NO
capture_0006.pgm,79,1180,627,23,23,23,0.2249,23.0,0.2249,405,1.000,1.000,7,11,-0.2732,0.0523,0.2781,NO
capture_0006.pgm,80,151,629,22,22,22,0.2152,22.0,0.2152,353,1.000,1.000,7,1,-0.3316,0.0650,0.3379,NO
capture_0006.pgm,81,561,629,22,22,22,0.2152,22.0,0.2152,360,1.000,1.000,7,5,-0.3238,0.0677,0.3309,NO
capture_0006.pgm,82,771,630,23,22,23,0.2249,23.0,0.2249,375,1.000,1.000,7,7,-0.2711,0.0789,0.2823,NO
capture_0006.pgm,83,357,634,24,23,24,0.2347,24.0,0.2347,400,1.000,1.000,7,3,-0.3179,0.1153,0.3382,NO
capture_0006.pgm,84,976,634,23,24,24,0.2347,24.0,0.2347,407,1.000,1.000,7,9,-0.2672,0.1194,0.2927,NO
capture_0006.pgm,85,54,658,22,21,22,0.2152,22.0,0.2152,338,1.000,1.000,7,0,-0.2800,-0.0694,0.2884,NO
capture_0006.pgm,86,665,670,22,22,22,0.2152,22.0,0.2152,360,1.000,1.000,7,6,-0.3075,0.0521,0.3119,NO
capture_0006.pgm,87,1069,670,23,22,23,0.2249,23.0,0.2249,368,1.000,1.000,7,10,-0.3585,0.0549,0.3627,NO
capture_0006.pgm,88,252,672,22,21,22,0.2152,22.0,0.2152,338,1.000,1.000,7,2,-0.3446,0.0689,0.3514,NO
capture_0006.pgm,89,868,672,22,22,22,0.2152,22.0,0.2152,353,1.000,1.000,7,8,-0.3232,0.0731,0.3314,NO
capture_0006.pgm,90,463,678,23,23,23,0.2249,23.0,0.2249,384,1.000,1.000,7,4,-0.2821,0.1290,0.3101,NO
capture_0006.pgm,91,356,715,22,22,22,0.2152,22.0,0.2152,353,1.000,1.000,8,3,-0.3283,0.0566,0.3331,NO
capture_0006.pgm,92,769,715,23,23,23,0.2249,23.0,0.2249,388,1.000,1.000,8,7,-0.2912,0.0593,0.2972,NO
capture_0006.pgm,93,1174,716,22,22,22,0.2152,22.0,0.2152,353,1.000,1.000,8,11,-0.3324,0.0719,0.3401,NO
capture_0006.pgm,94,972,718,22,23,23,0.2249,23.0,0.2249,375,1.000,1.000,8,9,-0.3069,0.0901,0.3199,NO
capture_0006.pgm,95,155,719,22,22,22,0.2152,22.0,0.2152,353,1.000,1.000,8,1,-0.2930,0.0943,0.3078,NO
capture_0006.pgm,96,568,721,23,24,24,0.2347,24.0,0.2347,407,1.000,1.000,8,5,-0.2560,0.1166,0.2813,NO
capture_0006.pgm,97,254,758,22,21,22,0.2152,22.0,0.2152,338,1.000,1.000,8,2,-0.3256,0.0592,0.3309,NO
capture_0006.pgm,98,871,761,24,23,24,0.2347,24.0,0.2347,403,1.000,1.000,8,8,-0.2945,0.0926,0.3087,NO
capture_0006.pgm,99,465,763,24,23,24,0.2347,24.0,0.2347,404,1.000,1.000,8,4,-0.2631,0.1094,0.2849,NO
capture_0006.pgm,100,1075,763,21,22,22,0.2152,22.0,0.2152,338,1.000,1.000,8,10,-0.3004,0.1136,0.3212,NO
capture_0006.pgm,101,667,765,23,23,23,0.2249,23.0,0.2249,398,1.000,1.000,8,6,-0.2886,0.1304,0.3166,NO
capture_0006.pgm,102,563,801,21,22,22,0.2152,22.0,0.2152,338,1.000,1.000,9,5,-0.3055,0.0482,0.3092,NO
capture_0006.pgm,103,358,804,22,23,23,0.2249,23.0,0.2249,375,1.000,1.000,9,3,-0.3093,0.0761,0.3185,NO
capture_0006.pgm,104,976,803,22,22,22,0.2152,22.0,0.2152,360,1.000,1.000,9,9,-0.2684,0.0705,0.2775,NO
capture_0006.pgm,105,771,805,24,23,24,0.2347,24.0,0.2347,414,1.000,1.000,9,7,-0.2723,0.0887,0.2863,NO
capture_0006.pgm,106,1175,806,25,25,25,0.2445,25.0,0.2445,462,1.000,1.000,9,11,-0.3232,0.1012,0.3387,NO
capture_0006.pgm,107,152,807,23,23,23,0.2249,23.0,0.2249,377,1.000,1.000,9,1,-0.3229,0.1041,0.3393,NO
capture_0006.pgm,108,50,826,21,21,21,0.2054,21.0,0.2054,317,1.000,1.000,9,0,-0.3203,-0.1280,0.3449,NO
capture_0006.pgm,109,1069,840,22,23,23,0.2249,23.0,0.2249,382,1.000,1.000,9,10,-0.3597,0.0158,0.3600,NO
capture_0006.pgm,110,664,843,22,23,23,0.2249,23.0,0.2249,375,1.000,1.000,9,6,-0.3185,0.0424,0.3213,NO
capture_0006.pgm,111,254,845,22,22,22,0.2152,22.0,0.2152,353,1.000,1.000,9,2,-0.3262,0.0592,0.3315,NO
capture_0006.pgm,112,461,847,22,22,22,0.2152,22.0,0.2152,346,1.000,1.000,9,4,-0.3028,0.0801,0.3132,NO
capture_0006.pgm,113,873,851,24,22,24,0.2347,24.0,0.2347,394,1.000,1.000,9,8,-0.2755,0.1220,0.3013,NO
capture_0006.pgm,114,562,890,22,22,22,0.2152,22.0,0.2152,353,1.000,1.000,10,5,-0.3158,0.0677,0.3230,NO
capture_0006.pgm,115,1177,891,23,25,25,0.2445,25.0,0.2445,426,1.000,1.000,10,11,-0.3043,0.0816,0.3150,NO
capture_0006.pgm,116,772,892,24,24,24,0.2347,24.0,0.2347,422,1.000,1.000,10,7,-0.2631,0.0887,0.2776,NO
capture_0006.pgm,117,150,894,24,23,24,0.2347,24.0,0.2347,397,1.000,1.000,10,1,-0.3431,0.1041,0.3585,NO
capture_0006.pgm,118,358,895,23,23,23,0.2249,23.0,0.2249,405,1.000,1.000,10,3,-0.3099,0.1153,0.3306,NO
capture_0006.pgm,119,973,895,24,24,24,0.2347,24.0,0.2347,435,1.000,1.000,10,9,-0.2983,0.1194,0.3213,NO
capture_0006.pgm,120,50,912,21,21,21,0.2054,21.0,0.2054,317,1.000,1.000,10,0,-0.3209,-0.1378,0.3492,NO
capture_0006.pgm,121,868,932,22,22,22,0.2152,22.0,0.2152,353,1.000,1.000,10,8,-0.3250,0.0633,0.3311,NO
capture_0006.pgm,122,1068,932,22,21,22,0.2152,22.0,0.2152,338,1.000,1.000,10,10,-0.3700,0.0647,0.3756,NO
capture_0006.pgm,123,460,933,22,22,22,0.2152,22.0,0.2152,360,1.000,1.000,10,4,-0.3131,0.0703,0.3209,NO
capture_0006.pgm,124,667,935,25,24,25,0.2445,25.0,0.2445,431,1.000,1.000,10,6,-0.2897,0.0913,0.3038,NO
capture_0006.pgm,125,257,936,23,22,23,0.2249,23.0,0.2249,368,1.000,1.000,10,2,-0.2974,0.0983,0.3133,NO
capture_0006.pgm,126,153,977,22,23,23,0.2249,23.0,0.2249,375,1.000,1.000,11,1,-0.3143,0.0650,0.3210,NO
capture_0006.pgm,127,561,976,22,23,23,0.2249,23.0,0.2249,375,1.000,1.000,11,5,-0.3262,0.0580,0.3313,NO
capture_0006.pgm,128,969,977,23,24,24,0.2347,24.0,0.2347,407,1.000,1.000,11,9,-0.3380,0.0705,0.3453,NO
capture_0006.pgm,129,1174,978,23,25,25,0.2445,25.0,0.2445,426,1.000,1.000,11,11,-0.3342,0.0816,0.3440,NO
capture_0006.pgm,130,772,979,22,24,24,0.2347,24.0,0.2347,404,1.000,1.000,11,7,-0.2637,0.0887,0.2782,NO
capture_0006.pgm,131,353,980,24,23,24,0.2347,24.0,0.2347,399,1.000,1.000,11,3,-0.3594,0.0957,0.3719,NO
capture_0006.pgm,132,56,999,22,21,22,0.2152,22.0,0.2152,338,1.000,1.000,11,0,-0.2628,-0.1378,0.2967,NO
capture_0006.pgm,SUMMARY,,,,,,,,,,,,,,,,,
capture_0006.pgm,Count,132,,,,,,,,,,,,,,,
capture_0006.pgm,Missed,7,,,,,,,,,,,,,,,
capture_0006.pgm,Mean,,,,,,,,0.2243,,,,,,,,
capture_0006.pgm,Median,,,,,,,,0.2249,,,,,,,,
capture_0006.pgm,StdDev,,,,,,,,0.0108,,,,,,,,
capture_0006.pgm,Min,,,,,,,,0.2054,,,,,,,,
capture_0006.pgm,Max,,,,,,,,0.2543,,,,,,,,
capture_0007.pgm,1,81,17,23,25,25,0.2445,25.0,0.2445,421,1.000,1.000,0,0,-0.0118,-0.3823,0.3825,NO
capture_0007.pgm,2,496,19,24,25,25,0.2445,25.0,0.2445,445,1.000,1.000,0,4,0.0448,-0.3600,0.3628,NO
capture_0007.pgm,3,897,20,24,25,25,0.2445,25.0,0.2445,441,1.000,1.000,0,8,-0.0355,-0.3475,0.3493,NO
capture_0007.pgm,4,1102,20,22,23,23,0.2249,23.0,0.2249,368,1.000,1.000,0,10,-0.0317,-0.3461,0.3475,NO
capture_0007.pgm,5,284,21,24,24,24,0.2347,24.0,0.2347,438,1.000,1.000,0,2,-0.0275,-0.3418,0.3429,NO
capture_0007.pgm,6,695,28,23,23,23,0.2249,23.0,0.2249,398,1.000,1.000,0,6,-0.0100,-0.2706,0.2708,NO
capture_0007.pgm,7,394,55,28,25,28,0.2738,28.0,0.2738,520,1.000,1.000,0,3,0.0480,0.4087,0.4115,NO
capture_0007.pgm,8,1216,57,23,24,24,0.2347,24.0,0.2347,407,1.000,1.000,1,11,0.0824,-0.4171,0.4252,NO
capture_0007.pgm,9,806,61,24,27,27,0.2641,27.0,0.2641,482,1.000,1.000,1,7,0.0747,-0.3808,0.3880,NO
capture_0007.pgm,10,1013,59,23,24,24,0.2347,24.0,0.2347,414,1.000,1.000,1,9,0.0981,-0.3989,0.4108,NO
capture_0007.pgm,11,192,62,26,28,28,0.2738,28.0,0.2738,516,1.000,1.000,1,1,0.0729,-0.3751,0.3821,NO
capture_0007.pgm,12,604,63,23,26,26,0.2543,26.0,0.2543,452,1.000,1.000,1,5,0.1002,-0.3626,0.3762,NO
capture_0007.pgm,13,899,106,23,24,24,0.2347,24.0,0.2347,400,1.000,1.000,1,8,-0.0166,-0.3573,0.3576,NO
capture_0007.pgm,14,692,107,22,22,22,0.2152,22.0,0.2152,346,1.000,1.000,1,6,-0.0400,-0.3488,0.3511,NO
capture_0007.pgm,15,1102,108,24,24,24,0.2347,24.0,0.2347,413,1.000,1.000,1,10,-0.0323,-0.3363,0.3379,NO
capture_0007.pgm,16,82,110,24,24,24,0.2347,24.0,0.2347,421,1.000,1.000,1,0,-0.0026,-0.3236,0.3236,NO
capture_0007.pgm,17,286,110,23,23,23,0.2249,23.0,0.2249,391,1.000,1.000,1,2,-0.0086,-0.3223,0.3224,NO
capture_0007.pgm,18,497,110,24,23,24,0.2347,24.0,0.2347,407,1.000,1.000,1,4,0.0540,-0.3209,0.3254,NO
capture_0007.pgm,19,186,148,22,22,22,0.2152,22.0,0.2152,353,1.000,1.000,2,1,0.0137,-0.3849,0.3851,NO
capture_0007.pgm,20,1003,149,21,21,21,0.2054,21.0,0.2054,317,1.000,1.000,2,9,-0.0003,-0.3696,0.3696,NO
capture_0007.pgm,21,1209,149,21,21,21,0.2054,21.0,0.2054,317,1.000,1.000,2,11,0.0134,-0.3682,0.3685,NO
capture_0007.pgm,22,596,153,24,22,24,0.2347,24.0,0.2347,397,1.000,1.000,2,5,0.0214,-0.3332,0.3339,NO
capture_0007.pgm,23,797,154,25,23,25,0.2445,25.0,0.2445,418,1.000,1.000,2,7,-0.0139,-0.3221,0.3224,NO
capture_0007.pgm,24,382,158,22,22,22,0.2152,22.0,0.2152,346,1.000,1.000,2,3,-0.0705,-0.2857,0.2943,NO
capture_0007.pgm,25,81,192,24,23,24,0.2347,24.0,0.2347,403,1.000,1.000,2,0,-0.0130,-0.3725,0.3728,NO
capture_0007.pgm,26,898,194,23,25,25,0.2445,25.0,0.2445,417,1.000,1.000,2,8,-0.0269,-0.3475,0.3485,NO
capture_0007.pgm,27,1104,193,21,21,21,0.2054,21.0,0.2054,317,1.000,1.000,2,10,-0.0133,-0.3559,0.3561,NO
capture_0007.pgm,28,285,196,22,23,23,0.2249,23.0,0.2249,382,1.000,1.000,2,2,-0.0189,-0.3320,0.3326,NO
capture_0007.pgm,29,497,196,25,24,25,0.2445,25.0,0.2445,428,1.000,1.000,2,4,0.0534,-0.3307,0.3349,NO
capture_0007.pgm,30,693,195,22,23,23,0.2249,23.0,0.2249,375,1.000,1.000,2,6,-0.0308,-0.3391,0.3405,NO
capture_0007.pgm,31,589,239,22,22,22,0.2152,22.0,0.2152,353,1.000,1.000,3,5,-0.0477,-0.3430,0.3463,NO
capture_0007.pgm,32,178,241,22,21,22,0.2152,22.0,0.2152,338,1.000,1.000,3,1,-0.0652,-0.3262,0.3327,NO
capture_0007.pgm,33,384,242,24,22,24,0.2347,24.0,0.2347,397,1.000,1.000,3,3,-0.0515,-0.3151,0.3192,NO
capture_0007.pgm,34,797,245,21,23,23,0.2249,23.0,0.2249,359,1.000,1.000,3,7,-0.0145,-0.2830,0.2833,NO
capture_0007.pgm,35,998,244,23,23,23,0.2249,23.0,0.2249,384,1.000,1.000,3,9,-0.0497,-0.2914,0.2956,NO
capture_0007.pgm,36,1202,244,22,22,22,0.2152,22.0,0.2152,353,1.000,1.000,3,11,-0.0557,-0.2900,0.2953,NO
capture_0007.pgm,37,899,277,23,22,23,0.2249,23.0,0.2249,368,1.000,1.000,3,8,-0.0177,-0.3866,0.3870,NO
capture_0007.pgm,38,285,279,23,22,23,0.2249,23.0,0.2249,368,1.000,1.000,3,2,-0.0195,-0.3712,0.3717,NO
capture_0007.pgm,39,693,280,22,23,23,0.2249,23.0,0.2249,375,1.000,1.000,3,6,-0.0314,-0.3586,0.3600,NO
capture_0007.pgm,40,492,280,25,23,25,0.2445,25.0,0.2445,427,1.000,1.000,3,4,0.0039,-0.3600,0.3600,NO
capture_0007.pgm,41,1107,282,23,22,23,0.2249,23.0,0.2249,368,1.000,1.000,3,10,0.0155,-0.3363,0.3367,NO
capture_0007.pgm,42,86,287,24,25,25,0.2445,25.0,0.2445,462,1.000,1.000,3,0,0.0353,-0.2943,0.2964,NO
capture_0007.pgm,43,1207,326,22,22,22,0.2152,22.0,0.2152,353,1.000,1.000,4,11,-0.0074,-0.3389,0.3390,NO
capture_0007.pgm,44,386,328,23,23,23,0.2249,23.0,0.2249,375,1.000,1.000,4,3,-0.0325,-0.3248,0.3265,NO
capture_0007.pgm,45,591,327,21,22,22,0.2152,22.0,0.2152,338,1.000,1.000,4,5,-0.0287,-0.3332,0.3345,NO
capture_0007.pgm,46,796,327,22,22,22,0.2152,22.0,0.2152,360,1.000,1.000,4,7,-0.0248,-0.3319,0.3328,NO
capture_0007.pgm,47,179,330,25,23,25,0.2445,25.0,0.2445,425,1.000,1.000,4,1,-0.0560,-0.3066,0.3117,NO
capture_0007.pgm,48,899,366,23,24,24,0.2347,24.0,0.2347,407,1.000,1.000,4,8,-0.0183,-0.3670,0.3675,NO
capture_0007.pgm,49,80,370,25,23,25,0.2445,25.0,0.2445,427,1.000,1.000,4,0,-0.0239,-0.3334,0.3343,NO
capture_0007.pgm,50,288,369,23,23,23,0.2249,23.0,0.2249,390,1.000,1.000,4,2,0.0092,-0.3418,0.3419,NO
capture_0007.pgm,51,491,370,22,22,22,0.2152,22.0,0.2152,353,1.000,1.000,4,4,-0.0065,-0.3307,0.3307,NO
capture_0007.pgm,52,1110,371,23,24,24,0.2347,24.0,0.2347,414,1.000,1.000,4,10,0.0442,-0.3168,0.3198,NO
capture_0007.pgm,53,694,371,22,22,22,0.2152,22.0,0.2152,353,1.000,1.000,4,6,-0.0222,-0.3195,0.3203,NO
capture_0007.pgm,54,1207,410,23,23,23,0.2249,23.0,0.2249,377,1.000,1.000,5,11,-0.0079,-0.3682,0.3683,NO
capture_0007.pgm,55,183,411,22,22,22,0.2152,22.0,0.2152,360,1.000,1.000,5,1,-0.0174,-0.3653,0.3657,NO
capture_0007.pgm,56,1001,411,24,22,24,0.2347,24.0,0.2347,387,1.000,1.000,5,9,-0.0216,-0.3598,0.3605,NO
capture_0007.pgm,57,799,412,21,22,22,0.2152,22.0,0.2152,338,1.000,1.000,5,7,0.0039,-0.3514,0.3514,NO
capture_0007.pgm,58,391,413,21,22,22,0.2152,22.0,0.2152,338,1.000,1.000,5,3,0.0158,-0.3444,0.3448,NO
capture_0007.pgm,59,595,415,23,24,24,0.2347,24.0,0.2347,414,1.000,1.000,5,5,0.0098,-0.3235,0.3236,NO
capture_0007.pgm,60,1106,452,22,24,24,0.2347,24.0,0.2347,397,1.000,1.000,5,10,0.0045,-0.3754,0.3755,NO
capture_0007.pgm,61,897,455,25,25,25,0.2445,25.0,0.2445,462,1.000,1.000,5,8,-0.0385,-0.3475,0.3496,NO
capture_0007.pgm,62,80,455,25,23,25,0.2445,25.0,0.2445,444,1.000,1.000,5,0,-0.0245,-0.3530,0.3538,NO
capture_0007.pgm,63,491,457,22,23,23,0.2249,23.0,0.2249,375,1.000,1.000,5,4,-0.0070,-0.3307,0.3307,NO
capture_0007.pgm,64,693,460,24,23,24,0.2347,24.0,0.2347,404,1.000,1.000,5,6,-0.0325,-0.2999,0.3017,NO
capture_0007.pgm,65,286,462,23,24,24,0.2347,24.0,0.2347,407,1.000,1.000,5,2,-0.0109,-0.2831,0.2833,NO
capture_0007.pgm,66,1001,495,21,22,22,0.2152,22.0,0.2152,338,1.000,1.000,6,9,-0.0222,-0.3892,0.3898,NO
capture_0007.pgm,67,390,496,22,22,22,0.2152,22.0,0.2152,353,1.000,1.000,6,3,0.0054,-0.3835,0.3836,NO
capture_0007.pgm,68,183,497,22,21,22,0.2152,22.0,0.2152,338,1.000,1.000,6,1,-0.0180,-0.3751,0.3755,NO
capture_0007.pgm,69,595,497,22,22,22,0.2152,22.0,0.2152,353,1.000,1.000,6,5,0.0093,-0.3724,0.3725,NO
capture_0007.pgm,70,1205,501,22,22,22,0.2152,22.0,0.2152,353,1.000,1.000,6,11,-0.0281,-0.3291,0.3303,NO
capture_0007.pgm,71,1103,539,23,23,23,0.2249,23.0,0.2249,391,1.000,1.000,6,10,-0.0254,-0.3754,0.3763,NO
capture_0007.pgm,72,82,540,24,24,24,0.2347,24.0,0.2347,418,1.000,1.000,6,0,-0.0056,-0.3725,0.3726,NO
capture_0007.pgm,73,896,539,24,23,24,0.2347,24.0,0.2347,407,1.000,1.000,6,8,-0.0488,-0.3768,0.3800,NO
capture_0007.pgm,74,285,541,23,23,23,0.2249,23.0,0.2249,391,1.000,1.000,6,2,-0.0213,-0.3614,0.3620,NO
capture_0007.pgm,75,694,541,23,24,24,0.2347,24.0,0.2347,400,1.000,1.000,6,6,-0.0233,-0.3586,0.3594,NO
capture_0007.pgm,76,490,545,24,23,24,0.2347,24.0,0.2347,414,1.000,1.000,6,4,-0.0174,-0.3209,0.3214,NO
capture_0007.pgm,77,182,583,22,22,22,0.2152,22.0,0.2152,360,1.000,1.000,7,1,-0.0284,-0.3849,0.3859,NO
capture_0007.pgm,78,795,583,24,22,24,0.2347,24.0,0.2347,387,1.000,1.000,7,7,-0.0364,-0.3808,0.3825,NO
capture_0007.pgm,79,388,584,22,22,22,0.2152,22.0,0.2152,360,1.000,1.000,7,3,-0.0147,-0.3737,0.3740,NO
capture_0007.pgm,80,594,585,22,23,23,0.2249,23.0,0.2249,375,1.000,1.000,7,5,-0.0011,-0.3626,0.3626,NO
capture_0007.pgm,81,998,587,23,22,23,0.2249,23.0,0.2249,368,1.000,1.000,7,9,-0.0521,-0.3403,0.3442,NO
capture_0007.pgm,82,1207,589,25,24,25,0.2445,25.0,0.2445,441,1.000,1.000,7,11,-0.0091,-0.3193,0.3195,NO
capture_0007.pgm,83,284,627,22,23,23,0.2249,23.0,0.2249,375,1.000,1.000,7,2,-0.0316,-0.3712,0.3725,NO
capture_0007.pgm,84,1102,627,23,23,23,0.2249,23.0,0.2249,398,1.000,1.000,7,10,-0.0358,-0.3657,0.3674,NO
capture_0007.pgm,85,83,628,24,23,24,0.2347,24.0,0.2347,421,1.000,1.000,7,0,0.0036,-0.3628,0.3628,NO
capture_0007.pgm,86,694,629,24,24,24,0.2347,24.0,0.2347,420,1.000,1.000,7,6,-0.0239,-0.3488,0.3497,NO
capture_0007.pgm,87,899,629,23,23,23,0.2249,23.0,0.2249,391,1.000,1.000,7,8,-0.0201,-0.3475,0.3480,NO
capture_0007.pgm,88,492,629,23,22,23,0.2249,23.0,0.2249,368,1.000,1.000,7,4,0.0016,-0.3502,0.3502,NO
capture_0007.pgm,89,387,671,23,24,24,0.2347,24.0,0.2347,406,1.000,1.000,8,3,-0.0251,-0.3737,0.3746,NO
capture_0007.pgm,90,1204,671,25,22,25,0.2445,25.0,0.2445,419,1.000,1.000,8,11,-0.0390,-0.3682,0.3703,NO
capture_0007.pgm,91,183,674,23,23,23,0.2249,23.0,0.2249,384,1.000,1.000,8,1,-0.0192,-0.3458,0.3463,NO
capture_0007.pgm,92,591,674,22,22,22,0.2152,22.0,0.2152,353,1.000,1.000,8,5,-0.0310,-0.3430,0.3444,NO
capture_0007.pgm,93,1002,674,25,23,25,0.2445,25.0,0.2445,430,1.000,1.000,8,9,-0.0135,-0.3403,0.3405,NO
capture_0007.pgm,94,801,679,21,21,21,0.2054,21.0,0.2054,317,1.000,1.000,8,7,0.0217,-0.2927,0.2935,NO
capture_0007.pgm,95,694,713,23,24,24,0.2347,24.0,0.2347,399,1.000,1.000,8,6,-0.0245,-0.3782,0.3790,NO
capture_0007.pgm,96,490,714,24,24,24,0.2347,24.0,0.2347,413,1.000,1.000,8,4,-0.0186,-0.3698,0.3702,NO
capture_0007.pgm,97,1101,713,22,23,23,0.2249,23.0,0.2249,375,1.000,1.000,8,10,-0.0461,-0.3754,0.3783,NO
capture_0007.pgm,98,83,716,23,24,24,0.2347,24.0,0.2347,414,1.000,1.000,8,0,0.0031,-0.3530,0.3530,NO
capture_0007.pgm,99,284,717,24,23,24,0.2347,24.0,0.2347,414,1.000,1.000,8,2,-0.0322,-0.3418,0.3433,NO
capture_0007.pgm,100,900,719,24,24,24,0.2347,24.0,0.2347,424,1.000,1.000,8,8,-0.0109,-0.3181,0.3183,NO
capture_0007.pgm,101,797,757,22,23,23,0.2249,23.0,0.2249,368,1.000,1.000,9,7,-0.0180,-0.3808,0.3812,NO
capture_0007.pgm,102,593,757,24,22,24,0.2347,24.0,0.2347,394,1.000,1.000,9,5,-0.0121,-0.3821,0.3823,NO
capture_0007.pgm,103,1202,757,24,23,24,0.2347,24.0,0.2347,407,1.000,1.000,9,11,-0.0592,-0.3780,0.3826,NO
capture_0007.pgm,104,182,758,23,22,23,0.2249,23.0,0.2249,375,1.000,1.000,9,1,-0.0295,-0.3751,0.3763,NO
capture_0007.pgm,105,1002,758,22,22,22,0.2152,22.0,0.2152,360,1.000,1.000,9,9,-0.0141,-0.3696,0.3699,NO
capture_0007.pgm,106,390,763,23,23,23,0.2249,23.0,0.2249,391,1.000,1.000,9,3,0.0036,-0.3248,0.3249,NO
capture_0007.pgm,107,490,798,22,23,23,0.2249,23.0,0.2249,368,1.000,1.000,9,4,-0.0192,-0.3991,0.3996,NO
capture_0007.pgm,108,898,799,23,24,24,0.2347,24.0,0.2347,400,1.000,1.000,9,8,-0.0310,-0.3866,0.3878,NO
capture_0007.pgm,109,286,801,23,24,24,0.2347,24.0,0.2347,400,1.000,1.000,9,2,-0.0132,-0.3712,0.3714,NO
capture_0007.pgm,110,696,801,23,23,23,0.2249,23.0,0.2249,384,1.000,1.000,9,6,-0.0055,-0.3684,0.3684,NO
capture_0007.pgm,111,87,803,24,25,25,0.2445,25.0,0.2445,455,1.000,1.000,9,0,0.0416,-0.3530,0.3554,NO
capture_0007.pgm,112,1104,801,21,22,22,0.2152,22.0,0.2152,338,1.000,1.000,9,10,-0.0174,-0.3657,0.3661,NO
capture_0007.pgm,113,1000,844,22,23,23,0.2249,23.0,0.2249,375,1.000,1.000,10,9,-0.0343,-0.3794,0.3809,NO
capture_0007.pgm,114,589,844,23,22,23,0.2249,23.0,0.2249,375,1.000,1.000,10,5,-0.0518,-0.3821,0.3856,NO
capture_0007.pgm,115,390,847,22,23,23,0.2249,23.0,0.2249,382,1.000,1.000,10,3,0.0031,-0.3542,0.3542,NO
capture_0007.pgm,116,795,847,24,24,24,0.2347,24.0,0.2347,416,1.000,1.000,10,7,-0.0381,-0.3514,0.3535,NO
capture_0007.pgm,117,1208,846,21,22,22,0.2152,22.0,0.2152,338,1.000,1.000,10,11,-0.0011,-0.3585,0.3585,NO
capture_0007.pgm,118,184,848,23,23,23,0.2249,23.0,0.2249,384,1.000,1.000,10,1,-0.0106,-0.3458,0.3459,NO
capture_0007.pgm,119,87,890,24,24,24,0.2347,24.0,0.2347,438,1.000,1.000,10,0,0.0410,-0.3530,0.3553,NO
capture_0007.pgm,120,492,892,23,27,27,0.2641,27.0,0.2641,465,1.000,1.000,10,4,-0.0002,-0.3307,0.3307,NO
capture_0007.pgm,121,901,890,22,23,23,0.2249,23.0,0.2249,368,1.000,1.000,10,8,-0.0023,-0.3475,0.3475,NO
capture_0007.pgm,122,693,891,24,24,24,0.2347,24.0,0.2347,431,1.000,1.000,10,6,-0.0355,-0.3391,0.3409,NO
capture_0007.pgm,123,288,893,23,26,26,0.2543,26.0,0.2543,453,1.000,1.000,10,2,0.0057,-0.3223,0.3223,NO
capture_0007.pgm,124,1108,892,22,23,23,0.2249,23.0,0.2249,375,1.000,1.000,10,10,0.0212,-0.3265,0.3272,NO
capture_0007.pgm,125,1211,930,25,24,25,0.2445,25.0,0.2445,436,1.000,1.000,11,11,0.0277,-0.3878,0.3888,NO
capture_0007.pgm,126,184,932,23,22,23,0.2249,23.0,0.2249,368,1.000,1.000,11,1,-0.0112,-0.3751,0.3753,NO
capture_0007.pgm,127,1002,932,22,22,22,0.2152,22.0,0.2152,353,1.000,1.000,11,9,-0.0153,-0.3696,0.3699,NO
capture_0007.pgm,128,794,935,23,25,25,0.2445,25.0,0.2445,424,1.000,1.000,11,7,-0.0485,-0.3416,0.3451,NO
capture_0007.pgm,129,389,937,25,23,25,0.2445,25.0,0.2445,418,1.000,1.000,11,3,-0.0073,-0.3248,0.3249,NO
capture_0007.pgm,130,591,937,22,23,23,0.2249,23.0,0.2249,368,1.000,1.000,11,5,-0.0328,-0.3235,0.3251,NO
capture_0007.pgm,131,695,974,23,23,23,0.2249,23.0,0.2249,391,1.000,1.000,11,6,-0.0165,-0.3782,0.3785,NO
capture_0007.pgm,132,901,976,22,23,23,0.2249,23.0,0.2249,382,1.000,1.000,11,8,-0.0028,-0.3572,0.3573,NO
capture_0007.pgm,133,88,979,23,24,24,0.2347,24.0,0.2347,414,1.000,1.000,11,0,0.0502,-0.3334,0.3372,NO
capture_0007.pgm,134,493,979,22,23,23,0.2249,23.0,0.2249,375,1.000,1.000,11,4,0.0090,-0.3307,0.3308,NO
capture_0007.pgm,135,284,980,24,24,24,0.2347,24.0,0.2347,423,1.000,1.000,11,2,-0.0340,-0.3223,0.3240,NO
capture_0007.pgm,136,1105,979,23,23,23,0.2249,23.0,0.2249,388,1.000,1.000,11,10,-0.0088,-0.3265,0.3267,NO
capture_0007.pgm,SUMMARY,,,,,,,,,,,,,,,,,
capture_0007.pgm,Count,136,,,,,,,,,,,,,,,
capture_0007.pgm,Missed,3,,,,,,,,,,,,,,,
capture_0007.pgm,Mean,,,,,,,,0.2298,,,,,,,,
capture_0007.pgm,Median,,,,,,,,0.2249,,,,,,,,
capture_0007.pgm,StdDev,,,,,,,,0.0126,,,,,,,,
capture_0007.pgm,Min,,,,,,,,0.2054,,,,,,,,
capture_0007.pgm,Max,,,,,,,,0.2738,,,,,,,,
capture_0008.pgm,1,795,46,24,23,24,0.2347,24.0,0.2347,404,1.000,1.000,0,7,-0.0323,0.3234,0.3250,NO
capture_0008.pgm,2,1204,46,24,22,24,0.2347,24.0,0.2347,387,1.000,1.000,0,11,-0.0344,0.3261,0.3279,NO
capture_0008.pgm,3,183,48,24,23,24,0.2347,24.0,0.2347,400,1.000,1.000,0,1,-0.0145,0.3388,0.3391,NO
capture_0008.pgm,4,388,48,23,23,23,0.2249,23.0,0.2249,398,1.000,1.000,0,3,-0.0107,0.3402,0.3404,NO
capture_0008.pgm,5,592,47,23,23,23,0.2249,23.0,0.2249,398,1.000,1.000,0,5,-0.0166,0.3318,0.3322,NO
capture_0008.pgm,6,1003,49,21,21,21,0.2054,21.0,0.2054,317,1.000,1.000,0,9,0.0009,0.3541,0.3541,NO
capture_0008.pgm,7,696,86,22,24,24,0.2347,24.0,0.2347,397,1.000,1.000,0,6,-0.0003,0.2966,0.2966,NO
capture_0008.pgm,8,899,88,22,21,22,0.2152,22.0,0.2152,338,1.000,1.000,0,8,-0.0160,0.3176,0.3180,NO
capture_0008.pgm,9,489,93,22,24,24,0.2347,24.0,0.2347,390,1.000,1.000,0,4,-0.0237,0.3637,0.3645,NO
capture_0008.pgm,10,1106,93,25,25,25,0.2445,25.0,0.2445,463,1.000,1.000,0,10,0.0074,0.3678,0.3679,NO
capture_0008.pgm,11,281,95,25,23,25,0.2445,25.0,0.2445,419,1.000,1.000,0,2,-0.0569,0.3819,0.3861,NO
capture_0008.pgm,12,82,95,23,22,23,0.2249,23.0,0.2249,368,1.000,1.000,0,0,-0.0020,0.3805,0.3805,NO
capture_0008.pgm,13,186,132,22,22,22,0.2152,22.0,0.2152,353,1.000,1.000,1,1,0.0143,0.3095,0.3098,NO
capture_0008.pgm,14,592,133,26,23,26,0.2543,26.0,0.2543,437,1.000,1.000,1,5,-0.0172,0.3220,0.3225,NO
capture_0008.pgm,15,803,134,23,24,24,0.2347,24.0,0.2347,404,1.000,1.000,1,7,0.0454,0.3332,0.3362,NO
capture_0008.pgm,16,1000,133,22,22,22,0.2152,22.0,0.2152,353,1.000,1.000,1,9,-0.0290,0.3248,0.3261,NO
capture_0008.pgm,17,388,136,25,23,25,0.2445,25.0,0.2445,419,1.000,1.000,1,3,-0.0112,0.3500,0.3502,NO
capture_0008.pgm,18,1204,139,23,23,23,0.2249,23.0,0.2249,391,1.000,1.000,1,11,-0.0349,0.3848,0.3864,NO
capture_0008.pgm,19,488,179,25,23,25,0.2445,25.0,0.2445,437,1.000,1.000,1,4,-0.0340,0.3539,0.3556,NO
capture_0008.pgm,20,899,178,22,22,22,0.2152,22.0,0.2152,360,1.000,1.000,1,8,-0.0166,0.3469,0.3473,NO
capture_0008.pgm,21,693,179,23,22,23,0.2249,23.0,0.2249,368,1.000,1.000,1,6,-0.0302,0.3553,0.3566,NO
capture_0008.pgm,22,1102,179,23,23,23,0.2249,23.0,0.2249,381,1.000,1.000,1,10,-0.0323,0.3581,0.3595,NO
capture_0008.pgm,23,84,180,23,22,23,0.2249,23.0,0.2249,375,1.000,1.000,1,0,0.0169,0.3610,0.3614,NO
capture_0008.pgm,24,281,182,22,21,22,0.2152,22.0,0.2152,338,1.000,1.000,1,2,-0.0575,0.3819,0.3862,NO
capture_0008.pgm,25,590,218,22,23,23,0.2249,23.0,0.2249,368,1.000,1.000,2,5,-0.0373,0.3025,0.3047,NO
capture_0008.pgm,26,1204,217,22,22,22,0.2152,22.0,0.2152,353,1.000,1.000,2,11,-0.0355,0.2968,0.2989,NO
capture_0008.pgm,27,184,219,22,22,22,0.2152,22.0,0.2152,353,1.000,1.000,2,1,-0.0059,0.3095,0.3095,NO
capture_0008.pgm,28,387,220,25,23,25,0.2445,25.0,0.2445,437,1.000,1.000,2,3,-0.0216,0.3206,0.3214,NO
capture_0008.pgm,29,998,221,23,23,23,0.2249,23.0,0.2249,388,1.000,1.000,2,9,-0.0492,0.3345,0.3381,NO
capture_0008.pgm,30,795,225,24,23,24,0.2347,24.0,0.2347,398,1.000,1.000,2,7,-0.0335,0.3723,0.3738,NO
capture_0008.pgm,31,491,262,23,24,24,0.2347,24.0,0.2347,395,1.000,1.000,2,4,-0.0053,0.3148,0.3149,NO
capture_0008.pgm,32,1102,262,22,22,22,0.2152,22.0,0.2152,353,1.000,1.000,2,10,-0.0328,0.3189,0.3206,NO
capture_0008.pgm,33,283,263,24,23,24,0.2347,24.0,0.2347,406,1.000,1.000,2,2,-0.0385,0.3232,0.3255,NO
capture_0008.pgm,34,689,267,24,24,24,0.2347,24.0,0.2347,431,1.000,1.000,2,6,-0.0699,0.3651,0.3717,NO
capture_0008.pgm,35,84,268,24,25,25,0.2445,25.0,0.2445,454,1.000,1.000,2,0,0.0163,0.3707,0.3711,NO
capture_0008.pgm,36,900,268,22,23,23,0.2249,23.0,0.2249,368,1.000,1.000,2,8,-0.0074,0.3762,0.3763,NO
capture_0008.pgm,37,796,307,23,24,24,0.2347,24.0,0.2347,407,1.000,1.000,3,7,-0.0243,0.3234,0.3243,NO
capture_0008.pgm,38,185,309,25,24,25,0.2445,25.0,0.2445,428,1.000,1.000,3,1,0.0033,0.3388,0.3388,NO
capture_0008.pgm,39,1002,309,24,25,25,0.2445,25.0,0.2445,439,1.000,1.000,3,9,-0.0106,0.3443,0.3445,NO
capture_0008.pgm,40,1204,309,25,24,25,0.2445,25.0,0.2445,435,1.000,1.000,3,11,-0.0361,0.3457,0.3476,NO
capture_0008.pgm,41,386,311,24,23,24,0.2347,24.0,0.2347,421,1.000,1.000,3,3,-0.0320,0.3598,0.3612,NO
capture_0008.pgm,42,592,310,22,22,22,0.2152,22.0,0.2152,353,1.000,1.000,3,5,-0.0183,0.3514,0.3518,NO
capture_0008.pgm,43,490,348,21,22,22,0.2152,22.0,0.2152,338,1.000,1.000,3,4,-0.0157,0.3050,0.3054,NO
capture_0008.pgm,44,283,350,22,23,23,0.2249,23.0,0.2249,368,1.000,1.000,3,2,-0.0391,0.3232,0.3256,NO
capture_0008.pgm,45,901,349,23,22,23,0.2249,23.0,0.2249,375,1.000,1.000,3,8,0.0018,0.3176,0.3176,NO
capture_0008.pgm,46,1103,351,22,23,23,0.2249,23.0,0.2249,375,1.000,1.000,3,10,-0.0237,0.3385,0.3393,NO
capture_0008.pgm,47,84,352,24,24,24,0.2347,24.0,0.2347,427,1.000,1.000,3,0,0.0158,0.3414,0.3418,NO
capture_0008.pgm,48,693,353,23,24,24,0.2347,24.0,0.2347,411,1.000,1.000,3,6,-0.0314,0.3553,0.3567,NO
capture_0008.pgm,49,1205,390,22,21,22,0.2152,22.0,0.2152,338,1.000,1.000,4,11,-0.0269,0.2870,0.2883,NO
capture_0008.pgm,50,389,394,22,21,22,0.2152,22.0,0.2152,338,1.000,1.000,4,3,-0.0032,0.3206,0.3207,NO
capture_0008.pgm,51,1001,395,21,21,21,0.2054,21.0,0.2054,317,1.000,1.000,4,9,-0.0210,0.3345,0.3352,NO
capture_0008.pgm,52,191,397,24,23,24,0.2347,24.0,0.2347,400,1.000,1.000,4,1,0.0614,0.3486,0.3540,NO
capture_0008.pgm,53,798,398,22,22,22,0.2152,22.0,0.2152,360,1.000,1.000,4,7,-0.0053,0.3625,0.3626,NO
capture_0008.pgm,54,590,402,24,24,24,0.2347,24.0,0.2347,423,1.000,1.000,4,5,-0.0385,0.4003,0.4021,NO
capture_0008.pgm,55,85,437,23,23,23,0.2249,23.0,0.2249,398,1.000,1.000,4,0,0.0250,0.3218,0.3228,NO
capture_0008.pgm,56,693,438,23,24,24,0.2347,24.0,0.2347,404,1.000,1.000,4,6,-0.0319,0.3357,0.3373,NO
capture_0008.pgm,57,900,438,23,23,23,0.2249,23.0,0.2249,391,1.000,1.000,4,8,-0.0085,0.3371,0.3372,NO
capture_0008.pgm,58,490,439,24,23,24,0.2347,24.0,0.2347,421,1.000,1.000,4,4,-0.0162,0.3442,0.3445,NO
capture_0008.pgm,59,281,440,24,23,24,0.2347,24.0,0.2347,407,1.000,1.000,4,2,-0.0592,0.3526,0.3575,NO
capture_0008.pgm,60,1101,440,22,22,22,0.2152,22.0,0.2152,353,1.000,1.000,4,10,-0.0438,0.3581,0.3607,NO
capture_0008.pgm,61,1000,480,23,24,24,0.2347,24.0,0.2347,414,1.000,1.000,5,9,-0.0314,0.3150,0.3165,NO
capture_0008.pgm,62,390,482,24,23,24,0.2347,24.0,0.2347,403,1.000,1.000,5,3,0.0060,0.3304,0.3305,NO
capture_0008.pgm,63,588,482,22,22,22,0.2152,22.0,0.2152,346,1.000,1.000,5,5,-0.0586,0.3318,0.3369,NO
capture_0008.pgm,64,797,484,23,23,23,0.2249,23.0,0.2249,384,1.000,1.000,5,7,-0.0156,0.3527,0.3531,NO
capture_0008.pgm,65,1209,485,23,23,23,0.2249,23.0,0.2249,391,1.000,1.000,5,11,0.0116,0.3653,0.3654,NO
capture_0008.pgm,66,190,488,23,24,24,0.2347,24.0,0.2347,414,1.000,1.000,5,1,0.0510,0.3877,0.3911,NO
capture_0008.pgm,67,491,521,22,23,23,0.2249,23.0,0.2249,368,1.000,1.000,5,4,-0.0070,0.2953,0.2953,NO
capture_0008.pgm,68,695,524,23,23,23,0.2249,23.0,0.2249,383,1.000,1.000,5,6,-0.0130,0.3260,0.3262,NO
capture_0008.pgm,69,899,525,22,23,23,0.2249,23.0,0.2249,375,1.000,1.000,5,8,-0.0189,0.3371,0.3377,NO
capture_0008.pgm,70,1106,526,22,22,22,0.2152,22.0,0.2152,353,1.000,1.000,5,10,0.0045,0.3483,0.3483,NO
capture_0008.pgm,71,85,527,23,23,23,0.2249,23.0,0.2249,390,1.000,1.000,5,0,0.0244,0.3512,0.3520,NO
capture_0008.pgm,72,287,528,21,22,22,0.2152,22.0,0.2152,338,1.000,1.000,5,2,-0.0011,0.3623,0.3623,NO
capture_0008.pgm,73,799,565,22,23,23,0.2249,23.0,0.2249,375,1.000,1.000,6,7,0.0033,0.2941,0.2941,NO
capture_0008.pgm,74,389,568,22,22,22,0.2152,22.0,0.2152,353,1.000,1.000,6,3,-0.0044,0.3206,0.3207,NO
capture_0008.pgm,75,590,568,22,22,22,0.2152,22.0,0.2152,353,1.000,1.000,6,5,-0.0396,0.3220,0.3245,NO
capture_0008.pgm,76,1001,568,22,23,23,0.2249,23.0,0.2249,375,1.000,1.000,6,9,-0.0222,0.3248,0.3255,NO
capture_0008.pgm,77,189,570,22,22,22,0.2152,22.0,0.2152,353,1.000,1.000,6,1,0.0407,0.3388,0.3413,NO
capture_0008.pgm,78,1203,571,23,23,23,0.2249,23.0,0.2249,383,1.000,1.000,6,11,-0.0476,0.3555,0.3587,NO
capture_0008.pgm,79,899,607,22,23,23,0.2249,23.0,0.2249,368,1.000,1.000,6,8,-0.0195,0.2882,0.2889,NO
capture_0008.pgm,80,695,612,22,23,23,0.2249,23.0,0.2249,375,1.000,1.000,6,6,-0.0136,0.3358,0.3360,NO
capture_0008.pgm,81,86,613,22,23,23,0.2249,23.0,0.2249,375,1.000,1.000,6,0,0.0336,0.3414,0.3431,NO
capture_0008.pgm,82,495,615,24,25,25,0.2445,25.0,0.2445,437,1.000,1.000,6,4,0.0315,0.3637,0.3651,NO
capture_0008.pgm,83,289,616,23,23,23,0.2249,23.0,0.2249,384,1.000,1.000,6,2,0.0179,0.3721,0.3725,NO
capture_0008.pgm,84,1111,617,25,24,25,0.2445,25.0,0.2445,442,1.000,1.000,6,10,0.0528,0.3874,0.3910,NO
capture_0008.pgm,85,592,653,23,23,23,0.2249,23.0,0.2249,384,1.000,1.000,7,5,-0.0207,0.3025,0.3032,NO
capture_0008.pgm,86,389,653,23,22,23,0.2249,23.0,0.2249,375,1.000,1.000,7,3,-0.0050,0.3011,0.3011,NO
capture_0008.pgm,87,798,654,22,22,22,0.2152,22.0,0.2152,360,1.000,1.000,7,7,-0.0070,0.3136,0.3137,NO
capture_0008.pgm,88,1000,654,23,22,23,0.2249,23.0,0.2249,368,1.000,1.000,7,9,-0.0325,0.3150,0.3167,NO
capture_0008.pgm,89,188,657,24,23,24,0.2347,24.0,0.2347,403,1.000,1.000,7,1,0.0303,0.3388,0.3402,NO
capture_0008.pgm,90,1206,658,21,21,21,0.2054,21.0,0.2054,317,1.000,1.000,7,11,-0.0189,0.3555,0.3560,NO
capture_0008.pgm,91,901,697,22,23,23,0.2249,23.0,0.2249,375,1.000,1.000,7,8,-0.0005,0.3176,0.3176,NO
capture_0008.pgm,92,1104,697,25,23,25,0.2445,25.0,0.2445,431,1.000,1.000,7,10,-0.0162,0.3189,0.3194,NO
capture_0008.pgm,93,696,698,23,23,23,0.2249,23.0,0.2249,398,1.000,1.000,7,6,-0.0044,0.3260,0.3260,NO
capture_0008.pgm,94,287,699,24,23,24,0.2347,24.0,0.2347,399,1.000,1.000,7,2,-0.0023,0.3330,0.3330,NO
capture_0008.pgm,95,494,700,22,22,22,0.2152,22.0,0.2152,360,1.000,1.000,7,4,0.0211,0.3442,0.3448,NO
capture_0008.pgm,96,89,703,23,23,23,0.2249,23.0,0.2249,405,1.000,1.000,7,0,0.0623,0.3707,0.3759,NO
capture_0008.pgm,97,1001,740,24,23,24,0.2347,24.0,0.2347,407,1.000,1.000,8,9,-0.0233,0.3052,0.3061,NO
capture_0008.pgm,98,392,741,21,22,22,0.2152,22.0,0.2152,338,1.000,1.000,8,3,0.0238,0.3109,0.3118,NO
capture_0008.pgm,99,593,742,22,23,23,0.2249,23.0,0.2249,375,1.000,1.000,8,5,-0.0115,0.3220,0.3222,NO
capture_0008.pgm,100,801,741,21,22,22,0.2152,22.0,0.2152,338,1.000,1.000,8,7,0.0217,0.3136,0.3144,NO
capture_0008.pgm,101,189,745,23,23,23,0.2249,23.0,0.2249,391,1.000,1.000,8,1,0.0395,0.3486,0.3508,NO
capture_0008.pgm,102,1206,747,25,24,25,0.2445,25.0,0.2445,429,1.000,1.000,8,11,-0.0195,0.3750,0.3755,NO
capture_0008.pgm,103,900,784,23,24,24,0.2347,24.0,0.2347,414,1.000,1.000,8,8,-0.0109,0.3176,0.3178,NO
capture_0008.pgm,104,285,786,24,24,24,0.2347,24.0,0.2347,428,1.000,1.000,8,2,-0.0224,0.3330,0.3338,NO
capture_0008.pgm,105,491,786,24,24,24,0.2347,24.0,0.2347,410,1.000,1.000,8,4,-0.0088,0.3344,0.3345,NO
capture_0008.pgm,106,692,786,24,24,24,0.2347,24.0,0.2347,423,1.000,1.000,8,6,-0.0441,0.3358,0.3386,NO
capture_0008.pgm,107,1101,785,23,22,23,0.2249,23.0,0.2249,375,1.000,1.000,8,10,-0.0461,0.3287,0.3319,NO
capture_0008.pgm,108,85,789,23,24,24,0.2347,24.0,0.2347,407,1.000,1.000,8,0,0.0226,0.3610,0.3617,NO
capture_0008.pgm,109,592,826,22,22,22,0.2152,22.0,0.2152,360,1.000,1.000,9,5,-0.0218,0.2927,0.2935,NO
capture_0008.pgm,110,799,826,21,22,22,0.2152,22.0,0.2152,338,1.000,1.000,9,7,0.0016,0.2941,0.2941,NO
capture_0008.pgm,111,187,828,22,23,23,0.2249,23.0,0.2249,375,1.000,1.000,9,1,0.0194,0.3095,0.3101,NO
capture_0008.pgm,112,391,828,24,24,24,0.2347,24.0,0.2347,431,1.000,1.000,9,3,0.0134,0.3109,0.3112,NO
capture_0008.pgm,113,1002,827,22,22,22,0.2152,22.0,0.2152,360,1.000,1.000,9,9,-0.0141,0.3052,0.3055,NO
capture_0008.pgm,114,1208,831,23,22,23,0.2249,23.0,0.2249,375,1.000,1.000,9,11,-0.0005,0.3457,0.3457,NO
capture_0008.pgm,115,1102,869,24,24,24,0.2347,24.0,0.2347,422,1.000,1.000,9,10,-0.0369,0.2994,0.3017,NO
capture_0008.pgm,116,694,872,22,25,25,0.2445,25.0,0.2445,412,1.000,1.000,9,6,-0.0251,0.3260,0.3269,NO
capture_0008.pgm,117,490,871,22,22,22,0.2152,22.0,0.2152,353,1.000,1.000,9,4,-0.0192,0.3148,0.3154,NO
capture_0008.pgm,118,901,876,23,25,25,0.2445,25.0,0.2445,437,1.000,1.000,9,8,-0.0017,0.3665,0.3665,NO
capture_0008.pgm,119,89,876,24,23,24,0.2347,24.0,0.2347,400,1.000,1.000,9,0,0.0611,0.3610,0.3661,NO
capture_0008.pgm,120,288,877,25,24,25,0.2445,25.0,0.2445,455,1.000,1.000,9,2,0.0063,0.3721,0.3722,NO
capture_0008.pgm,121,1003,912,23,23,23,0.2249,23.0,0.2249,398,1.000,1.000,10,9,-0.0049,0.2857,0.2857,NO
capture_0008.pgm,122,800,914,23,24,24,0.2347,24.0,0.2347,395,1.000,1.000,10,7,0.0108,0.3038,0.3040,NO
capture_0008.pgm,123,1205,914,24,24,24,0.2347,24.0,0.2347,412,1.000,1.000,10,11,-0.0304,0.3066,0.3081,NO
capture_0008.pgm,124,388,915,23,22,23,0.2249,23.0,0.2249,382,1.000,1.000,10,3,-0.0165,0.3109,0.3113,NO
capture_0008.pgm,125,589,915,24,22,24,0.2347,24.0,0.2347,390,1.000,1.000,10,5,-0.0518,0.3122,0.3165,NO
capture_0008.pgm,126,187,919,23,24,24,0.2347,24.0,0.2347,421,1.000,1.000,10,1,0.0188,0.3486,0.3491,NO
capture_0008.pgm,127,83,958,25,23,25,0.2445,25.0,0.2445,426,1.000,1.000,10,0,0.0019,0.3121,0.3121,NO
capture_0008.pgm,128,692,958,22,23,23,0.2249,23.0,0.2249,375,1.000,1.000,10,6,-0.0452,0.3162,0.3194,NO
capture_0008.pgm,129,1105,958,23,25,25,0.2445,25.0,0.2445,426,1.000,1.000,10,10,-0.0082,0.3189,0.3190,NO
capture_0008.pgm,130,897,960,22,24,24,0.2347,24.0,0.2347,397,1.000,1.000,10,8,-0.0414,0.3371,0.3397,NO
capture_0008.pgm,131,288,962,22,24,24,0.2347,24.0,0.2347,390,1.000,1.000,10,2,0.0057,0.3526,0.3526,NO
capture_0008.pgm,132,495,963,23,23,23,0.2249,23.0,0.2249,398,1.000,1.000,10,4,0.0292,0.3637,0.3649,NO
capture_0008.pgm,133,1207,998,22,23,23,0.2249,23.0,0.2249,375,1.000,1.000,11,11,-0.0114,0.2772,0.2775,NO
capture_0008.pgm,134,799,999,22,23,23,0.2249,23.0,0.2249,375,1.000,1.000,11,7,0.0004,0.2843,0.2843,NO
capture_0008.pgm,135,594,1002,25,24,25,0.2445,25.0,0.2445,438,1.000,1.000,11,5,-0.0034,0.3122,0.3123,NO
capture_0008.pgm,136,1005,1002,24,24,24,0.2347,24.0,0.2347,423,1.000,1.000,11,9,0.0140,0.3150,0.3153,NO
capture_0008.pgm,137,391,1004,23,24,24,0.2347,24.0,0.2347,403,1.000,1.000,11,3,0.0123,0.3304,0.3307,NO
capture_0008.pgm,138,186,1005,22,22,22,0.2152,22.0,0.2152,353,1.000,1.000,11,1,0.0084,0.3388,0.3389,NO
capture_0008.pgm,SUMMARY,,,,,,,,,,,,,,,,,
capture_0008.pgm,Count,138,,,,,,,,,,,,,,,
capture_0008.pgm,Missed,0,,,,,,,,,,,,,,,
capture_0008.pgm,Mean,,,,,,,,0.2283,,,,,,,,
capture_0008.pgm,Median,,,,,,,,0.2249,,,,,,,,
capture_0008.pgm,StdDev,,,,,,,,0.0102,,,,,,,,
capture_0008.pgm,Min,,,,,,,,0.2054,,,,,,,,
capture_0008.pgm,Max,,,,,,,,0.2543,,,,,,,,
capture_0009.pgm,1,386,28,24,23,24,0.2347,24.0,0.2347,406,1.000,1.000,0,3,-0.0302,0.1446,0.1477,NO
capture_0009.pgm,2,592,29,22,22,22,0.2152,22.0,0.2152,353,1.000,1.000,0,5,-0.0166,0.1558,0.1566,NO
capture_0009.pgm,3,186,32,24,24,24,0.2347,24.0,0.2347,438,1.000,1.000,0,1,0.0148,0.1823,0.1830,NO
capture_0009.pgm,4,1005,33,23,23,23,0.2249,23.0,0.2249,391,1.000,1.000,0,9,0.0205,0.1976,0.1987,NO
capture_0009.pgm,5,798,35,22,24,24,0.2347,24.0,0.2347,390,1.000,1.000,0,7,-0.0029,0.2158,0.2158,NO
capture_0009.pgm,6,80,71,24,24,24,0.2347,24.0,0.2347,416,1.000,1.000,0,0,-0.0216,0.1458,0.1474,NO
capture_0009.pgm,7,897,71,21,22,22,0.2152,22.0,0.2152,338,1.000,1.000,0,8,-0.0355,0.1513,0.1554,NO
capture_0009.pgm,8,491,73,23,23,23,0.2249,23.0,0.2249,391,1.000,1.000,0,4,-0.0041,0.1681,0.1682,NO
capture_0009.pgm,9,284,76,26,25,26,0.2543,26.0,0.2543,471,1.000,1.000,0,2,-0.0275,0.1961,0.1980,NO
capture_0009.pgm,10,1109,76,23,23,23,0.2249,23.0,0.2249,384,1.000,1.000,0,10,0.0368,0.2016,0.2049,NO
capture_0009.pgm,11,696,79,24,26,26,0.2543,26.0,0.2543,456,1.000,1.000,0,6,-0.0003,0.2282,0.2282,NO
capture_0009.pgm,12,591,114,24,23,24,0.2347,24.0,0.2347,395,1.000,1.000,1,5,-0.0269,0.1362,0.1388,NO
capture_0009.pgm,13,1002,115,22,23,23,0.2249,23.0,0.2249,375,1.000,1.000,1,9,-0.0095,0.1487,0.1490,NO
capture_0009.pgm,14,799,117,22,24,24,0.2347,24.0,0.2347,397,1.000,1.000,1,7,0.0063,0.1669,0.1670,NO
capture_0009.pgm,15,184,119,23,22,23,0.2249,23.0,0.2249,375,1.000,1.000,1,1,-0.0053,0.1823,0.1824,NO
capture_0009.pgm,16,1215,121,24,25,25,0.2445,25.0,0.2445,444,1.000,1.000,1,11,0.0726,0.2088,0.2211,NO
capture_0009.pgm,17,387,121,24,24,24,0.2347,24.0,0.2347,431,1.000,1.000,1,3,-0.0210,0.2033,0.2044,NO
capture_0009.pgm,18,694,158,21,21,21,0.2054,21.0,0.2054,317,1.000,1.000,1,6,-0.0204,0.1499,0.1513,NO
capture_0009.pgm,19,896,158,25,22,25,0.2445,25.0,0.2445,419,1.000,1.000,1,8,-0.0459,0.1513,0.1581,NO
capture_0009.pgm,20,1103,159,22,24,24,0.2347,24.0,0.2347,387,1.000,1.000,1,10,-0.0225,0.1625,0.1640,NO
capture_0009.pgm,21,284,161,22,22,22,0.2152,22.0,0.2152,353,1.000,1.000,1,2,-0.0281,0.1765,0.1787,NO
capture_0009.pgm,22,492,164,22,22,22,0.2152,22.0,0.2152,346,1.000,1.000,1,4,0.0051,0.2072,0.2073,NO
capture_0009.pgm,23,82,166,24,23,24,0.2347,24.0,0.2347,398,1.000,1.000,1,0,-0.0026,0.2240,0.2241,NO
capture_0009.pgm,24,1205,199,21,22,22,0.2152,22.0,0.2152,338,1.000,1.000,2,11,-0.0257,0.1208,0.1235,NO
capture_0009.pgm,25,593,201,21,22,22,0.2152,22.0,0.2152,338,1.000,1.000,2,5,-0.0080,0.1362,0.1364,NO
capture_0009.pgm,26,798,202,23,21,23,0.2249,23.0,0.2249,359,1.000,1.000,2,7,-0.0041,0.1474,0.1474,NO
capture_0009.pgm,27,179,206,23,22,23,0.2249,23.0,0.2249,368,1.000,1.000,2,1,-0.0548,0.1823,0.1904,NO
capture_0009.pgm,28,391,208,25,24,25,0.2445,25.0,0.2445,437,1.000,1.000,2,3,0.0175,0.2033,0.2040,NO
capture_0009.pgm,29,1000,211,22,23,23,0.2249,23.0,0.2249,368,1.000,1.000,2,9,-0.0296,0.2367,0.2386,NO
capture_0009.pgm,30,900,244,22,22,22,0.2152,22.0,0.2152,353,1.000,1.000,2,8,-0.0074,0.1415,0.1417,NO
capture_0009.pgm,31,694,245,21,21,21,0.2054,21.0,0.2054,317,1.000,1.000,2,6,-0.0210,0.1499,0.1514,NO
capture_0009.pgm,32,486,247,22,24,24,0.2347,24.0,0.2347,397,1.000,1.000,2,4,-0.0542,0.1681,0.1766,NO
capture_0009.pgm,33,1102,246,22,21,22,0.2152,22.0,0.2152,338,1.000,1.000,2,10,-0.0328,0.1625,0.1657,NO
capture_0009.pgm,34,83,251,24,22,24,0.2347,24.0,0.2347,397,1.000,1.000,2,0,0.0066,0.2045,0.2046,NO
capture_0009.pgm,35,285,252,23,24,24,0.2347,24.0,0.2347,428,1.000,1.000,2,2,-0.0189,0.2156,0.2165,NO
capture_0009.pgm,36,798,287,23,22,23,0.2249,23.0,0.2249,368,1.000,1.000,3,7,-0.0047,0.1278,0.1279,NO
capture_0009.pgm,37,1206,291,23,25,25,0.2445,25.0,0.2445,429,1.000,1.000,3,11,-0.0165,0.1697,0.1705,NO
capture_0009.pgm,38,1003,291,23,24,24,0.2347,24.0,0.2347,414,1.000,1.000,3,9,-0.0008,0.1683,0.1683,NO
capture_0009.pgm,39,385,291,25,22,25,0.2445,25.0,0.2445,419,1.000,1.000,3,3,-0.0417,0.1642,0.1694,NO
capture_0009.pgm,40,590,293,23,22,23,0.2249,23.0,0.2249,382,1.000,1.000,3,5,-0.0379,0.1851,0.1889,NO
capture_0009.pgm,41,179,295,23,23,23,0.2249,23.0,0.2249,391,1.000,1.000,3,1,-0.0554,0.2019,0.2094,NO
capture_0009.pgm,42,285,333,22,23,23,0.2249,23.0,0.2249,368,1.000,1.000,3,2,-0.0195,0.1570,0.1582,NO
capture_0009.pgm,43,489,333,23,22,23,0.2249,23.0,0.2249,382,1.000,1.000,3,4,-0.0254,0.1583,0.1604,NO
capture_0009.pgm,44,82,339,24,26,26,0.2543,26.0,0.2543,461,1.000,1.000,3,0,-0.0038,0.2143,0.2143,NO
capture_0009.pgm,45,697,339,22,23,23,0.2249,23.0,0.2249,368,1.000,1.000,3,6,0.0078,0.2184,0.2185,NO
capture_0009.pgm,46,900,338,25,23,25,0.2445,25.0,0.2445,430,1.000,1.000,3,8,-0.0079,0.2100,0.2101,NO
capture_0009.pgm,47,1105,340,25,24,25,0.2445,25.0,0.2445,447,1.000,1.000,3,10,-0.0041,0.2309,0.2310,NO
capture_0009.pgm,48,591,375,22,23,23,0.2249,23.0,0.2249,368,1.000,1.000,4,5,-0.0287,0.1362,0.1392,NO
capture_0009.pgm,49,798,375,22,23,23,0.2249,23.0,0.2249,375,1.000,1.000,4,7,-0.0053,0.1376,0.1377,NO
capture_0009.pgm,50,1001,376,25,22,25,0.2445,25.0,0.2445,407,1.000,1.000,4,9,-0.0210,0.1487,0.1502,NO
capture_0009.pgm,51,184,378,22,21,22,0.2152,22.0,0.2152,338,1.000,1.000,4,1,-0.0071,0.1628,0.1629,NO
capture_0009.pgm,52,386,380,23,23,23,0.2249,23.0,0.2249,391,1.000,1.000,4,3,-0.0325,0.1837,0.1866,NO
capture_0009.pgm,53,1204,379,24,23,24,0.2347,24.0,0.2347,403,1.000,1.000,4,11,-0.0367,0.1794,0.1832,NO
capture_0009.pgm,54,284,417,24,23,24,0.2347,24.0,0.2347,404,1.000,1.000,4,2,-0.0299,0.1276,0.1311,NO
capture_0009.pgm,55,899,419,25,24,25,0.2445,25.0,0.2445,430,1.000,1.000,4,8,-0.0183,0.1513,0.1524,NO
capture_0009.pgm,56,495,419,24,23,24,0.2347,24.0,0.2347,404,1.000,1.000,4,4,0.0327,0.1486,0.1521,NO
capture_0009.pgm,57,694,421,24,24,24,0.2347,24.0,0.2347,415,1.000,1.000,4,6,-0.0222,0.1695,0.1709,NO
capture_0009.pgm,58,82,422,22,23,23,0.2249,23.0,0.2249,375,1.000,1.000,4,0,-0.0044,0.1751,0.1752,NO
capture_0009.pgm,59,1103,423,24,23,24,0.2347,24.0,0.2347,411,1.000,1.000,4,10,-0.0242,0.1918,0.1933,NO
capture_0009.pgm,60,387,463,22,22,22,0.2152,22.0,0.2152,353,1.000,1.000,5,3,-0.0234,0.1446,0.1465,NO
capture_0009.pgm,61,592,463,23,22,23,0.2249,23.0,0.2249,375,1.000,1.000,5,5,-0.0195,0.1460,0.1473,NO
capture_0009.pgm,62,798,464,24,24,24,0.2347,24.0,0.2347,435,1.000,1.000,5,7,-0.0059,0.1571,0.1572,NO
capture_0009.pgm,63,998,464,23,22,23,0.2249,23.0,0.2249,372,1.000,1.000,5,9,-0.0509,0.1585,0.1665,NO
capture_0009.pgm,64,1204,465,23,22,23,0.2249,23.0,0.2249,382,1.000,1.000,5,11,-0.0373,0.1697,0.1737,NO
capture_0009.pgm,65,184,467,21,21,21,0.2054,21.0,0.2054,317,1.000,1.000,5,1,-0.0076,0.1823,0.1825,NO
capture_0009.pgm,66,493,507,23,23,23,0.2249,23.0,0.2249,384,1.000,1.000,5,4,0.0125,0.1583,0.1588,NO
capture_0009.pgm,67,899,509,23,25,25,0.2445,25.0,0.2445,430,1.000,1.000,5,8,-0.0189,0.1806,0.1816,NO
capture_0009.pgm,68,690,510,25,23,25,0.2445,25.0,0.2445,424,1.000,1.000,5,6,-0.0619,0.1891,0.1989,NO
capture_0009.pgm,69,1102,511,23,22,23,0.2249,23.0,0.2249,368,1.000,1.000,5,10,-0.0346,0.2016,0.2045,NO
capture_0009.pgm,70,287,513,25,24,25,0.2445,25.0,0.2445,452,1.000,1.000,5,2,-0.0011,0.2156,0.2156,NO
capture_0009.pgm,71,86,513,24,23,24,0.2347,24.0,0.2347,411,1.000,1.000,5,0,0.0341,0.2143,0.2170,NO
capture_0009.pgm,72,796,548,23,23,23,0.2249,23.0,0.2249,388,1.000,1.000,6,7,-0.0260,0.1278,0.1304,NO
capture_0009.pgm,73,1003,548,22,24,24,0.2347,24.0,0.2347,397,1.000,1.000,6,9,-0.0026,0.1292,0.1292,NO
capture_0009.pgm,74,387,548,22,22,22,0.2152,22.0,0.2152,353,1.000,1.000,6,3,-0.0239,0.1250,0.1273,NO
capture_0009.pgm,75,185,551,24,22,24,0.2347,24.0,0.2347,397,1.000,1.000,6,1,0.0015,0.1530,0.1530,NO
capture_0009.pgm,76,593,551,22,22,22,0.2152,22.0,0.2152,353,1.000,1.000,6,5,-0.0103,0.1558,0.1561,NO
capture_0009.pgm,77,1207,555,22,24,24,0.2347,24.0,0.2347,404,1.000,1.000,6,11,-0.0085,0.1990,0.1992,NO
capture_0009.pgm,78,84,594,24,24,24,0.2347,24.0,0.2347,428,1.000,1.000,6,0,0.0140,0.1556,0.1562,NO
capture_0009.pgm,79,490,595,23,23,23,0.2249,23.0,0.2249,391,1.000,1.000,6,4,-0.0174,0.1681,0.1690,NO
capture_0009.pgm,80,897,595,22,24,24,0.2347,24.0,0.2347,390,1.000,1.000,6,8,-0.0390,0.1709,0.1753,NO
capture_0009.pgm,81,695,595,23,23,23,0.2249,23.0,0.2249,381,1.000,1.000,6,6,-0.0136,0.1695,0.1700,NO
capture_0009.pgm,82,1104,596,23,24,24,0.2347,24.0,0.2347,414,1.000,1.000,6,10,-0.0156,0.1820,0.1827,NO
capture_0009.pgm,83,285,597,23,24,24,0.2347,24.0,0.2347,400,1.000,1.000,6,2,-0.0213,0.1863,0.1875,NO
capture_0009.pgm,84,188,638,23,22,23,0.2249,23.0,0.2249,368,1.000,1.000,7,1,0.0303,0.1530,0.1560,NO
capture_0009.pgm,85,386,639,24,23,24,0.2347,24.0,0.2347,404,1.000,1.000,7,3,-0.0343,0.1642,0.1677,NO
capture_0009.pgm,86,1004,638,22,23,23,0.2249,23.0,0.2249,375,1.000,1.000,7,9,0.0066,0.1585,0.1586,NO
capture_0009.pgm,87,1208,639,22,22,22,0.2152,22.0,0.2152,360,1.000,1.000,7,11,0.0007,0.1697,0.1697,NO
capture_0009.pgm,88,593,640,24,22,24,0.2347,24.0,0.2347,397,1.000,1.000,7,5,-0.0109,0.1753,0.1757,NO
capture_0009.pgm,89,798,643,24,25,25,0.2445,25.0,0.2445,437,1.000,1.000,7,7,-0.0070,0.2060,0.2062,NO
capture_0009.pgm,90,285,679,22,22,22,0.2152,22.0,0.2152,346,1.000,1.000,7,2,-0.0218,0.1374,0.1391,NO
capture_0009.pgm,91,490,681,22,23,23,0.2249,23.0,0.2249,368,1.000,1.000,7,4,-0.0180,0.1583,0.1594,NO
capture_0009.pgm,92,899,680,23,22,23,0.2249,23.0,0.2249,375,1.000,1.000,7,8,-0.0201,0.1513,0.1526,NO
capture_0009.pgm,93,702,682,25,24,25,0.2445,25.0,0.2445,440,1.000,1.000,7,6,0.0543,0.1695,0.1780,NO
capture_0009.pgm,94,83,686,24,23,24,0.2347,24.0,0.2347,414,1.000,1.000,7,0,0.0036,0.2045,0.2045,NO
capture_0009.pgm,95,1105,687,24,25,25,0.2445,25.0,0.2445,447,1.000,1.000,7,10,-0.0064,0.2211,0.2212,NO
capture_0009.pgm,96,595,724,23,22,23,0.2249,23.0,0.2249,375,1.000,1.000,8,5,0.0081,0.1460,0.1462,NO
capture_0009.pgm,97,390,725,22,22,22,0.2152,22.0,0.2152,360,1.000,1.000,8,3,0.0042,0.1544,0.1544,NO
capture_0009.pgm,98,182,726,23,22,23,0.2249,23.0,0.2249,375,1.000,1.000,8,1,-0.0290,0.1628,0.1653,NO
capture_0009.pgm,99,1209,727,22,23,23,0.2249,23.0,0.2249,368,1.000,1.000,8,11,0.0099,0.1794,0.1797,NO
capture_0009.pgm,100,793,727,24,22,24,0.2347,24.0,0.2347,397,1.000,1.000,8,7,-0.0565,0.1767,0.1855,NO
capture_0009.pgm,101,1003,727,22,22,22,0.2152,22.0,0.2152,360,1.000,1.000,8,9,-0.0038,0.1781,0.1781,NO
capture_0009.pgm,102,898,766,22,22,22,0.2152,22.0,0.2152,360,1.000,1.000,8,8,-0.0304,0.1415,0.1448,NO
capture_0009.pgm,103,695,767,23,23,23,0.2249,23.0,0.2249,384,1.000,1.000,8,6,-0.0147,0.1499,0.1507,NO
capture_0009.pgm,104,492,769,23,23,23,0.2249,23.0,0.2249,384,1.000,1.000,8,4,0.0010,0.1681,0.1681,NO
capture_0009.pgm,105,1102,772,21,22,22,0.2152,22.0,0.2152,338,1.000,1.000,8,10,-0.0364,0.2016,0.2048,NO
capture_0009.pgm,106,289,775,23,23,23,0.2249,23.0,0.2249,384,1.000,1.000,8,2,0.0167,0.2254,0.2260,NO
capture_0009.pgm,107,86,776,24,23,24,0.2347,24.0,0.2347,421,1.000,1.000,8,0,0.0324,0.2338,0.2361,NO
capture_0009.pgm,108,185,811,22,22,22,0.2152,22.0,0.2152,360,1.000,1.000,9,1,-0.0002,0.1432,0.1432,NO
capture_0009.pgm,109,389,811,22,22,22,0.2152,22.0,0.2152,353,1.000,1.000,9,3,-0.0061,0.1446,0.1447,NO
capture_0009.pgm,110,594,811,23,21,23,0.2249,23.0,0.2249,359,1.000,1.000,9,5,-0.0023,0.1460,0.1460,NO
capture_0009.pgm,111,799,812,22,22,22,0.2152,22.0,0.2152,353,1.000,1.000,9,7,0.0016,0.1571,0.1571,NO
capture_0009.pgm,112,1209,813,23,24,24,0.2347,24.0,0.2347,411,1.000,1.000,9,11,0.0093,0.1697,0.1699,NO
capture_0009.pgm,113,1005,818,24,25,25,0.2445,25.0,0.2445,447,1.000,1.000,9,9,0.0152,0.2172,0.2177,NO
capture_0009.pgm,114,902,853,23,23,23,0.2249,23.0,0.2249,383,1.000,1.000,9,8,0.0081,0.1415,0.1418,NO
capture_0009.pgm,115,491,854,22,23,23,0.2249,23.0,0.2249,368,1.000,1.000,9,4,-0.0094,0.1486,0.1489,NO
capture_0009.pgm,116,695,854,23,23,23,0.2249,23.0,0.2249,384,1.000,1.000,9,6,-0.0153,0.1499,0.1507,NO
capture_0009.pgm,117,84,856,22,23,23,0.2249,23.0,0.2249,382,1.000,1.000,9,0,0.0122,0.1654,0.1658,NO
capture_0009.pgm,118,1104,858,22,22,22,0.2152,22.0,0.2152,360,1.000,1.000,9,10,-0.0174,0.1918,0.1926,NO
capture_0009.pgm,119,292,860,25,22,25,0.2445,25.0,0.2445,419,1.000,1.000,9,2,0.0454,0.2059,0.2108,NO
capture_0009.pgm,120,387,898,23,23,23,0.2249,23.0,0.2249,381,1.000,1.000,10,3,-0.0263,0.1446,0.1470,NO
capture_0009.pgm,121,799,899,24,24,24,0.2347,24.0,0.2347,430,1.000,1.000,10,7,0.0010,0.1571,0.1571,NO
capture_0009.pgm,122,1209,901,22,23,23,0.2249,23.0,0.2249,382,1.000,1.000,10,11,0.0087,0.1794,0.1797,NO
capture_0009.pgm,123,597,902,22,23,23,0.2249,23.0,0.2249,382,1.000,1.000,10,5,0.0265,0.1851,0.1870,NO
capture_0009.pgm,124,187,904,24,25,25,0.2445,25.0,0.2445,447,1.000,1.000,10,1,0.0188,0.2019,0.2028,NO
capture_0009.pgm,125,1003,903,21,22,22,0.2152,22.0,0.2152,338,1.000,1.000,10,9,-0.0049,0.1976,0.1977,NO
capture_0009.pgm,126,490,943,25,25,25,0.2445,25.0,0.2445,451,1.000,1.000,10,4,-0.0197,0.1681,0.1693,NO
capture_0009.pgm,127,903,941,22,22,22,0.2152,22.0,0.2152,360,1.000,1.000,10,8,0.0173,0.1513,0.1523,NO
capture_0009.pgm,128,698,942,21,22,22,0.2152,22.0,0.2152,338,1.000,1.000,10,6,0.0134,0.1597,0.1603,NO
capture_0009.pgm,129,83,944,23,23,23,0.2249,23.0,0.2249,384,1.000,1.000,10,0,0.0019,0.1751,0.1752,NO
capture_0009.pgm,130,286,943,23,23,23,0.2249,23.0,0.2249,398,1.000,1.000,10,2,-0.0138,0.1667,0.1673,NO
capture_0009.pgm,131,1105,945,24,24,24,0.2347,24.0,0.2347,427,1.000,1.000,10,10,-0.0082,0.1918,0.1920,NO
capture_0009.pgm,132,594,985,23,24,24,0.2347,24.0,0.2347,404,1.000,1.000,11,5,-0.0034,0.1460,0.1460,NO
capture_0009.pgm,133,1002,985,21,21,21,0.2054,21.0,0.2054,317,1.000,1.000,11,9,-0.0153,0.1487,0.1495,NO
capture_0009.pgm,134,1207,986,22,23,23,0.2249,23.0,0.2249,368,1.000,1.000,11,11,-0.0114,0.1599,0.1603,NO
capture_0009.pgm,135,187,986,21,21,21,0.2054,21.0,0.2054,317,1.000,1.000,11,1,0.0182,0.1530,0.1541,NO
capture_0009.pgm,136,799,988,23,24,24,0.2347,24.0,0.2347,407,1.000,1.000,11,7,0.0004,0.1767,0.1767,NO
capture_0009.pgm,137,388,988,24,22,24,0.2347,24.0,0.2347,390,1.000,1.000,11,3,-0.0171,0.1739,0.1748,NO
capture_0009.pgm,SUMMARY,,,,,,,,,,,,,,,,,
capture_0009.pgm,Count,137,,,,,,,,,,,,,,,
capture_0009.pgm,Missed,0,,,,,,,,,,,,,,,
capture_0009.pgm,Mean,,,,,,,,0.2285,,,,,,,,
capture_0009.pgm,Median,,,,,,,,0.2249,,,,,,,,
capture_0009.pgm,StdDev,,,,,,,,0.0108,,,,,,,,
capture_0009.pgm,Min,,,,,,,,0.2054,,,,,,,,
capture_0009.pgm,Max,,,,,,,,0.2543,,,,,,,,
capture_0010.pgm,1,1208,14,24,26,26,0.2543,26.0,0.2543,461,1.000,1.000,0,11,0.0048,0.0132,0.0140,NO
capture_0010.pgm,2,185,14,23,23,23,0.2249,23.0,0.2249,377,1.000,1.000,0,1,0.0051,0.0063,0.0081,NO
capture_0010.pgm,3,391,14,25,24,25,0.2445,25.0,0.2445,444,1.000,1.000,0,3,0.0187,0.0077,0.0202,NO
capture_0010.pgm,4,593,13,22,22,22,0.2152,22.0,0.2152,360,1.000,1.000,0,5,-0.0068,-0.0007,0.0068,NO
capture_0010.pgm,5,797,16,22,23,23,0.2249,23.0,0.2249,368,1.000,1.000,0,7,-0.0127,0.0300,0.0326,NO
capture_0010.pgm,6,285,55,24,24,24,0.2347,24.0,0.2347,419,1.000,1.000,0,2,-0.0178,-0.0093,0.0200,NO
capture_0010.pgm,7,694,55,23,22,23,0.2249,23.0,0.2249,368,1.000,1.000,0,6,-0.0198,-0.0066,0.0209,NO
capture_0010.pgm,8,899,55,21,21,21,0.2054,21.0,0.2054,317,1.000,1.000,0,8,-0.0160,-0.0052,0.0168,NO
capture_0010.pgm,9,1102,57,22,23,23,0.2249,23.0,0.2249,368,1.000,1.000,0,10,-0.0317,0.0158,0.0354,NO
capture_0010.pgm,10,81,58,24,23,24,0.2347,24.0,0.2347,407,1.000,1.000,0,0,-0.0118,0.0187,0.0221,NO
capture_0010.pgm,11,491,60,23,26,26,0.2543,26.0,0.2543,447,1.000,1.000,0,4,-0.0041,0.0410,0.0412,NO
capture_0010.pgm,12,1206,98,21,21,21,0.2054,21.0,0.2054,317,1.000,1.000,1,11,-0.0154,-0.0162,0.0223,NO
capture_0010.pgm,13,800,100,22,23,23,0.2249,23.0,0.2249,382,1.000,1.000,1,7,0.0160,0.0007,0.0160,NO
capture_0010.pgm,14,182,102,24,23,24,0.2347,24.0,0.2347,411,1.000,1.000,1,1,-0.0249,0.0161,0.0296,NO
capture_0010.pgm,15,393,101,23,22,23,0.2249,23.0,0.2249,375,1.000,1.000,1,3,0.0377,0.0077,0.0384,NO
capture_0010.pgm,16,1005,103,23,23,23,0.2249,23.0,0.2249,377,1.000,1.000,1,9,0.0199,0.0314,0.0371,NO
capture_0010.pgm,17,591,104,24,23,24,0.2347,24.0,0.2347,395,1.000,1.000,1,5,-0.0269,0.0384,0.0469,NO
capture_0010.pgm,18,283,141,24,24,24,0.2347,24.0,0.2347,422,1.000,1.000,1,2,-0.0379,-0.0191,0.0424,NO
capture_0010.pgm,19,901,140,21,21,21,0.2054,21.0,0.2054,317,1.000,1.000,1,8,0.0030,-0.0247,0.0249,NO
capture_0010.pgm,20,1102,141,21,21,21,0.2054,21.0,0.2054,317,1.000,1.000,1,10,-0.0323,-0.0136,0.0350,NO
capture_0010.pgm,21,83,142,22,22,22,0.2152,22.0,0.2152,360,1.000,1.000,1,0,0.0071,-0.0107,0.0128,NO
capture_0010.pgm,22,491,143,23,23,23,0.2249,23.0,0.2249,375,1.000,1.000,1,4,-0.0047,0.0019,0.0051,NO
capture_0010.pgm,23,184,184,22,22,22,0.2152,22.0,0.2152,353,1.000,1.000,2,1,-0.0059,-0.0328,0.0333,NO
capture_0010.pgm,24,1206,184,21,22,22,0.2152,22.0,0.2152,338,1.000,1.000,2,11,-0.0160,-0.0259,0.0305,NO
capture_0010.pgm,25,388,185,23,21,23,0.2249,23.0,0.2249,359,1.000,1.000,2,3,-0.0118,-0.0217,0.0247,NO
capture_0010.pgm,26,797,186,22,21,22,0.2152,22.0,0.2152,338,1.000,1.000,2,7,-0.0139,-0.0091,0.0166,NO
capture_0010.pgm,27,1005,190,22,23,23,0.2249,23.0,0.2249,382,1.000,1.000,2,9,0.0193,0.0314,0.0368,NO
capture_0010.pgm,28,596,192,22,22,22,0.2152,22.0,0.2152,360,1.000,1.000,2,5,0.0214,0.0482,0.0527,NO
capture_0010.pgm,29,286,228,22,22,22,0.2152,22.0,0.2152,346,1.000,1.000,2,2,-0.0091,-0.0191,0.0212,NO
capture_0010.pgm,30,901,228,21,21,21,0.2054,21.0,0.2054,317,1.000,1.000,2,8,0.0024,-0.0150,0.0151,NO
capture_0010.pgm,31,81,230,22,21,22,0.2152,22.0,0.2152,338,1.000,1.000,2,0,-0.0130,-0.0009,0.0130,NO
capture_0010.pgm,32,696,231,22,23,23,0.2249,23.0,0.2249,375,1.000,1.000,2,6,-0.0014,0.0130,0.0131,NO
capture_0010.pgm,33,1104,231,21,22,22,0.2152,22.0,0.2152,338,1.000,1.000,2,10,-0.0133,0.0158,0.0206,NO
capture_0010.pgm,34,487,234,24,23,24,0.2347,24.0,0.2347,414,1.000,1.000,2,4,-0.0444,0.0410,0.0604,NO
capture_0010.pgm,35,183,266,25,24,25,0.2445,25.0,0.2445,445,1.000,1.000,3,1,-0.0163,-0.0817,0.0833,NO
capture_0010.pgm,36,1001,271,21,21,21,0.2054,21.0,0.2054,317,1.000,1.000,3,9,-0.0204,-0.0273,0.0341,NO
capture_0010.pgm,37,388,274,23,23,23,0.2249,23.0,0.2249,405,1.000,1.000,3,3,-0.0124,-0.0021,0.0126,NO
capture_0010.pgm,38,1206,273,23,22,23,0.2249,23.0,0.2249,375,1.000,1.000,3,11,-0.0165,-0.0064,0.0177,NO
capture_0010.pgm,39,798,275,24,24,24,0.2347,24.0,0.2347,431,1.000,1.000,3,7,-0.0047,0.0104,0.0114,NO
capture_0010.pgm,40,595,278,22,22,22,0.2152,22.0,0.2152,353,1.000,1.000,3,5,0.0110,0.0384,0.0399,NO
capture_0010.pgm,41,286,310,24,23,24,0.2347,24.0,0.2347,406,1.000,1.000,3,2,-0.0097,-0.0680,0.0687,NO
capture_0010.pgm,42,901,314,22,24,24,0.2347,24.0,0.2347,387,1.000,1.000,3,8,0.0018,-0.0247,0.0248,NO
capture_0010.pgm,43,1105,314,22,23,23,0.2249,23.0,0.2249,375,1.000,1.000,3,10,-0.0041,-0.0234,0.0237,NO
capture_0010.pgm,44,80,316,23,23,23,0.2249,23.0,0.2249,388,1.000,1.000,3,0,-0.0234,-0.0107,0.0257,NO
capture_0010.pgm,45,695,315,21,21,21,0.2054,21.0,0.2054,317,1.000,1.000,3,6,-0.0118,-0.0163,0.0201,NO
capture_0010.pgm,46,489,317,24,24,24,0.2347,24.0,0.2347,426,1.000,1.000,3,4,-0.0254,0.0019,0.0255,NO
capture_0010.pgm,47,185,359,22,21,22,0.2152,22.0,0.2152,338,1.000,1.000,4,1,0.0027,-0.0230,0.0232,NO
capture_0010.pgm,48,389,362,24,24,24,0.2347,24.0,0.2347,428,1.000,1.000,4,3,-0.0032,0.0077,0.0083,NO
capture_0010.pgm,49,999,362,22,22,22,0.2152,22.0,0.2152,353,1.000,1.000,4,9,-0.0405,0.0118,0.0422,NO
capture_0010.pgm,50,803,363,21,22,22,0.2152,22.0,0.2152,338,1.000,1.000,4,7,0.0436,0.0202,0.0481,NO
capture_0010.pgm,51,1214,364,23,24,24,0.2347,24.0,0.2347,414,1.000,1.000,4,11,0.0611,0.0327,0.0693,NO
capture_0010.pgm,52,596,364,22,22,22,0.2152,22.0,0.2152,360,1.000,1.000,4,5,0.0202,0.0286,0.0350,NO
capture_0010.pgm,53,901,401,22,22,22,0.2152,22.0,0.2152,353,1.000,1.000,4,8,0.0013,-0.0247,0.0248,NO
capture_0010.pgm,54,1105,402,22,24,24,0.2347,24.0,0.2347,390,1.000,1.000,4,10,-0.0047,-0.0136,0.0144,NO
capture_0010.pgm,55,489,403,22,24,24,0.2347,24.0,0.2347,390,1.000,1.000,4,4,-0.0260,-0.0079,0.0272,NO
capture_0010.pgm,56,691,403,22,21,22,0.2152,22.0,0.2152,338,1.000,1.000,4,6,-0.0515,-0.0065,0.0519,NO
capture_0010.pgm,57,81,406,24,24,24,0.2347,24.0,0.2347,431,1.000,1.000,4,0,-0.0142,0.0187,0.0234,NO
capture_0010.pgm,58,285,406,22,22,22,0.2152,22.0,0.2152,353,1.000,1.000,4,2,-0.0201,0.0200,0.0284,NO
capture_0010.pgm,59,804,446,22,24,24,0.2347,24.0,0.2347,390,1.000,1.000,5,7,0.0528,-0.0189,0.0561,NO
capture_0010.pgm,60,185,446,22,22,22,0.2152,22.0,0.2152,360,1.000,1.000,5,1,0.0021,-0.0230,0.0231,NO
capture_0010.pgm,61,593,447,24,23,24,0.2347,24.0,0.2347,414,1.000,1.000,5,5,-0.0097,-0.0105,0.0143,NO
capture_0010.pgm,62,386,447,22,22,22,0.2152,22.0,0.2152,360,1.000,1.000,5,3,-0.0331,-0.0119,0.0352,NO
capture_0010.pgm,63,1002,447,22,22,22,0.2152,22.0,0.2152,360,1.000,1.000,5,9,-0.0118,-0.0077,0.0141,NO
capture_0010.pgm,64,1207,455,24,23,24,0.2347,24.0,0.2347,414,1.000,1.000,5,11,-0.0079,0.0719,0.0723,NO
capture_0010.pgm,65,288,492,23,23,23,0.2249,23.0,0.2249,391,1.000,1.000,5,2,0.0087,0.0103,0.0134,NO
capture_0010.pgm,66,491,492,22,23,23,0.2249,23.0,0.2249,368,1.000,1.000,5,4,-0.0070,0.0116,0.0136,NO
capture_0010.pgm,67,82,492,24,23,24,0.2347,24.0,0.2347,411,1.000,1.000,5,0,-0.0050,0.0089,0.0102,NO
capture_0010.pgm,68,1105,492,23,22,23,0.2249,23.0,0.2249,368,1.000,1.000,5,10,-0.0053,0.0158,0.0166,NO
capture_0010.pgm,69,692,495,25,25,25,0.2445,25.0,0.2445,459,1.000,1.000,5,6,-0.0423,0.0424,0.0599,NO
capture_0010.pgm,70,908,494,23,22,23,0.2249,23.0,0.2249,382,1.000,1.000,5,8,0.0691,0.0339,0.0770,NO
capture_0010.pgm,71,1000,533,23,23,23,0.2249,23.0,0.2249,391,1.000,1.000,6,9,-0.0319,-0.0175,0.0364,NO
capture_0010.pgm,72,186,534,23,23,23,0.2249,23.0,0.2249,398,1.000,1.000,6,1,0.0113,-0.0132,0.0174,NO
capture_0010.pgm,73,1209,535,24,24,24,0.2347,24.0,0.2347,423,1.000,1.000,6,11,0.0110,0.0034,0.0116,NO
capture_0010.pgm,74,594,536,21,23,23,0.2249,23.0,0.2249,359,1.000,1.000,6,5,-0.0005,0.0091,0.0091,NO
capture_0010.pgm,75,803,536,23,23,23,0.2249,23.0,0.2249,383,1.000,1.000,6,7,0.0425,0.0104,0.0437,NO
capture_0010.pgm,76,390,538,23,23,23,0.2249,23.0,0.2249,390,1.000,1.000,6,3,0.0054,0.0272,0.0278,NO
capture_0010.pgm,77,1106,575,22,22,22,0.2152,22.0,0.2152,353,1.000,1.000,6,10,0.0039,-0.0234,0.0237,NO
capture_0010.pgm,78,695,577,22,22,22,0.2152,22.0,0.2152,360,1.000,1.000,6,6,-0.0136,-0.0065,0.0151,NO
capture_0010.pgm,79,903,577,21,22,22,0.2152,22.0,0.2152,338,1.000,1.000,6,8,0.0196,-0.0052,0.0203,NO
capture_0010.pgm,80,85,578,23,23,23,0.2249,23.0,0.2249,390,1.000,1.000,6,0,0.0238,-0.0009,0.0238,NO
capture_0010.pgm,81,494,581,24,25,25,0.2445,25.0,0.2445,437,1.000,1.000,6,4,0.0217,0.0312,0.0380,NO
capture_0010.pgm,82,289,582,24,24,24,0.2347,24.0,0.2347,424,1.000,1.000,6,2,0.0179,0.0396,0.0434,NO
capture_0010.pgm,83,596,618,24,23,24,0.2347,24.0,0.2347,404,1.000,1.000,7,5,0.0185,-0.0398,0.0439,NO
capture_0010.pgm,84,186,621,24,22,24,0.2347,24.0,0.2347,397,1.000,1.000,7,1,0.0107,-0.0132,0.0171,NO
capture_0010.pgm,85,1002,621,22,23,23,0.2249,23.0,0.2249,375,1.000,1.000,7,9,-0.0130,-0.0077,0.0151,NO
capture_0010.pgm,86,392,622,23,22,23,0.2249,23.0,0.2249,375,1.000,1.000,7,3,0.0244,-0.0021,0.0245,NO
capture_0010.pgm,87,803,622,21,22,22,0.2152,22.0,0.2152,338,1.000,1.000,7,7,0.0419,0.0007,0.0419,NO
capture_0010.pgm,88,1214,625,22,24,24,0.2347,24.0,0.2347,397,1.000,1.000,7,11,0.0594,0.0327,0.0678,NO
capture_0010.pgm,89,85,663,23,24,24,0.2347,24.0,0.2347,406,1.000,1.000,7,0,0.0232,-0.0205,0.0309,NO
capture_0010.pgm,90,697,662,21,22,22,0.2152,22.0,0.2152,338,1.000,1.000,7,6,0.0054,-0.0261,0.0267,NO
capture_0010.pgm,91,899,664,21,23,23,0.2249,23.0,0.2249,359,1.000,1.000,7,8,-0.0201,-0.0052,0.0207,NO
capture_0010.pgm,92,286,665,22,22,22,0.2152,22.0,0.2152,346,1.000,1.000,7,2,-0.0121,0.0005,0.0121,NO
capture_0010.pgm,93,1107,666,23,23,23,0.2249,23.0,0.2249,405,1.000,1.000,7,10,0.0131,0.0158,0.0205,NO
capture_0010.pgm,94,495,669,24,24,24,0.2347,24.0,0.2347,423,1.000,1.000,7,4,0.0309,0.0410,0.0513,NO
capture_0010.pgm,95,798,706,22,22,22,0.2152,22.0,0.2152,353,1.000,1.000,8,7,-0.0076,-0.0287,0.0297,NO
capture_0010.pgm,96,391,709,24,23,24,0.2347,24.0,0.2347,407,1.000,1.000,8,3,0.0140,-0.0021,0.0142,NO
capture_0010.pgm,97,999,708,23,22,23,0.2249,23.0,0.2249,375,1.000,1.000,8,9,-0.0429,-0.0077,0.0436,NO
capture_0010.pgm,98,1207,708,23,22,23,0.2249,23.0,0.2249,375,1.000,1.000,8,11,-0.0097,-0.0064,0.0116,NO
capture_0010.pgm,99,183,709,24,22,24,0.2347,24.0,0.2347,404,1.000,1.000,8,1,-0.0192,-0.0035,0.0195,NO
capture_0010.pgm,100,592,713,26,24,26,0.2543,26.0,0.2543,462,1.000,1.000,8,5,-0.0213,0.0384,0.0439,NO
capture_0010.pgm,101,899,750,23,21,23,0.2249,23.0,0.2249,359,1.000,1.000,8,8,-0.0206,-0.0150,0.0255,NO
capture_0010.pgm,102,89,752,24,24,24,0.2347,24.0,0.2347,408,1.000,1.000,8,0,0.0617,-0.0009,0.0617,NO
capture_0010.pgm,103,490,752,23,23,23,0.2249,23.0,0.2249,391,1.000,1.000,8,4,-0.0186,0.0019,0.0187,NO
capture_0010.pgm,104,694,753,21,22,22,0.2152,22.0,0.2152,338,1.000,1.000,8,6,-0.0245,0.0130,0.0277,NO
capture_0010.pgm,105,1107,753,23,23,23,0.2249,23.0,0.2249,398,1.000,1.000,8,10,0.0125,0.0158,0.0201,NO
capture_0010.pgm,106,296,757,24,24,24,0.2347,24.0,0.2347,438,1.000,1.000,8,2,0.0851,0.0494,0.0984,NO
capture_0010.pgm,107,187,793,24,24,24,0.2347,24.0,0.2347,428,1.000,1.000,9,1,0.0194,-0.0328,0.0381,NO
capture_0010.pgm,108,800,793,21,21,21,0.2054,21.0,0.2054,317,1.000,1.000,9,7,0.0114,-0.0287,0.0308,NO
capture_0010.pgm,109,595,794,22,22,22,0.2152,22.0,0.2152,360,1.000,1.000,9,5,0.0075,-0.0203,0.0216,NO
capture_0010.pgm,110,1207,795,22,24,24,0.2347,24.0,0.2347,394,1.000,1.000,9,11,-0.0103,-0.0064,0.0121,NO
capture_0010.pgm,111,1000,798,23,25,25,0.2445,25.0,0.2445,437,1.000,1.000,9,9,-0.0337,0.0216,0.0400,NO
capture_0010.pgm,112,390,798,24,24,24,0.2347,24.0,0.2347,431,1.000,1.000,9,3,0.0036,0.0175,0.0178,NO
capture_0010.pgm,113,1109,835,22,22,22,0.2152,22.0,0.2152,353,1.000,1.000,9,10,0.0315,-0.0331,0.0457,NO
capture_0010.pgm,114,82,838,25,23,25,0.2445,25.0,0.2445,444,1.000,1.000,9,0,-0.0073,-0.0107,0.0129,NO
capture_0010.pgm,115,288,840,22,23,23,0.2249,23.0,0.2249,375,1.000,1.000,9,2,0.0063,0.0103,0.0121,NO
capture_0010.pgm,116,498,840,25,25,25,0.2445,25.0,0.2445,462,1.000,1.000,9,4,0.0591,0.0116,0.0602,NO
capture_0010.pgm,117,902,839,21,22,22,0.2152,22.0,0.2152,338,1.000,1.000,9,8,0.0081,0.0046,0.0093,NO
capture_0010.pgm,118,696,841,22,21,22,0.2152,22.0,0.2152,338,1.000,1.000,9,6,-0.0055,0.0228,0.0235,NO
capture_0010.pgm,119,390,881,23,24,24,0.2347,24.0,0.2347,403,1.000,1.000,10,3,0.0031,-0.0217,0.0219,NO
capture_0010.pgm,120,1000,882,25,24,25,0.2445,25.0,0.2445,436,1.000,1.000,10,9,-0.0343,-0.0077,0.0351,NO
capture_0010.pgm,121,185,883,23,24,24,0.2347,24.0,0.2347,408,1.000,1.000,10,1,-0.0008,-0.0035,0.0036,NO
capture_0010.pgm,122,1208,883,21,23,23,0.2249,23.0,0.2249,359,1.000,1.000,10,11,-0.0011,0.0034,0.0036,NO
capture_0010.pgm,123,596,884,23,24,24,0.2347,24.0,0.2347,428,1.000,1.000,10,5,0.0167,0.0091,0.0190,NO
capture_0010.pgm,124,794,886,22,22,22,0.2152,22.0,0.2152,353,1.000,1.000,10,7,-0.0479,0.0300,0.0565,NO
capture_0010.pgm,125,898,924,22,24,24,0.2347,24.0,0.2347,390,1.000,1.000,10,8,-0.0316,-0.0150,0.0350,NO
capture_0010.pgm,126,1109,923,24,22,24,0.2347,24.0,0.2347,397,1.000,1.000,10,10,0.0309,-0.0234,0.0388,NO
capture_0010.pgm,127,490,926,22,23,23,0.2249,23.0,0.2249,368,1.000,1.000,10,4,-0.0197,0.0019,0.0198,NO
capture_0010.pgm,128,92,927,25,25,25,0.2445,25.0,0.2445,459,1.000,1.000,10,0,0.0899,0.0089,0.0903,NO
capture_0010.pgm,129,289,928,23,24,24,0.2347,24.0,0.2347,404,1.000,1.000,10,2,0.0155,0.0200,0.0253,NO
capture_0010.pgm,130,698,929,24,24,24,0.2347,24.0,0.2347,435,1.000,1.000,10,6,0.0134,0.0326,0.0352,NO
capture_0010.pgm,131,388,965,22,24,24,0.2347,24.0,0.2347,397,1.000,1.000,11,3,-0.0171,-0.0510,0.0538,NO
capture_0010.pgm,132,1207,966,21,22,22,0.2152,22.0,0.2152,338,1.000,1.000,11,11,-0.0114,-0.0357,0.0375,NO
capture_0010.pgm,133,597,968,23,24,24,0.2347,24.0,0.2347,421,1.000,1.000,11,5,0.0259,-0.0203,0.0329,NO
capture_0010.pgm,134,1005,968,23,23,23,0.2249,23.0,0.2249,391,1.000,1.000,11,9,0.0140,-0.0175,0.0225,NO
capture_0010.pgm,135,183,971,24,23,24,0.2347,24.0,0.2347,407,1.000,1.000,11,1,-0.0209,0.0063,0.0219,NO
capture_0010.pgm,136,802,972,23,24,24,0.2347,24.0,0.2347,400,1.000,1.000,11,7,0.0297,0.0202,0.0360,NO
capture_0010.pgm,137,1105,1008,22,22,22,0.2152,22.0,0.2152,360,1.000,1.000,11,10,-0.0088,-0.0429,0.0438,NO
capture_0010.pgm,138,899,1010,24,23,24,0.2347,24.0,0.2347,414,1.000,1.000,11,8,-0.0224,-0.0247,0.0334,NO
capture_0010.pgm,139,490,1011,23,23,23,0.2249,23.0,0.2249,398,1.000,1.000,11,4,-0.0203,-0.0177,0.0270,NO
capture_0010.pgm,140,696,1011,21,22,22,0.2152,22.0,0.2152,338,1.000,1.000,11,6,-0.0067,-0.0163,0.0176,NO
capture_0010.pgm,SUMMARY,,,,,,,,,,,,,,,,,
capture_0010.pgm,Count,140,,,,,,,,,,,,,,,
capture_0010.pgm,Missed,1,,,,,,,,,,,,,,,
capture_0010.pgm,Mean,,,,,,,,0.2263,,,,,,,,
capture_0010.pgm,Median,,,,,,,,0.2249,,,,,,,,
capture_0010.pgm,StdDev,,,,,,,,0.0109,,,,,,,,
capture_0010.pgm,Min,,,,,,,,0.2054,,,,,,,,
capture_0010.pgm,Max,,,,,,,,0.2543,,,,,,,,
capture_0011.pgm,1,287,38,23,23,23,0.2249,23.0,0.2249,385,1.000,1.000,0,2,0.0018,-0.1756,0.1756,NO
capture_0011.pgm,2,900,37,22,22,22,0.2152,22.0,0.2152,353,1.000,1.000,0,8,-0.0062,-0.1812,0.1813,NO
capture_0011.pgm,3,492,39,23,25,25,0.2445,25.0,0.2445,426,1.000,1.000,0,4,0.0057,-0.1644,0.1645,NO
capture_0011.pgm,4,83,42,26,23,26,0.2543,26.0,0.2543,445,1.000,1.000,0,0,0.0077,-0.1378,0.1380,NO
capture_0011.pgm,5,697,43,23,24,24,0.2347,24.0,0.2347,407,1.000,1.000,0,6,0.0095,-0.1239,0.1243,NO
capture_0011.pgm,6,1104,44,23,23,23,0.2249,23.0,0.2249,377,1.000,1.000,0,10,-0.0121,-0.1114,0.1120,NO
capture_0011.pgm,7,595,82,23,23,23,0.2249,23.0,0.2249,388,1.000,1.000,1,5,0.0122,-0.1768,0.1772,NO
capture_0011.pgm,8,1001,81,21,22,22,0.2152,22.0,0.2152,338,1.000,1.000,1,9,-0.0192,-0.1838,0.1848,NO
capture_0011.pgm,9,1204,81,22,21,22,0.2152,22.0,0.2152,338,1.000,1.000,1,11,-0.0349,-0.1824,0.1857,NO
capture_0011.pgm,10,799,83,22,24,24,0.2347,24.0,0.2347,390,1.000,1.000,1,7,0.0063,-0.1656,0.1657,NO
capture_0011.pgm,11,390,85,25,25,25,0.2445,25.0,0.2445,461,1.000,1.000,1,3,0.0083,-0.1488,0.1490,NO
capture_0011.pgm,12,185,86,23,23,23,0.2249,23.0,0.2249,391,1.000,1.000,1,1,0.0045,-0.1404,0.1405,NO
capture_0011.pgm,13,899,122,21,22,22,0.2152,22.0,0.2152,338,1.000,1.000,1,8,-0.0166,-0.2008,0.2015,NO
capture_0011.pgm,14,491,124,22,22,22,0.2152,22.0,0.2152,346,1.000,1.000,1,4,-0.0047,-0.1840,0.1840,NO
capture_0011.pgm,15,695,127,25,25,25,0.2445,25.0,0.2445,446,1.000,1.000,1,6,-0.0106,-0.1532,0.1536,NO
capture_0011.pgm,16,85,130,24,23,24,0.2347,24.0,0.2347,398,1.000,1.000,1,0,0.0267,-0.1280,0.1308,NO
capture_0011.pgm,17,1101,129,23,22,23,0.2249,23.0,0.2249,375,1.000,1.000,1,10,-0.0420,-0.1309,0.1375,NO
capture_0011.pgm,18,289,131,24,24,24,0.2347,24.0,0.2347,421,1.000,1.000,1,2,0.0208,-0.1169,0.1187,NO
capture_0011.pgm,19,1006,165,25,22,25,0.2445,25.0,0.2445,409,1.000,1.000,2,9,0.0291,-0.2131,0.2151,NO
capture_0011.pgm,20,794,168,24,23,24,0.2347,24.0,0.2347,406,1.000,1.000,2,7,-0.0432,-0.1852,0.1901,NO
capture_0011.pgm,21,1207,168,21,22,22,0.2152,22.0,0.2152,338,1.000,1.000,2,11,-0.0062,-0.1824,0.1825,NO
capture_0011.pgm,22,593,169,23,22,23,0.2249,23.0,0.2249,375,1.000,1.000,2,5,-0.0080,-0.1768,0.1769,NO
capture_0011.pgm,23,394,172,24,24,24,0.2347,24.0,0.2347,438,1.000,1.000,2,3,0.0469,-0.1488,0.1560,NO
capture_0011.pgm,24,184,173,25,24,25,0.2445,25.0,0.2445,447,1.000,1.000,2,1,-0.0059,-0.1404,0.1405,NO
capture_0011.pgm,25,690,211,22,24,24,0.2347,24.0,0.2347,390,1.000,1.000,2,6,-0.0601,-0.1826,0.1922,NO
capture_0011.pgm,26,1101,212,22,21,22,0.2152,22.0,0.2152,338,1.000,1.000,2,10,-0.0426,-0.1701,0.1753,NO
capture_0011.pgm,27,493,217,23,26,26,0.2543,26.0,0.2543,445,1.000,1.000,2,4,0.0143,-0.1253,0.1261,NO
capture_0011.pgm,28,83,216,23,22,23,0.2249,23.0,0.2249,368,1.000,1.000,2,0,0.0066,-0.1378,0.1380,NO
capture_0011.pgm,29,902,216,22,23,23,0.2249,23.0,0.2249,375,1.000,1.000,2,8,0.0122,-0.1323,0.1329,NO
capture_0011.pgm,30,291,218,24,23,24,0.2347,24.0,0.2347,414,1.000,1.000,2,2,0.0398,-0.1169,0.1235,NO
capture_0011.pgm,31,1201,253,23,22,23,0.2249,23.0,0.2249,375,1.000,1.000,3,11,-0.0654,-0.2020,0.2123,NO
capture_0011.pgm,32,1002,255,22,22,22,0.2152,22.0,0.2152,360,1.000,1.000,3,9,-0.0106,-0.1838,0.1841,NO
capture_0011.pgm,33,185,256,23,22,23,0.2249,23.0,0.2249,368,1.000,1.000,3,1,0.0033,-0.1795,0.1795,NO
capture_0011.pgm,34,595,257,23,24,24,0.2347,24.0,0.2347,421,1.000,1.000,3,5,0.0110,-0.1670,0.1673,NO
capture_0011.pgm,35,392,258,23,23,23,0.2249,23.0,0.2249,377,1.000,1.000,3,3,0.0267,-0.1586,0.1608,NO
capture_0011.pgm,36,802,259,22,23,23,0.2249,23.0,0.2249,368,1.000,1.000,3,7,0.0344,-0.1460,0.1500,NO
capture_0011.pgm,37,1099,296,23,23,23,0.2249,23.0,0.2249,398,1.000,1.000,3,10,-0.0628,-0.1994,0.2090,NO
capture_0011.pgm,38,496,297,21,22,22,0.2152,22.0,0.2152,338,1.000,1.000,3,4,0.0430,-0.1937,0.1985,NO
capture_0011.pgm,39,694,299,22,22,22,0.2152,22.0,0.2152,360,1.000,1.000,3,6,-0.0216,-0.1728,0.1742,NO
capture_0011.pgm,40,288,300,23,23,23,0.2249,23.0,0.2249,398,1.000,1.000,3,2,0.0098,-0.1658,0.1661,NO
capture_0011.pgm,41,87,303,23,23,23,0.2249,23.0,0.2249,391,1.000,1.000,3,0,0.0451,-0.1378,0.1450,NO
capture_0011.pgm,42,901,305,23,24,24,0.2347,24.0,0.2347,398,1.000,1.000,3,8,0.0018,-0.1128,0.1128,NO
capture_0011.pgm,43,1206,344,23,23,23,0.2249,23.0,0.2249,388,1.000,1.000,4,11,-0.0171,-0.1629,0.1638,NO
capture_0011.pgm,44,801,345,21,22,22,0.2152,22.0,0.2152,338,1.000,1.000,4,7,0.0241,-0.1558,0.1577,NO
capture_0011.pgm,45,391,346,22,22,22,0.2152,22.0,0.2152,353,1.000,1.000,4,3,0.0164,-0.1488,0.1497,NO
capture_0011.pgm,46,595,346,22,22,22,0.2152,22.0,0.2152,360,1.000,1.000,4,5,0.0104,-0.1474,0.1478,NO
capture_0011.pgm,47,186,349,24,24,24,0.2347,24.0,0.2347,427,1.000,1.000,4,1,0.0125,-0.1208,0.1215,NO
capture_0011.pgm,48,1003,349,24,24,24,0.2347,24.0,0.2347,428,1.000,1.000,4,9,-0.0014,-0.1153,0.1153,NO
capture_0011.pgm,49,694,385,21,21,21,0.2054,21.0,0.2054,317,1.000,1.000,4,6,-0.0222,-0.1826,0.1839,NO
capture_0011.pgm,50,1104,385,22,22,22,0.2152,22.0,0.2152,353,1.000,1.000,4,10,-0.0145,-0.1798,0.1804,NO
capture_0011.pgm,51,287,387,21,23,23,0.2249,23.0,0.2249,359,1.000,1.000,4,2,-0.0005,-0.1658,0.1658,NO
capture_0011.pgm,52,900,389,21,23,23,0.2249,23.0,0.2249,359,1.000,1.000,4,8,-0.0085,-0.1421,0.1423,NO
capture_0011.pgm,53,493,390,25,23,25,0.2445,25.0,0.2445,421,1.000,1.000,4,4,0.0131,-0.1351,0.1357,NO
capture_0011.pgm,54,88,396,24,23,24,0.2347,24.0,0.2347,411,1.000,1.000,4,0,0.0543,-0.0791,0.0960,NO
capture_0011.pgm,55,186,428,23,22,23,0.2249,23.0,0.2249,382,1.000,1.000,5,1,0.0119,-0.1991,0.1994,NO
capture_0011.pgm,56,389,428,24,22,24,0.2347,24.0,0.2347,390,1.000,1.000,5,3,-0.0038,-0.1977,0.1977,NO
capture_0011.pgm,57,797,428,22,22,22,0.2152,22.0,0.2152,353,1.000,1.000,5,7,-0.0156,-0.1949,0.1956,NO
capture_0011.pgm,58,594,429,22,22,22,0.2152,22.0,0.2152,353,1.000,1.000,5,5,0.0001,-0.1865,0.1865,NO
capture_0011.pgm,59,1206,429,21,21,21,0.2054,21.0,0.2054,317,1.000,1.000,5,11,-0.0177,-0.1824,0.1833,NO
capture_0011.pgm,60,1003,430,22,22,22,0.2152,22.0,0.2152,353,1.000,1.000,5,9,-0.0020,-0.1740,0.1740,NO
capture_0011.pgm,61,285,469,23,22,23,0.2249,23.0,0.2249,375,1.000,1.000,5,2,-0.0207,-0.2147,0.2157,NO
capture_0011.pgm,62,695,470,21,22,22,0.2152,22.0,0.2152,338,1.000,1.000,5,6,-0.0130,-0.2021,0.2026,NO
capture_0011.pgm,63,1104,471,21,22,22,0.2152,22.0,0.2152,338,1.000,1.000,5,10,-0.0150,-0.1896,0.1902,NO
capture_0011.pgm,64,493,472,22,22,22,0.2152,22.0,0.2152,360,1.000,1.000,5,4,0.0125,-0.1840,0.1844,NO
capture_0011.pgm,65,83,474,22,22,22,0.2152,22.0,0.2152,353,1.000,1.000,5,0,0.0048,-0.1672,0.1672,NO
capture_0011.pgm,66,898,475,22,23,23,0.2249,23.0,0.2249,375,1.000,1.000,5,8,-0.0287,-0.1519,0.1546,NO
capture_0011.pgm,67,188,514,23,23,23,0.2249,23.0,0.2249,405,1.000,1.000,6,1,0.0309,-0.2088,0.2111,NO
capture_0011.pgm,68,595,514,22,22,22,0.2152,22.0,0.2152,353,1.000,1.000,6,5,0.0093,-0.2061,0.2063,NO
capture_0011.pgm,69,799,514,21,22,22,0.2152,22.0,0.2152,338,1.000,1.000,6,7,0.0033,-0.2047,0.2048,NO
capture_0011.pgm,70,1207,515,22,23,23,0.2249,23.0,0.2249,382,1.000,1.000,6,11,-0.0085,-0.1922,0.1924,NO
capture_0011.pgm,71,388,516,24,22,24,0.2347,24.0,0.2347,392,1.000,1.000,6,3,-0.0142,-0.1879,0.1884,NO
capture_0011.pgm,72,1007,523,23,23,23,0.2249,23.0,0.2249,405,1.000,1.000,6,9,0.0365,-0.1153,0.1210,NO
capture_0011.pgm,73,1104,557,22,23,23,0.2249,23.0,0.2249,368,1.000,1.000,6,10,-0.0156,-0.1994,0.2000,NO
capture_0011.pgm,74,696,559,22,23,23,0.2249,23.0,0.2249,372,1.000,1.000,6,6,-0.0038,-0.1826,0.1826,NO
capture_0011.pgm,75,900,561,22,24,24,0.2347,24.0,0.2347,397,1.000,1.000,6,8,-0.0097,-0.1617,0.1619,NO
capture_0011.pgm,76,286,563,25,22,25,0.2445,25.0,0.2445,412,1.000,1.000,6,2,-0.0115,-0.1462,0.1467,NO
capture_0011.pgm,77,500,564,24,25,25,0.2445,25.0,0.2445,434,1.000,1.000,6,4,0.0804,-0.1351,0.1572,NO
capture_0011.pgm,78,85,567,23,24,24,0.2347,24.0,0.2347,414,1.000,1.000,6,0,0.0238,-0.1085,0.1110,NO
capture_0011.pgm,79,801,600,22,22,22,0.2152,22.0,0.2152,353,1.000,1.000,7,7,0.0223,-0.2145,0.2157,NO
capture_0011.pgm,80,1206,602,22,22,22,0.2152,22.0,0.2152,360,1.000,1.000,7,11,-0.0189,-0.1922,0.1931,NO
capture_0011.pgm,81,185,603,24,22,24,0.2347,24.0,0.2347,397,1.000,1.000,7,1,0.0010,-0.1893,0.1893,NO
capture_0011.pgm,82,390,605,23,23,23,0.2249,23.0,0.2249,383,1.000,1.000,7,3,0.0048,-0.1684,0.1684,NO
capture_0011.pgm,83,595,604,23,22,23,0.2249,23.0,0.2249,382,1.000,1.000,7,5,0.0087,-0.1768,0.1770,NO
capture_0011.pgm,84,1005,605,21,21,21,0.2054,21.0,0.2054,317,1.000,1.000,7,9,0.0164,-0.1642,0.1650,NO
capture_0011.pgm,85,1103,646,22,23,23,0.2249,23.0,0.2249,375,1.000,1.000,7,10,-0.0260,-0.1798,0.1817,NO
capture_0011.pgm,86,494,647,21,22,22,0.2152,22.0,0.2152,338,1.000,1.000,7,4,0.0211,-0.1742,0.1755,NO
capture_0011.pgm,87,287,650,23,22,23,0.2249,23.0,0.2249,382,1.000,1.000,7,2,-0.0023,-0.1462,0.1462,NO
capture_0011.pgm,88,83,651,24,23,24,0.2347,24.0,0.2347,404,1.000,1.000,7,0,0.0036,-0.1378,0.1379,NO
capture_0011.pgm,89,696,652,23,23,23,0.2249,23.0,0.2249,391,1.000,1.000,7,6,-0.0044,-0.1239,0.1240,NO
capture_0011.pgm,90,900,653,23,25,25,0.2445,25.0,0.2445,427,1.000,1.000,7,8,-0.0103,-0.1128,0.1132,NO
capture_0011.pgm,91,594,690,22,25,25,0.2445,25.0,0.2445,412,1.000,1.000,8,5,-0.0017,-0.1865,0.1865,NO
capture_0011.pgm,92,799,689,23,23,23,0.2249,23.0,0.2249,398,1.000,1.000,8,7,0.0022,-0.1949,0.1950,NO
capture_0011.pgm,93,388,691,24,22,24,0.2347,24.0,0.2347,397,1.000,1.000,8,3,-0.0153,-0.1781,0.1788,NO
capture_0011.pgm,94,1211,693,23,24,24,0.2347,24.0,0.2347,414,1.000,1.000,8,11,0.0294,-0.1531,0.1559,NO
capture_0011.pgm,95,187,694,25,23,25,0.2445,25.0,0.2445,441,1.000,1.000,8,1,0.0199,-0.1502,0.1515,NO
capture_0011.pgm,96,1006,694,26,22,26,0.2543,26.0,0.2543,431,1.000,1.000,8,9,0.0256,-0.1447,0.1469,NO
capture_0011.pgm,97,1104,731,21,21,21,0.2054,21.0,0.2054,317,1.000,1.000,8,10,-0.0168,-0.1994,0.2001,NO
capture_0011.pgm,98,494,733,24,23,24,0.2347,24.0,0.2347,398,1.000,1.000,8,4,0.0205,-0.1840,0.1851,NO
capture_0011.pgm,99,695,732,21,21,21,0.2054,21.0,0.2054,317,1.000,1.000,8,6,-0.0147,-0.1924,0.1929,NO
capture_0011.pgm,100,83,735,23,24,24,0.2347,24.0,0.2347,395,1.000,1.000,8,0,0.0031,-0.1672,0.1672,NO
capture_0011.pgm,101,285,737,22,23,23,0.2249,23.0,0.2249,375,1.000,1.000,8,2,-0.0224,-0.1462,0.1479,NO
capture_0011.pgm,102,900,739,23,22,23,0.2249,23.0,0.2249,382,1.000,1.000,8,8,-0.0109,-0.1225,0.1230,NO
capture_0011.pgm,103,391,777,23,23,23,0.2249,23.0,0.2249,384,1.000,1.000,9,3,0.0134,-0.1879,0.1884,NO
capture_0011.pgm,104,1208,777,22,23,23,0.2249,23.0,0.2249,375,1.000,1.000,9,11,-0.0005,-0.1824,0.1824,NO
capture_0011.pgm,105,599,783,24,25,25,0.2445,25.0,0.2445,444,1.000,1.000,9,5,0.0466,-0.1279,0.1361,NO
capture_0011.pgm,106,799,783,24,24,24,0.2347,24.0,0.2347,431,1.000,1.000,9,7,0.0016,-0.1265,0.1265,NO
capture_0011.pgm,107,186,785,25,26,26,0.2543,26.0,0.2543,479,1.000,1.000,9,1,0.0096,-0.1110,0.1115,NO
capture_0011.pgm,108,1004,783,23,23,23,0.2249,23.0,0.2249,398,1.000,1.000,9,9,0.0054,-0.1251,0.1252,NO
capture_0011.pgm,109,495,819,23,23,23,0.2249,23.0,0.2249,391,1.000,1.000,9,4,0.0297,-0.1937,0.1960,NO
capture_0011.pgm,110,1103,820,23,23,23,0.2249,23.0,0.2249,391,1.000,1.000,9,10,-0.0272,-0.1798,0.1819,NO
capture_0011.pgm,111,698,822,23,23,23,0.2249,23.0,0.2249,391,1.000,1.000,9,6,0.0140,-0.1630,0.1636,NO
capture_0011.pgm,112,83,823,23,22,23,0.2249,23.0,0.2249,382,1.000,1.000,9,0,0.0025,-0.1574,0.1574,NO
capture_0011.pgm,113,289,827,24,24,24,0.2347,24.0,0.2347,423,1.000,1.000,9,2,0.0161,-0.1169,0.1180,NO
capture_0011.pgm,114,904,828,22,22,22,0.2152,22.0,0.2152,353,1.000,1.000,9,8,0.0277,-0.1030,0.1066,NO
capture_0011.pgm,115,186,865,23,23,23,0.2249,23.0,0.2249,384,1.000,1.000,10,1,0.0090,-0.1795,0.1797,NO
capture_0011.pgm,116,594,864,24,23,24,0.2347,24.0,0.2347,421,1.000,1.000,10,5,-0.0029,-0.1865,0.1866,NO
capture_0011.pgm,117,801,865,21,21,21,0.2054,21.0,0.2054,317,1.000,1.000,10,7,0.0206,-0.1754,0.1766,NO
capture_0011.pgm,118,1207,865,25,21,25,0.2445,25.0,0.2445,401,1.000,1.000,10,11,-0.0109,-0.1726,0.1730,NO
capture_0011.pgm,119,1004,867,23,23,23,0.2249,23.0,0.2249,391,1.000,1.000,10,9,0.0048,-0.1544,0.1545,NO
capture_0011.pgm,120,390,869,22,23,23,0.2249,23.0,0.2249,382,1.000,1.000,10,3,0.0031,-0.1390,0.1390,NO
capture_0011.pgm,121,286,905,23,24,24,0.2347,24.0,0.2347,421,1.000,1.000,10,2,-0.0138,-0.2049,0.2054,NO
capture_0011.pgm,122,494,908,22,24,24,0.2347,24.0,0.2347,397,1.000,1.000,10,4,0.0194,-0.1742,0.1753,NO
capture_0011.pgm,123,696,909,22,24,24,0.2347,24.0,0.2347,390,1.000,1.000,10,6,-0.0061,-0.1630,0.1631,NO
capture_0011.pgm,124,1102,911,22,24,24,0.2347,24.0,0.2347,397,1.000,1.000,10,10,-0.0375,-0.1407,0.1456,NO
capture_0011.pgm,125,901,911,22,22,22,0.2152,22.0,0.2152,360,1.000,1.000,10,8,-0.0023,-0.1421,0.1421,NO
capture_0011.pgm,126,83,914,25,24,25,0.2445,25.0,0.2445,449,1.000,1.000,10,0,0.0019,-0.1183,0.1183,NO
capture_0011.pgm,127,1207,949,21,21,21,0.2054,21.0,0.2054,317,1.000,1.000,11,11,-0.0114,-0.2020,0.2023,NO
capture_0011.pgm,128,595,952,24,24,24,0.2347,24.0,0.2347,425,1.000,1.000,11,5,0.0063,-0.1768,0.1769,NO
capture_0011.pgm,129,186,953,23,24,24,0.2347,24.0,0.2347,404,1.000,1.000,11,1,0.0084,-0.1697,0.1699,NO
capture_0011.pgm,130,390,952,23,22,23,0.2249,23.0,0.2249,375,1.000,1.000,11,3,0.0025,-0.1781,0.1781,NO
capture_0011.pgm,131,804,953,22,24,24,0.2347,24.0,0.2347,390,1.000,1.000,11,7,0.0493,-0.1656,0.1728,NO
capture_0011.pgm,132,1005,957,23,25,25,0.2445,25.0,0.2445,434,1.000,1.000,11,9,0.0140,-0.1251,0.1259,NO
capture_0011.pgm,133,1101,992,22,22,22,0.2152,22.0,0.2152,346,1.000,1.000,11,10,-0.0479,-0.1994,0.2051,NO
capture_0011.pgm,134,286,994,25,23,25,0.2445,25.0,0.2445,426,1.000,1.000,11,2,-0.0144,-0.1853,0.1859,NO
capture_0011.pgm,135,899,994,24,24,24,0.2347,24.0,0.2347,428,1.000,1.000,11,8,-0.0224,-0.1812,0.1826,NO
capture_0011.pgm,136,697,996,22,23,23,0.2249,23.0,0.2249,368,1.000,1.000,11,6,0.0031,-0.1630,0.1631,NO
capture_0011.pgm,137,80,997,25,23,25,0.2445,25.0,0.2445,419,1.000,1.000,11,0,-0.0280,-0.1574,0.1598,NO
capture_0011.pgm,138,494,999,23,26,26,0.2543,26.0,0.2543,452,1.000,1.000,11,4,0.0188,-0.1351,0.1364,NO
capture_0011.pgm,SUMMARY,,,,,,,,,,,,,,,,,
capture_0011.pgm,Count,138,,,,,,,,,,,,,,,
capture_0011.pgm,Missed,0,,,,,,,,,,,,,,,
capture_0011.pgm,Mean,,,,,,,,0.2278,,,,,,,,
capture_0011.pgm,Median,,,,,,,,0.2249,,,,,,,,
capture_0011.pgm,StdDev,,,,,,,,0.0115,,,,,,,,
capture_0011.pgm,Min,,,,,,,,0.2054,,,,,,,,
capture_0011.pgm,Max,,,,,,,,0.2543,,,,,,,,
capture_0012.pgm,1,1104,18,22,23,23,0.2249,23.0,0.2249,375,1.000,1.000,0,10,-0.0121,-0.3657,0.3659,NO
capture_0012.pgm,2,82,20,24,23,24,0.2347,24.0,0.2347,403,1.000,1.000,0,0,-0.0020,-0.3530,0.3530,NO
capture_0012.pgm,3,492,20,24,23,24,0.2347,24.0,0.2347,414,1.000,1.000,0,4,0.0057,-0.3502,0.3503,NO
capture_0012.pgm,4,693,22,22,24,24,0.2347,24.0,0.2347,397,1.000,1.000,0,6,-0.0296,-0.3293,0.3306,NO
capture_0012.pgm,5,901,22,22,24,24,0.2347,24.0,0.2347,390,1.000,1.000,0,8,0.0036,-0.3279,0.3279,NO
capture_0012.pgm,6,283,24,25,24,25,0.2445,25.0,0.2445,443,1.000,1.000,0,2,-0.0373,-0.3125,0.3147,NO
capture_0012.pgm,7,1000,63,22,22,22,0.2152,22.0,0.2152,353,1.000,1.000,1,9,-0.0290,-0.3598,0.3610,NO
capture_0012.pgm,8,592,65,22,23,23,0.2249,23.0,0.2249,375,1.000,1.000,1,5,-0.0172,-0.3430,0.3434,NO
capture_0012.pgm,9,806,66,24,24,24,0.2347,24.0,0.2347,420,1.000,1.000,1,7,0.0747,-0.3319,0.3402,NO
capture_0012.pgm,10,185,66,23,22,23,0.2249,23.0,0.2249,375,1.000,1.000,1,1,0.0045,-0.3360,0.3360,NO
capture_0012.pgm,11,391,67,23,24,24,0.2347,24.0,0.2347,407,1.000,1.000,1,3,0.0181,-0.3248,0.3253,NO
capture_0012.pgm,12,1206,67,23,23,23,0.2249,23.0,0.2249,398,1.000,1.000,1,11,-0.0154,-0.3193,0.3197,NO
capture_0012.pgm,13,1107,105,21,21,21,0.2054,21.0,0.2054,317,1.000,1.000,1,10,0.0166,-0.3657,0.3660,NO
capture_0012.pgm,14,489,107,23,22,23,0.2249,23.0,0.2249,368,1.000,1.000,1,4,-0.0243,-0.3502,0.3511,NO
capture_0012.pgm,15,691,109,22,22,22,0.2152,22.0,0.2152,346,1.000,1.000,1,6,-0.0498,-0.3293,0.3330,NO
capture_0012.pgm,16,83,110,22,22,22,0.2152,22.0,0.2152,353,1.000,1.000,1,0,0.0071,-0.3236,0.3237,NO
capture_0012.pgm,17,285,111,22,22,22,0.2152,22.0,0.2152,353,1.000,1.000,1,2,-0.0183,-0.3125,0.3130,NO
capture_0012.pgm,18,1001,151,24,22,24,0.2347,24.0,0.2347,390,1.000,1.000,2,9,-0.0198,-0.3500,0.3506,NO
capture_0012.pgm,19,389,154,21,22,22,0.2152,22.0,0.2152,338,1.000,1.000,2,3,-0.0020,-0.3248,0.3248,NO
capture_0012.pgm,20,596,155,23,22,23,0.2249,23.0,0.2249,382,1.000,1.000,2,5,0.0214,-0.3137,0.3144,NO
capture_0012.pgm,21,1202,155,22,22,22,0.2152,22.0,0.2152,346,1.000,1.000,2,11,-0.0551,-0.3096,0.3144,NO
capture_0012.pgm,22,187,158,24,23,24,0.2347,24.0,0.2347,407,1.000,1.000,2,1,0.0234,-0.2871,0.2880,NO
capture_0012.pgm,23,800,157,24,23,24,0.2347,24.0,0.2347,421,1.000,1.000,2,7,0.0154,-0.2927,0.2932,NO
capture_0012.pgm,24,1107,192,21,21,21,0.2054,21.0,0.2054,317,1.000,1.000,2,10,0.0161,-0.3657,0.3660,NO
capture_0012.pgm,25,696,194,21,21,21,0.2054,21.0,0.2054,317,1.000,1.000,2,6,-0.0014,-0.3488,0.3489,NO
capture_0012.pgm,26,907,195,24,23,24,0.2347,24.0,0.2347,400,1.000,1.000,2,8,0.0611,-0.3377,0.3432,NO
capture_0012.pgm,27,84,197,24,22,24,0.2347,24.0,0.2347,390,1.000,1.000,2,0,0.0163,-0.3236,0.3240,NO
capture_0012.pgm,28,499,199,22,22,22,0.2152,22.0,0.2152,353,1.000,1.000,2,4,0.0730,-0.3013,0.3100,NO
capture_0012.pgm,29,290,200,21,21,21,0.2054,21.0,0.2054,317,1.000,1.000,2,2,0.0300,-0.2929,0.2944,NO
capture_0012.pgm,30,1204,238,24,23,24,0.2347,24.0,0.2347,398,1.000,1.000,3,11,-0.0361,-0.3487,0.3505,NO
capture_0012.pgm,31,390,238,22,22,22,0.2152,22.0,0.2152,360,1.000,1.000,3,3,0.0072,-0.3542,0.3542,NO
capture_0012.pgm,32,188,240,24,24,24,0.2347,24.0,0.2347,416,1.000,1.000,3,1,0.0326,-0.3360,0.3376,NO
capture_0012.pgm,33,596,240,22,22,22,0.2152,22.0,0.2152,353,1.000,1.000,3,5,0.0208,-0.3332,0.3339,NO
capture_0012.pgm,34,1003,241,23,24,24,0.2347,24.0,0.2347,404,1.000,1.000,3,9,-0.0008,-0.3207,0.3207,NO
capture_0012.pgm,35,803,242,23,23,23,0.2249,23.0,0.2249,391,1.000,1.000,3,7,0.0442,-0.3123,0.3154,NO
capture_0012.pgm,36,1106,275,23,22,23,0.2249,23.0,0.2249,375,1.000,1.000,3,10,0.0057,-0.4048,0.4048,NO
capture_0012.pgm,37,693,282,21,21,21,0.2054,21.0,0.2054,317,1.000,1.000,3,6,-0.0314,-0.3391,0.3405,NO
capture_0012.pgm,38,901,283,21,21,21,0.2054,21.0,0.2054,317,1.000,1.000,3,8,0.0018,-0.3279,0.3279,NO
capture_0012.pgm,39,283,284,24,22,24,0.2347,24.0,0.2347,394,1.000,1.000,3,2,-0.0391,-0.3223,0.3246,NO
capture_0012.pgm,40,82,286,23,22,23,0.2249,23.0,0.2249,368,1.000,1.000,3,0,-0.0038,-0.3041,0.3041,NO
capture_0012.pgm,41,493,287,21,21,21,0.2054,21.0,0.2054,317,1.000,1.000,3,4,0.0137,-0.2915,0.2919,NO
capture_0012.pgm,42,1003,324,21,22,22,0.2152,22.0,0.2152,338,1.000,1.000,4,9,-0.0014,-0.3598,0.3598,NO
capture_0012.pgm,43,390,325,23,23,23,0.2249,23.0,0.2249,391,1.000,1.000,4,3,0.0066,-0.3542,0.3542,NO
capture_0012.pgm,44,184,326,24,23,24,0.2347,24.0,0.2347,407,1.000,1.000,4,1,-0.0071,-0.3458,0.3458,NO
capture_0012.pgm,45,1211,327,25,23,25,0.2445,25.0,0.2445,426,1.000,1.000,4,11,0.0318,-0.3291,0.3306,NO
capture_0012.pgm,46,803,327,22,22,22,0.2152,22.0,0.2152,360,1.000,1.000,4,7,0.0436,-0.3319,0.3347,NO
capture_0012.pgm,47,594,329,22,22,22,0.2152,22.0,0.2152,360,1.000,1.000,4,5,0.0006,-0.3137,0.3137,NO
capture_0012.pgm,48,900,369,22,22,22,0.2152,22.0,0.2152,346,1.000,1.000,4,8,-0.0085,-0.3377,0.3378,NO
capture_0012.pgm,49,82,371,24,23,24,0.2347,24.0,0.2347,414,1.000,1.000,4,0,-0.0044,-0.3236,0.3237,NO
capture_0012.pgm,50,694,370,23,23,23,0.2249,23.0,0.2249,383,1.000,1.000,4,6,-0.0222,-0.3293,0.3300,NO
capture_0012.pgm,51,490,372,25,23,25,0.2445,25.0,0.2445,419,1.000,1.000,4,4,-0.0162,-0.3111,0.3115,NO
capture_0012.pgm,52,288,377,22,22,22,0.2152,22.0,0.2152,353,1.000,1.000,4,2,0.0092,-0.2636,0.2637,NO
capture_0012.pgm,53,184,411,25,24,25,0.2445,25.0,0.2445,428,1.000,1.000,5,1,-0.0076,-0.3653,0.3654,NO
capture_0012.pgm,54,390,410,23,22,23,0.2249,23.0,0.2249,375,1.000,1.000,5,3,0.0060,-0.3737,0.3738,NO
capture_0012.pgm,55,595,412,22,22,22,0.2152,22.0,0.2152,353,1.000,1.000,5,5,0.0098,-0.3528,0.3529,NO
capture_0012.pgm,56,1209,412,22,22,22,0.2152,22.0,0.2152,360,1.000,1.000,5,11,0.0116,-0.3487,0.3489,NO
capture_0012.pgm,57,805,415,23,23,23,0.2249,23.0,0.2249,391,1.000,1.000,5,7,0.0626,-0.3221,0.3281,NO
capture_0012.pgm,58,1001,415,23,22,23,0.2249,23.0,0.2249,368,1.000,1.000,5,9,-0.0216,-0.3207,0.3214,NO
capture_0012.pgm,59,1104,452,22,22,22,0.2152,22.0,0.2152,346,1.000,1.000,5,10,-0.0150,-0.3754,0.3757,NO
capture_0012.pgm,60,696,457,22,25,25,0.2445,25.0,0.2445,419,1.000,1.000,5,6,-0.0032,-0.3293,0.3293,NO
capture_0012.pgm,61,285,457,24,23,24,0.2347,24.0,0.2347,407,1.000,1.000,5,2,-0.0207,-0.3320,0.3327,NO
capture_0012.pgm,62,81,458,22,22,22,0.2152,22.0,0.2152,353,1.000,1.000,5,0,-0.0148,-0.3236,0.3240,NO
capture_0012.pgm,63,901,460,22,25,25,0.2445,25.0,0.2445,419,1.000,1.000,5,8,0.0007,-0.2986,0.2986,NO
capture_0012.pgm,64,495,462,23,23,23,0.2249,23.0,0.2249,398,1.000,1.000,5,4,0.0321,-0.2818,0.2836,NO
capture_0012.pgm,65,1209,498,22,23,23,0.2249,23.0,0.2249,368,1.000,1.000,6,11,0.0110,-0.3585,0.3586,NO
capture_0012.pgm,66,999,500,23,24,24,0.2347,24.0,0.2347,407,1.000,1.000,6,9,-0.0417,-0.3403,0.3428,NO
capture_0012.pgm,67,595,500,22,22,22,0.2152,22.0,0.2152,353,1.000,1.000,6,5,0.0093,-0.3430,0.3431,NO
capture_0012.pgm,68,802,500,22,23,23,0.2249,23.0,0.2249,375,1.000,1.000,6,7,0.0327,-0.3416,0.3432,NO
capture_0012.pgm,69,181,503,24,23,24,0.2347,24.0,0.2347,407,1.000,1.000,6,1,-0.0376,-0.3164,0.3187,NO
capture_0012.pgm,70,394,504,26,23,26,0.2543,26.0,0.2543,459,1.000,1.000,6,3,0.0445,-0.3053,0.3085,NO
capture_0012.pgm,71,84,543,23,22,23,0.2249,23.0,0.2249,368,1.000,1.000,6,0,0.0140,-0.3432,0.3435,NO
capture_0012.pgm,72,495,543,22,22,22,0.2152,22.0,0.2152,360,1.000,1.000,6,4,0.0315,-0.3404,0.3419,NO
capture_0012.pgm,73,903,543,21,22,22,0.2152,22.0,0.2152,338,1.000,1.000,6,8,0.0196,-0.3377,0.3383,NO
capture_0012.pgm,74,1103,545,23,21,23,0.2249,23.0,0.2249,359,1.000,1.000,6,10,-0.0254,-0.3168,0.3178,NO
capture_0012.pgm,75,285,547,22,21,22,0.2152,22.0,0.2152,338,1.000,1.000,6,2,-0.0213,-0.3027,0.3034,NO
capture_0012.pgm,76,694,547,21,21,21,0.2054,21.0,0.2054,317,1.000,1.000,6,6,-0.0233,-0.2999,0.3009,NO
capture_0012.pgm,77,1206,585,21,21,21,0.2054,21.0,0.2054,317,1.000,1.000,7,11,-0.0189,-0.3585,0.3589,NO
capture_0012.pgm,78,388,586,24,22,24,0.2347,24.0,0.2347,397,1.000,1.000,7,3,-0.0147,-0.3542,0.3545,NO
capture_0012.pgm,79,597,587,23,23,23,0.2249,23.0,0.2249,405,1.000,1.000,7,5,0.0282,-0.3430,0.3442,NO
capture_0012.pgm,80,1003,586,22,23,23,0.2249,23.0,0.2249,375,1.000,1.000,7,9,-0.0032,-0.3500,0.3501,NO
capture_0012.pgm,81,184,589,24,23,24,0.2347,24.0,0.2347,414,1.000,1.000,7,1,-0.0088,-0.3262,0.3263,NO
capture_0012.pgm,82,798,589,23,23,23,0.2249,23.0,0.2249,384,1.000,1.000,7,7,-0.0070,-0.3221,0.3222,NO
capture_0012.pgm,83,696,629,21,22,22,0.2152,22.0,0.2152,338,1.000,1.000,7,6,-0.0044,-0.3488,0.3489,NO
capture_0012.pgm,84,492,632,24,23,24,0.2347,24.0,0.2347,407,1.000,1.000,7,4,0.0016,-0.3209,0.3209,NO
capture_0012.pgm,85,1102,631,23,22,23,0.2249,23.0,0.2249,375,1.000,1.000,7,10,-0.0358,-0.3265,0.3285,NO
capture_0012.pgm,86,88,635,25,24,25,0.2445,25.0,0.2445,440,1.000,1.000,7,0,0.0525,-0.2943,0.2989,NO
capture_0012.pgm,87,288,634,22,21,22,0.2152,22.0,0.2152,338,1.000,1.000,7,2,0.0075,-0.3027,0.3028,NO
capture_0012.pgm,88,1208,671,21,22,22,0.2152,22.0,0.2152,338,1.000,1.000,8,11,0.0001,-0.3682,0.3682,NO
capture_0012.pgm,89,1000,674,23,23,23,0.2249,23.0,0.2249,391,1.000,1.000,8,9,-0.0331,-0.3403,0.3419,NO
capture_0012.pgm,90,182,675,24,23,24,0.2347,24.0,0.2347,418,1.000,1.000,8,1,-0.0290,-0.3360,0.3372,NO
capture_0012.pgm,91,797,674,22,21,22,0.2152,22.0,0.2152,338,1.000,1.000,8,7,-0.0174,-0.3416,0.3421,NO
capture_0012.pgm,92,393,677,24,24,24,0.2347,24.0,0.2347,423,1.000,1.000,8,3,0.0336,-0.3151,0.3168,NO
capture_0012.pgm,93,597,680,25,23,25,0.2445,25.0,0.2445,432,1.000,1.000,8,5,0.0276,-0.2843,0.2857,NO
capture_0012.pgm,94,898,716,24,23,24,0.2347,24.0,0.2347,411,1.000,1.000,8,8,-0.0304,-0.3475,0.3488,NO
capture_0012.pgm,95,1100,718,22,21,22,0.2152,22.0,0.2152,338,1.000,1.000,8,10,-0.0559,-0.3265,0.3313,NO
capture_0012.pgm,96,86,719,24,22,24,0.2347,24.0,0.2347,397,1.000,1.000,8,0,0.0324,-0.3236,0.3252,NO
capture_0012.pgm,97,494,719,23,22,23,0.2249,23.0,0.2249,375,1.000,1.000,8,4,0.0205,-0.3209,0.3215,NO
capture_0012.pgm,98,693,720,24,23,24,0.2347,24.0,0.2347,414,1.000,1.000,8,6,-0.0343,-0.3097,0.3116,NO
capture_0012.pgm,99,292,727,23,23,23,0.2249,23.0,0.2249,391,1.000,1.000,8,2,0.0460,-0.2440,0.2483,NO
capture_0012.pgm,100,390,760,23,23,23,0.2249,23.0,0.2249,384,1.000,1.000,9,3,0.0036,-0.3542,0.3542,NO
capture_0012.pgm,101,801,759,23,23,23,0.2249,23.0,0.2249,384,1.000,1.000,9,7,0.0211,-0.3612,0.3618,NO
capture_0012.pgm,102,1206,760,23,22,23,0.2249,23.0,0.2249,368,1.000,1.000,9,11,-0.0201,-0.3487,0.3492,NO
capture_0012.pgm,103,595,766,26,23,26,0.2543,26.0,0.2543,450,1.000,1.000,9,5,0.0075,-0.2941,0.2942,NO
capture_0012.pgm,104,190,768,23,25,25,0.2445,25.0,0.2445,437,1.000,1.000,9,1,0.0487,-0.2773,0.2815,NO
capture_0012.pgm,105,493,807,24,22,24,0.2347,24.0,0.2347,390,1.000,1.000,9,4,0.0102,-0.3111,0.3113,NO
capture_0012.pgm,106,1103,808,22,22,22,0.2152,22.0,0.2152,346,1.000,1.000,9,10,-0.0272,-0.2972,0.2984,NO
capture_0012.pgm,107,289,809,23,23,23,0.2249,23.0,0.2249,383,1.000,1.000,9,2,0.0161,-0.2929,0.2934,NO
capture_0012.pgm,108,699,809,21,21,21,0.2054,21.0,0.2054,317,1.000,1.000,9,6,0.0238,-0.2902,0.2911,NO
capture_0012.pgm,109,89,812,23,23,23,0.2249,23.0,0.2249,388,1.000,1.000,9,0,0.0611,-0.2650,0.2719,NO
capture_0012.pgm,110,905,815,25,24,25,0.2445,25.0,0.2445,425,1.000,1.000,9,8,0.0374,-0.2301,0.2331,NO
capture_0012.pgm,111,390,847,23,23,23,0.2249,23.0,0.2249,405,1.000,1.000,10,3,0.0031,-0.3542,0.3542,NO
capture_0012.pgm,112,1206,846,21,21,21,0.2054,21.0,0.2054,317,1.000,1.000,10,11,-0.0206,-0.3585,0.3590,NO
capture_0012.pgm,113,1000,848,24,22,24,0.2347,24.0,0.2347,404,1.000,1.000,10,9,-0.0343,-0.3403,0.3420,NO
capture_0012.pgm,114,189,852,23,23,23,0.2249,23.0,0.2249,384,1.000,1.000,10,1,0.0383,-0.3066,0.3090,NO
capture_0012.pgm,115,599,853,26,24,26,0.2543,26.0,0.2543,474,1.000,1.000,10,5,0.0460,-0.2941,0.2977,NO
capture_0012.pgm,116,799,853,25,24,25,0.2445,25.0,0.2445,458,1.000,1.000,10,7,0.0010,-0.2927,0.2927,NO
capture_0012.pgm,117,87,890,23,22,23,0.2249,23.0,0.2249,372,1.000,1.000,10,0,0.0410,-0.3530,0.3553,NO
capture_0012.pgm,118,289,893,22,22,22,0.2152,22.0,0.2152,353,1.000,1.000,10,2,0.0155,-0.3223,0.3226,NO
capture_0012.pgm,119,701,893,21,22,22,0.2152,22.0,0.2152,338,1.000,1.000,10,6,0.0428,-0.3195,0.3224,NO
capture_0012.pgm,120,495,896,23,22,23,0.2249,23.0,0.2249,382,1.000,1.000,10,4,0.0292,-0.2915,0.2930,NO
capture_0012.pgm,121,1109,898,22,23,23,0.2249,23.0,0.2249,375,1.000,1.000,10,10,0.0309,-0.2679,0.2696,NO
capture_0012.pgm,122,184,934,25,23,25,0.2445,25.0,0.2445,436,1.000,1.000,11,1,-0.0112,-0.3555,0.3557,NO
capture_0012.pgm,123,801,935,22,23,23,0.2249,23.0,0.2249,375,1.000,1.000,11,7,0.0200,-0.3416,0.3422,NO
capture_0012.pgm,124,1209,937,21,21,21,0.2054,21.0,0.2054,317,1.000,1.000,11,11,0.0081,-0.3193,0.3194,NO
capture_0012.pgm,125,390,939,23,24,24,0.2347,24.0,0.2347,407,1.000,1.000,11,3,0.0025,-0.3053,0.3053,NO
capture_0012.pgm,126,593,938,23,23,23,0.2249,23.0,0.2249,398,1.000,1.000,11,5,-0.0132,-0.3137,0.3140,NO
capture_0012.pgm,127,997,939,24,23,24,0.2347,24.0,0.2347,421,1.000,1.000,11,9,-0.0642,-0.3011,0.3079,NO
capture_0012.pgm,128,892,973,23,23,23,0.2249,23.0,0.2249,383,1.000,1.000,11,8,-0.0909,-0.3866,0.3971,NO
capture_0012.pgm,129,279,977,22,24,24,0.2347,24.0,0.2347,387,1.000,1.000,11,2,-0.0829,-0.3516,0.3612,NO
capture_0012.pgm,130,76,978,24,24,24,0.2347,24.0,0.2347,416,1.000,1.000,11,0,-0.0672,-0.3432,0.3497,NO
capture_0012.pgm,131,1097,977,21,22,22,0.2152,22.0,0.2152,338,1.000,1.000,11,10,-0.0870,-0.3461,0.3569,NO
capture_0012.pgm,132,484,978,22,22,22,0.2152,22.0,0.2152,360,1.000,1.000,11,4,-0.0790,-0.3404,0.3495,NO
capture_0012.pgm,133,690,983,22,23,23,0.2249,23.0,0.2249,375,1.000,1.000,11,6,-0.0654,-0.2902,0.2974,NO
capture_0012.pgm,SUMMARY,,,,,,,,,,,,,,,,,
capture_0012.pgm,Count,133,,,,,,,,,,,,,,,
capture_0012.pgm,Missed,5,,,,,,,,,,,,,,,
capture_0012.pgm,Mean,,,,,,,,0.2257,,,,,,,,
capture_0012.pgm,Median,,,,,,,,0.2249,,,,,,,,
capture_0012.pgm,StdDev,,,,,,,,0.0116,,,,,,,,
capture_0012.pgm,Min,,,,,,,,0.2054,,,,,,,,
capture_0012.pgm,Max,,,,,,,,0.2543,,,,,,,,
capture_0013.pgm,1,828,17,22,24,24,0.2347,24.0,0.2347,390,1.000,1.000,0,7,0.2905,0.0398,0.2932,NO
capture_0013.pgm,2,1236,20,22,24,24,0.2347,24.0,0.2347,394,1.000,1.000,0,11,0.2786,0.0719,0.2877,NO
capture_0013.pgm,3,14,22,24,24,24,0.2347,24.0,0.2347,413,1.000,1.000,0,-1,0.3337,0.0832,0.3439,NO
capture_0013.pgm,4,217,23,23,24,24,0.2347,24.0,0.2347,411,1.000,1.000,0,1,0.3180,0.0943,0.3317,NO
capture_0013.pgm,5,625,23,23,24,24,0.2347,24.0,0.2347,406,1.000,1.000,0,5,0.3062,0.0971,0.3212,NO
capture_0013.pgm,6,420,27,24,26,26,0.2543,26.0,0.2543,474,1.000,1.000,0,3,0.3023,0.1348,0.3310,NO
capture_0013.pgm,7,1031,27,23,23,23,0.2249,23.0,0.2249,383,1.000,1.000,0,9,0.2748,0.1389,0.3079,NO
capture_0013.pgm,8,116,64,25,24,25,0.2445,25.0,0.2445,443,1.000,1.000,0,0,0.3305,0.0773,0.3394,NO
capture_0013.pgm,9,317,64,25,23,25,0.2445,25.0,0.2445,429,1.000,1.000,0,2,0.2952,0.0787,0.3055,NO
capture_0013.pgm,10,725,66,24,24,24,0.2347,24.0,0.2347,423,1.000,1.000,0,6,0.2834,0.1010,0.3008,NO
capture_0013.pgm,11,927,66,23,23,23,0.2249,23.0,0.2249,391,1.000,1.000,0,8,0.2579,0.1024,0.2775,NO
capture_0013.pgm,12,1135,65,21,22,22,0.2152,22.0,0.2152,338,1.000,1.000,0,10,0.2911,0.0940,0.3059,NO
capture_0013.pgm,13,523,67,23,23,23,0.2249,23.0,0.2249,388,1.000,1.000,0,4,0.3088,0.1094,0.3277,NO
capture_0013.pgm,14,829,105,22,23,23,0.2249,23.0,0.2249,368,1.000,1.000,1,7,0.2997,0.0496,0.3037,NO
capture_0013.pgm,15,1033,108,22,22,22,0.2152,22.0,0.2152,360,1.000,1.000,1,9,0.2937,0.0803,0.3045,NO
capture_0013.pgm,16,12,110,23,23,23,0.2249,23.0,0.2249,388,1.000,1.000,1,-1,0.3136,0.0930,0.3271,NO
capture_0013.pgm,17,417,110,23,22,23,0.2249,23.0,0.2249,375,1.000,1.000,1,3,0.2724,0.0957,0.2887,NO
capture_0013.pgm,18,1238,110,21,21,21,0.2054,21.0,0.2054,317,1.000,1.000,1,11,0.2976,0.1012,0.3143,NO
capture_0013.pgm,19,625,113,22,25,25,0.2445,25.0,0.2445,409,1.000,1.000,1,5,0.3056,0.1264,0.3307,NO
capture_0013.pgm,20,318,151,22,22,22,0.2152,22.0,0.2152,346,1.000,1.000,1,2,0.3044,0.0787,0.3144,NO
capture_0013.pgm,21,931,153,22,23,23,0.2249,23.0,0.2249,368,1.000,1.000,1,8,0.2964,0.1024,0.3136,NO
capture_0013.pgm,22,1134,152,22,22,22,0.2152,22.0,0.2152,353,1.000,1.000,1,10,0.2807,0.0940,0.2960,NO
capture_0013.pgm,23,522,153,24,22,24,0.2347,24.0,0.2347,394,1.000,1.000,1,4,0.2985,0.0997,0.3147,NO
capture_0013.pgm,24,727,156,23,22,23,0.2249,23.0,0.2249,375,1.000,1.000,1,6,0.3023,0.1304,0.3292,NO
capture_0013.pgm,25,119,160,23,25,25,0.2445,25.0,0.2445,426,1.000,1.000,1,0,0.3592,0.1654,0.3955,NO
capture_0013.pgm,26,12,198,23,22,23,0.2249,23.0,0.2249,382,1.000,1.000,2,-1,0.3130,0.1027,0.3294,NO
capture_0013.pgm,27,214,198,22,21,22,0.2152,22.0,0.2152,338,1.000,1.000,2,1,0.2875,0.1041,0.3058,NO
capture_0013.pgm,28,625,198,23,23,23,0.2249,23.0,0.2249,383,1.000,1.000,2,5,0.3050,0.1069,0.3232,NO
capture_0013.pgm,29,1038,198,22,22,22,0.2152,22.0,0.2152,360,1.000,1.000,2,9,0.3420,0.1096,0.3592,NO
capture_0013.pgm,30,1235,199,24,22,24,0.2347,24.0,0.2347,390,1.000,1.000,2,11,0.2677,0.1208,0.2936,NO
capture_0013.pgm,31,418,202,22,22,22,0.2152,22.0,0.2152,346,1.000,1.000,2,3,0.2816,0.1446,0.3165,NO
capture_0013.pgm,32,727,239,24,23,24,0.2347,24.0,0.2347,397,1.000,1.000,2,6,0.3017,0.0912,0.3152,NO
capture_0013.pgm,33,1137,241,23,24,24,0.2347,24.0,0.2347,414,1.000,1.000,2,10,0.3095,0.1136,0.3296,NO
capture_0013.pgm,34,321,242,22,23,23,0.2249,23.0,0.2249,382,1.000,1.000,2,2,0.3332,0.1178,0.3534,NO
capture_0013.pgm,35,116,243,23,22,23,0.2249,23.0,0.2249,382,1.000,1.000,2,0,0.3293,0.1262,0.3527,NO
capture_0013.pgm,36,929,243,23,22,23,0.2249,23.0,0.2249,375,1.000,1.000,2,8,0.2763,0.1317,0.3061,NO
capture_0013.pgm,37,521,244,23,23,23,0.2249,23.0,0.2249,383,1.000,1.000,2,4,0.2881,0.1388,0.3198,NO
capture_0013.pgm,38,825,276,22,23,23,0.2249,23.0,0.2249,375,1.000,1.000,3,7,0.2594,0.0202,0.2601,NO
capture_0013.pgm,39,627,279,22,23,23,0.2249,23.0,0.2249,368,1.000,1.000,3,5,0.3240,0.0482,0.3275,NO
capture_0013.pgm,40,1234,279,24,22,24,0.2347,24.0,0.2347,390,1.000,1.000,3,11,0.2573,0.0523,0.2626,NO
capture_0013.pgm,41,420,284,23,22,23,0.2249,23.0,0.2249,382,1.000,1.000,3,3,0.3006,0.0957,0.3154,NO
capture_0013.pgm,42,1031,284,21,22,22,0.2152,22.0,0.2152,338,1.000,1.000,3,9,0.2730,0.0998,0.2907,NO
capture_0013.pgm,43,12,285,24,22,24,0.2347,24.0,0.2347,390,1.000,1.000,3,-1,0.3124,0.1027,0.3289,NO
capture_0013.pgm,44,216,285,23,22,23,0.2249,23.0,0.2249,375,1.000,1.000,3,1,0.3065,0.1041,0.3237,NO
capture_0013.pgm,45,523,327,23,22,23,0.2249,23.0,0.2249,368,1.000,1.000,3,4,0.3071,0.0997,0.3228,NO
capture_0013.pgm,46,727,327,23,23,23,0.2249,23.0,0.2249,388,1.000,1.000,3,6,0.3012,0.1010,0.3177,NO
capture_0013.pgm,47,932,328,23,24,24,0.2347,24.0,0.2347,414,1.000,1.000,3,8,0.3050,0.1122,0.3250,NO
capture_0013.pgm,48,1138,327,22,21,22,0.2152,22.0,0.2152,338,1.000,1.000,3,10,0.3186,0.1038,0.3351,NO
capture_0013.pgm,49,318,329,23,24,24,0.2347,24.0,0.2347,421,1.000,1.000,3,2,0.3032,0.1178,0.3253,NO
capture_0013.pgm,50,114,333,27,22,27,0.2641,27.0,0.2641,450,1.000,1.000,3,0,0.3092,0.1556,0.3461,NO
capture_0013.pgm,51,628,366,22,23,23,0.2249,23.0,0.2249,368,1.000,1.000,4,5,0.3332,0.0482,0.3366,NO
capture_0013.pgm,52,423,367,22,23,23,0.2249,23.0,0.2249,375,1.000,1.000,4,3,0.3293,0.0566,0.3341,NO
capture_0013.pgm,53,14,369,23,23,23,0.2249,23.0,0.2249,398,1.000,1.000,4,-1,0.3314,0.0734,0.3394,NO
capture_0013.pgm,54,835,369,24,25,25,0.2445,25.0,0.2445,430,1.000,1.000,4,7,0.3566,0.0789,0.3652,NO
capture_0013.pgm,55,214,376,22,22,22,0.2152,22.0,0.2152,360,1.000,1.000,4,1,0.2863,0.1432,0.3202,NO
capture_0013.pgm,56,931,412,21,21,21,0.2054,21.0,0.2054,317,1.000,1.000,4,8,0.2946,0.0828,0.3061,NO
capture_0013.pgm,57,322,414,23,23,23,0.2249,23.0,0.2249,384,1.000,1.000,4,2,0.3418,0.0983,0.3556,NO
capture_0013.pgm,58,525,415,22,23,23,0.2249,23.0,0.2249,382,1.000,1.000,4,4,0.3261,0.1094,0.3439,NO
capture_0013.pgm,59,724,415,22,24,24,0.2347,24.0,0.2347,397,1.000,1.000,4,6,0.2712,0.1108,0.2930,NO
capture_0013.pgm,60,1144,415,23,24,24,0.2347,24.0,0.2347,421,1.000,1.000,4,10,0.3767,0.1136,0.3935,NO
capture_0013.pgm,61,113,419,24,23,24,0.2347,24.0,0.2347,395,1.000,1.000,4,0,0.2988,0.1458,0.3325,NO
capture_0013.pgm,62,423,455,25,22,25,0.2445,25.0,0.2445,412,1.000,1.000,5,3,0.3287,0.0664,0.3354,NO
capture_0013.pgm,63,620,455,24,21,24,0.2347,24.0,0.2347,380,1.000,1.000,5,5,0.2543,0.0677,0.2632,NO
capture_0013.pgm,64,218,458,23,25,25,0.2445,25.0,0.2445,433,1.000,1.000,5,1,0.3249,0.0943,0.3383,NO
capture_0013.pgm,65,833,458,22,23,23,0.2249,23.0,0.2249,375,1.000,1.000,5,7,0.3364,0.0985,0.3505,NO
capture_0013.pgm,66,12,460,24,22,24,0.2347,24.0,0.2347,387,1.000,1.000,5,-1,0.3112,0.1125,0.3309,NO
capture_0013.pgm,67,1038,460,21,22,22,0.2152,22.0,0.2152,338,1.000,1.000,5,9,0.3403,0.1194,0.3606,NO
capture_0013.pgm,68,1240,461,23,23,23,0.2249,23.0,0.2249,398,1.000,1.000,5,11,0.3148,0.1305,0.3408,NO
capture_0013.pgm,69,523,498,24,23,24,0.2347,24.0,0.2347,411,1.000,1.000,5,4,0.3059,0.0703,0.3139,NO
capture_0013.pgm,70,932,499,23,23,23,0.2249,23.0,0.2249,384,1.000,1.000,5,8,0.3038,0.0828,0.3149,NO
capture_0013.pgm,71,727,500,23,22,23,0.2249,23.0,0.2249,375,1.000,1.000,5,6,0.3000,0.0913,0.3136,NO
capture_0013.pgm,72,1139,501,21,22,22,0.2152,22.0,0.2152,338,1.000,1.000,5,10,0.3273,0.1038,0.3433,NO
capture_0013.pgm,73,116,504,24,23,24,0.2347,24.0,0.2347,414,1.000,1.000,5,0,0.3275,0.1262,0.3510,NO
capture_0013.pgm,74,322,505,25,24,25,0.2445,25.0,0.2445,439,1.000,1.000,5,2,0.3412,0.1374,0.3678,NO
capture_0013.pgm,75,840,536,22,23,23,0.2249,23.0,0.2249,382,1.000,1.000,6,7,0.4043,0.0104,0.4044,NO
capture_0013.pgm,76,13,543,23,22,23,0.2249,23.0,0.2249,368,1.000,1.000,6,-1,0.3204,0.0734,0.3287,NO
capture_0013.pgm,77,626,543,22,22,22,0.2152,22.0,0.2152,353,1.000,1.000,6,5,0.3124,0.0775,0.3219,NO
capture_0013.pgm,78,213,547,24,24,24,0.2347,24.0,0.2347,427,1.000,1.000,6,1,0.2754,0.1139,0.2980,NO
capture_0013.pgm,79,1039,548,22,23,23,0.2249,23.0,0.2249,368,1.000,1.000,6,9,0.3495,0.1292,0.3726,NO
capture_0013.pgm,80,417,549,24,23,24,0.2347,24.0,0.2347,404,1.000,1.000,6,3,0.2695,0.1348,0.3013,NO
capture_0013.pgm,81,524,583,25,23,25,0.2445,25.0,0.2445,419,1.000,1.000,6,4,0.3151,0.0508,0.3192,NO
capture_0013.pgm,82,320,587,24,24,24,0.2347,24.0,0.2347,430,1.000,1.000,6,2,0.3210,0.0885,0.3330,NO
capture_0013.pgm,83,731,586,22,23,23,0.2249,23.0,0.2249,375,1.000,1.000,6,6,0.3385,0.0815,0.3482,NO
capture_0013.pgm,84,929,586,24,23,24,0.2347,24.0,0.2347,399,1.000,1.000,6,8,0.2739,0.0828,0.2862,NO
capture_0013.pgm,85,1135,588,25,24,25,0.2445,25.0,0.2445,444,1.000,1.000,6,10,0.2876,0.1038,0.3057,NO
capture_0013.pgm,86,112,595,23,22,23,0.2249,23.0,0.2249,375,1.000,1.000,6,0,0.2878,0.1654,0.3320,NO
capture_0013.pgm,87,14,628,22,23,23,0.2249,23.0,0.2249,375,1.000,1.000,7,-1,0.3296,0.0538,0.3340,NO
capture_0013.pgm,88,1238,629,23,22,23,0.2249,23.0,0.2249,368,1.000,1.000,7,11,0.2941,0.0719,0.3027,NO
capture_0013.pgm,89,215,631,24,22,24,0.2347,24.0,0.2347,390,1.000,1.000,7,1,0.2944,0.0846,0.3063,NO
capture_0013.pgm,90,624,632,24,22,24,0.2347,24.0,0.2347,390,1.000,1.000,7,5,0.2923,0.0971,0.3080,NO
capture_0013.pgm,91,828,633,24,22,24,0.2347,24.0,0.2347,397,1.000,1.000,7,7,0.2864,0.1082,0.3061,NO
capture_0013.pgm,92,420,634,23,22,23,0.2249,23.0,0.2249,382,1.000,1.000,7,3,0.2982,0.1153,0.3197,NO
capture_0013.pgm,93,933,671,25,24,25,0.2445,25.0,0.2445,443,1.000,1.000,7,8,0.3125,0.0633,0.3188,NO
capture_0013.pgm,94,732,672,23,23,23,0.2249,23.0,0.2249,391,1.000,1.000,7,6,0.3477,0.0717,0.3550,NO
capture_0013.pgm,95,1139,674,21,22,22,0.2152,22.0,0.2152,338,1.000,1.000,7,10,0.3261,0.0940,0.3394,NO
capture_0013.pgm,96,115,677,24,23,24,0.2347,24.0,0.2347,414,1.000,1.000,7,0,0.3166,0.1165,0.3373,NO
capture_0013.pgm,97,323,677,22,23,23,0.2249,23.0,0.2249,382,1.000,1.000,7,2,0.3498,0.1178,0.3691,NO
capture_0013.pgm,98,522,677,23,23,23,0.2249,23.0,0.2249,390,1.000,1.000,7,4,0.2950,0.1192,0.3181,NO
capture_0013.pgm,99,1238,717,23,22,23,0.2249,23.0,0.2249,382,1.000,1.000,8,11,0.2935,0.0816,0.3046,NO
capture_0013.pgm,100,628,721,22,21,22,0.2152,22.0,0.2152,338,1.000,1.000,8,5,0.3308,0.1166,0.3508,NO
capture_0013.pgm,101,835,722,21,23,23,0.2249,23.0,0.2249,359,1.000,1.000,8,7,0.3542,0.1278,0.3766,NO
capture_0013.pgm,102,1036,721,21,21,21,0.2054,21.0,0.2054,317,1.000,1.000,8,9,0.3190,0.1194,0.3406,NO
capture_0013.pgm,103,430,727,23,24,24,0.2347,24.0,0.2347,407,1.000,1.000,8,3,0.3954,0.1739,0.4320,NO
capture_0013.pgm,104,221,727,21,22,22,0.2152,22.0,0.2152,338,1.000,1.000,8,1,0.3525,0.1726,0.3924,NO
capture_0013.pgm,105,932,760,23,24,24,0.2347,24.0,0.2347,407,1.000,1.000,8,8,0.3021,0.0828,0.3132,NO
capture_0013.pgm,106,1139,763,23,23,23,0.2249,23.0,0.2249,405,1.000,1.000,8,10,0.3255,0.1136,0.3447,NO
capture_0013.pgm,107,111,763,25,23,25,0.2445,25.0,0.2445,429,1.000,1.000,8,0,0.2769,0.1067,0.2967,NO
capture_0013.pgm,108,732,764,23,24,24,0.2347,24.0,0.2347,414,1.000,1.000,8,6,0.3471,0.1206,0.3675,NO
capture_0013.pgm,109,328,765,23,24,24,0.2347,24.0,0.2347,428,1.000,1.000,8,2,0.3981,0.1276,0.4181,NO
capture_0013.pgm,110,523,767,24,23,24,0.2347,24.0,0.2347,403,1.000,1.000,8,4,0.3042,0.1486,0.3385,NO
capture_0013.pgm,111,220,810,23,22,23,0.2249,23.0,0.2249,375,1.000,1.000,9,1,0.3421,0.1335,0.3672,NO
capture_0013.pgm,112,19,811,23,22,23,0.2249,23.0,0.2249,368,1.000,1.000,9,-1,0.3774,0.1419,0.4031,NO
capture_0013.pgm,113,630,813,24,23,24,0.2347,24.0,0.2347,418,1.000,1.000,9,5,0.3498,0.1655,0.3870,NO
capture_0013.pgm,114,425,814,22,23,23,0.2249,23.0,0.2249,368,1.000,1.000,9,3,0.3459,0.1739,0.3872,NO
capture_0013.pgm,115,322,847,24,23,24,0.2347,24.0,0.2347,398,1.000,1.000,9,2,0.3388,0.0787,0.3479,NO
capture_0013.pgm,116,931,846,22,22,22,0.2152,22.0,0.2152,353,1.000,1.000,9,8,0.2917,0.0731,0.3007,NO
capture_0013.pgm,117,732,850,22,23,23,0.2249,23.0,0.2249,375,1.000,1.000,9,6,0.3466,0.1108,0.3638,NO
capture_0013.pgm,118,110,852,24,23,24,0.2347,24.0,0.2347,403,1.000,1.000,9,0,0.2665,0.1262,0.2949,NO
capture_0013.pgm,119,524,852,23,23,23,0.2249,23.0,0.2249,390,1.000,1.000,9,4,0.3134,0.1290,0.3389,NO
capture_0013.pgm,120,1137,852,21,22,22,0.2152,22.0,0.2152,338,1.000,1.000,9,10,0.3054,0.1331,0.3331,NO
capture_0013.pgm,121,830,889,21,22,22,0.2152,22.0,0.2152,338,1.000,1.000,10,7,0.3042,0.0593,0.3099,NO
capture_0013.pgm,122,15,891,23,23,23,0.2249,23.0,0.2249,391,1.000,1.000,10,-1,0.3377,0.0734,0.3455,NO
capture_0013.pgm,123,624,893,22,23,23,0.2249,23.0,0.2249,375,1.000,1.000,10,5,0.2905,0.0971,0.3063,NO
capture_0013.pgm,124,1037,895,22,23,23,0.2249,23.0,0.2249,382,1.000,1.000,10,9,0.3276,0.1194,0.3487,NO
capture_0013.pgm,125,217,896,22,21,22,0.2152,22.0,0.2152,338,1.000,1.000,10,1,0.3122,0.1237,0.3358,NO
capture_0013.pgm,126,425,896,22,21,22,0.2152,22.0,0.2152,338,1.000,1.000,10,3,0.3454,0.1250,0.3673,NO
capture_0013.pgm,127,323,933,23,23,23,0.2249,23.0,0.2249,384,1.000,1.000,10,2,0.3480,0.0689,0.3548,NO
capture_0013.pgm,128,523,936,24,23,24,0.2347,24.0,0.2347,418,1.000,1.000,10,4,0.3030,0.0997,0.3190,NO
capture_0013.pgm,129,1140,937,24,25,25,0.2445,25.0,0.2445,444,1.000,1.000,10,10,0.3341,0.1136,0.3529,NO
capture_0013.pgm,130,934,938,23,26,26,0.2543,26.0,0.2543,450,1.000,1.000,10,8,0.3205,0.1220,0.3429,NO
capture_0013.pgm,131,730,937,22,23,23,0.2249,23.0,0.2249,375,1.000,1.000,10,6,0.3264,0.1108,0.3447,NO
capture_0013.pgm,132,119,943,23,25,25,0.2445,25.0,0.2445,421,1.000,1.000,10,0,0.3540,0.1654,0.3907,NO
capture_0013.pgm,133,1025,973,24,22,24,0.2347,24.0,0.2347,387,1.000,1.000,11,9,0.2096,0.0314,0.2120,NO
capture_0013.pgm,134,620,975,22,23,23,0.2249,23.0,0.2249,368,1.000,1.000,11,5,0.2508,0.0482,0.2554,NO
capture_0013.pgm,135,210,976,23,24,24,0.2347,24.0,0.2347,407,1.000,1.000,11,1,0.2431,0.0552,0.2493,NO
capture_0013.pgm,136,824,976,25,23,25,0.2445,25.0,0.2445,414,1.000,1.000,11,7,0.2449,0.0593,0.2520,NO
capture_0013.pgm,137,414,982,23,24,24,0.2347,24.0,0.2347,406,1.000,1.000,11,3,0.2372,0.1153,0.2637,NO
capture_0013.pgm,SUMMARY,,,,,,,,,,,,,,,,,
capture_0013.pgm,Count,137,,,,,,,,,,,,,,,
capture_0013.pgm,Missed,11,,,,,,,,,,,,,,,
capture_0013.pgm,Mean,,,,,,,,0.2288,,,,,,,,
capture_0013.pgm,Median,,,,,,,,0.2249,,,,,,,,
capture_0013.pgm,StdDev,,,,,,,,0.0101,,,,,,,,
capture_0013.pgm,Min,,,,,,,,0.2054,,,,,,,,
capture_0013.pgm,Max,,,,,,,,0.2641,,,,,,,,
capture_0014.pgm,1,1235,34,22,24,24,0.2347,24.0,0.2347,397,1.000,1.000,0,11,0.2688,0.2088,0.3404,NO
capture_0014.pgm,2,15,36,23,24,24,0.2347,24.0,0.2347,404,1.000,1.000,0,-1,0.3435,0.2201,0.4080,NO
capture_0014.pgm,3,1032,35,22,23,23,0.2249,23.0,0.2249,375,1.000,1.000,0,9,0.2845,0.2172,0.3580,NO
capture_0014.pgm,4,215,37,23,23,23,0.2249,23.0,0.2249,390,1.000,1.000,0,1,0.2985,0.2312,0.3776,NO
capture_0014.pgm,5,419,42,26,24,26,0.2543,26.0,0.2543,465,1.000,1.000,0,3,0.2925,0.2815,0.4060,NO
capture_0014.pgm,6,626,41,22,23,23,0.2249,23.0,0.2249,375,1.000,1.000,0,5,0.3159,0.2731,0.4176,NO
capture_0014.pgm,7,829,48,22,23,23,0.2249,23.0,0.2249,375,1.000,1.000,0,7,0.3002,0.3430,0.4558,NO
capture_0014.pgm,8,1136,81,21,21,21,0.2054,21.0,0.2054,317,1.000,1.000,0,10,0.3008,0.2505,0.3915,NO
capture_0014.pgm,9,113,84,24,23,24,0.2347,24.0,0.2347,414,1.000,1.000,0,0,0.3011,0.2729,0.4064,NO
capture_0014.pgm,10,527,83,22,22,22,0.2152,22.0,0.2152,360,1.000,1.000,0,4,0.3480,0.2659,0.4379,NO
capture_0014.pgm,11,320,84,25,22,25,0.2445,25.0,0.2445,408,1.000,1.000,0,2,0.3245,0.2743,0.4249,NO
capture_0014.pgm,12,726,85,23,22,23,0.2249,23.0,0.2249,375,1.000,1.000,0,6,0.2931,0.2868,0.4101,NO
capture_0014.pgm,13,940,89,23,24,24,0.2347,24.0,0.2347,411,1.000,1.000,0,8,0.3850,0.3273,0.5054,NO
capture_0014.pgm,14,216,124,23,23,23,0.2249,23.0,0.2249,383,1.000,1.000,1,1,0.3076,0.2312,0.3849,NO
capture_0014.pgm,15,1031,125,23,22,23,0.2249,23.0,0.2249,382,1.000,1.000,1,9,0.2742,0.2465,0.3687,NO
capture_0014.pgm,16,626,128,24,24,24,0.2347,24.0,0.2347,421,1.000,1.000,1,5,0.3154,0.2731,0.4172,NO
capture_0014.pgm,17,416,128,22,22,22,0.2152,22.0,0.2152,353,1.000,1.000,1,3,0.2626,0.2717,0.3779,NO
capture_0014.pgm,18,836,130,22,23,23,0.2249,23.0,0.2249,375,1.000,1.000,1,7,0.3681,0.2941,0.4711,NO
capture_0014.pgm,19,1234,131,24,23,24,0.2347,24.0,0.2347,404,1.000,1.000,1,11,0.2585,0.3066,0.4010,NO
capture_0014.pgm,20,1134,163,22,22,22,0.2152,22.0,0.2152,353,1.000,1.000,1,10,0.2807,0.2016,0.3456,NO
capture_0014.pgm,21,521,168,22,22,22,0.2152,22.0,0.2152,346,1.000,1.000,1,4,0.2887,0.2464,0.3795,NO
capture_0014.pgm,22,729,169,23,23,23,0.2249,23.0,0.2249,377,1.000,1.000,1,6,0.3219,0.2575,0.4122,NO
capture_0014.pgm,23,935,171,24,24,24,0.2347,24.0,0.2347,416,1.000,1.000,1,8,0.3355,0.2784,0.4360,NO
capture_0014.pgm,24,322,175,24,24,24,0.2347,24.0,0.2347,416,1.000,1.000,1,2,0.3435,0.3134,0.4650,NO
capture_0014.pgm,25,116,176,24,23,24,0.2347,24.0,0.2347,414,1.000,1.000,1,0,0.3299,0.3218,0.4609,NO
capture_0014.pgm,26,14,210,22,22,22,0.2152,22.0,0.2152,353,1.000,1.000,2,-1,0.3325,0.2201,0.3988,NO
capture_0014.pgm,27,1032,212,21,23,23,0.2249,23.0,0.2249,359,1.000,1.000,2,9,0.2834,0.2465,0.3756,NO
capture_0014.pgm,28,832,213,21,21,21,0.2054,21.0,0.2054,317,1.000,1.000,2,7,0.3284,0.2549,0.4157,NO
capture_0014.pgm,29,425,217,23,26,26,0.2543,26.0,0.2543,450,1.000,1.000,2,3,0.3500,0.2913,0.4554,NO
capture_0014.pgm,30,215,217,24,23,24,0.2347,24.0,0.2347,411,1.000,1.000,2,1,0.2973,0.2899,0.4153,NO
capture_0014.pgm,31,627,219,22,22,22,0.2152,22.0,0.2152,360,1.000,1.000,2,5,0.3246,0.3122,0.4504,NO
capture_0014.pgm,32,727,254,22,22,22,0.2152,22.0,0.2152,353,1.000,1.000,2,6,0.3017,0.2379,0.3843,NO
capture_0014.pgm,33,1135,254,23,22,23,0.2249,23.0,0.2249,375,1.000,1.000,2,10,0.2899,0.2407,0.3768,NO
capture_0014.pgm,34,321,257,22,23,23,0.2249,23.0,0.2249,368,1.000,1.000,2,2,0.3332,0.2645,0.4254,NO
capture_0014.pgm,35,113,261,24,23,24,0.2347,24.0,0.2347,398,1.000,1.000,2,0,0.3000,0.3023,0.4259,NO
capture_0014.pgm,36,526,261,22,23,23,0.2249,23.0,0.2249,368,1.000,1.000,2,4,0.3370,0.3050,0.4546,NO
capture_0014.pgm,37,939,263,23,24,24,0.2347,24.0,0.2347,408,1.000,1.000,2,8,0.3741,0.3273,0.4971,NO
capture_0014.pgm,38,1036,298,21,21,21,0.2054,21.0,0.2054,317,1.000,1.000,3,9,0.3219,0.2367,0.3996,NO
capture_0014.pgm,39,217,300,21,22,22,0.2152,22.0,0.2152,338,1.000,1.000,3,1,0.3163,0.2508,0.4036,NO
capture_0014.pgm,40,424,300,22,22,22,0.2152,22.0,0.2152,353,1.000,1.000,3,3,0.3397,0.2522,0.4231,NO
capture_0014.pgm,41,625,301,22,22,22,0.2152,22.0,0.2152,346,1.000,1.000,3,5,0.3044,0.2633,0.4025,NO
capture_0014.pgm,42,825,301,26,22,26,0.2543,26.0,0.2543,427,1.000,1.000,3,7,0.2594,0.2647,0.3706,NO
capture_0014.pgm,43,1240,303,21,22,22,0.2152,22.0,0.2152,338,1.000,1.000,3,11,0.3160,0.2870,0.4269,NO
capture_0014.pgm,44,12,307,22,22,22,0.2152,22.0,0.2152,360,1.000,1.000,3,-1,0.3124,0.3179,0.4457,NO
capture_0014.pgm,45,730,340,22,22,22,0.2152,22.0,0.2152,360,1.000,1.000,3,6,0.3305,0.2282,0.4016,NO
capture_0014.pgm,46,524,344,22,22,22,0.2152,22.0,0.2152,353,1.000,1.000,3,4,0.3169,0.2659,0.4137,NO
capture_0014.pgm,47,934,344,22,22,22,0.2152,22.0,0.2152,360,1.000,1.000,3,8,0.3246,0.2687,0.4213,NO
capture_0014.pgm,48,1135,345,24,23,24,0.2347,24.0,0.2347,404,1.000,1.000,3,10,0.2893,0.2798,0.4025,NO
capture_0014.pgm,49,113,347,25,25,25,0.2445,25.0,0.2445,453,1.000,1.000,3,0,0.2994,0.2925,0.4186,NO
capture_0014.pgm,50,319,348,22,23,23,0.2249,23.0,0.2249,382,1.000,1.000,3,2,0.3130,0.3037,0.4361,NO
capture_0014.pgm,51,627,386,22,23,23,0.2249,23.0,0.2249,368,1.000,1.000,4,5,0.3234,0.2438,0.4050,NO
capture_0014.pgm,52,12,386,22,22,22,0.2152,22.0,0.2152,353,1.000,1.000,4,-1,0.3118,0.2397,0.3933,NO
capture_0014.pgm,53,423,386,21,22,22,0.2152,22.0,0.2152,338,1.000,1.000,4,3,0.3293,0.2424,0.4089,NO
capture_0014.pgm,54,216,389,23,23,23,0.2249,23.0,0.2249,390,1.000,1.000,4,1,0.3059,0.2704,0.4083,NO
capture_0014.pgm,55,833,394,23,24,24,0.2347,24.0,0.2347,411,1.000,1.000,4,7,0.3370,0.3234,0.4671,NO
capture_0014.pgm,56,1041,393,25,22,25,0.2445,25.0,0.2445,426,1.000,1.000,4,9,0.3702,0.3150,0.4861,NO
capture_0014.pgm,57,1139,428,22,22,22,0.2152,22.0,0.2152,360,1.000,1.000,4,10,0.3278,0.2407,0.4067,NO
capture_0014.pgm,58,113,430,24,23,24,0.2347,24.0,0.2347,399,1.000,1.000,4,0,0.2988,0.2534,0.3918,NO
capture_0014.pgm,59,731,430,22,23,23,0.2249,23.0,0.2249,382,1.000,1.000,4,6,0.3397,0.2575,0.4263,NO
capture_0014.pgm,60,527,434,22,25,25,0.2445,25.0,0.2445,419,1.000,1.000,4,4,0.3456,0.2953,0.4546,NO
capture_0014.pgm,61,323,433,23,23,23,0.2249,23.0,0.2249,398,1.000,1.000,4,2,0.3515,0.2841,0.4520,NO
capture_0014.pgm,62,935,433,22,22,22,0.2152,22.0,0.2152,353,1.000,1.000,4,8,0.3338,0.2882,0.4410,NO
capture_0014.pgm,63,1237,469,21,21,21,0.2054,21.0,0.2054,317,1.000,1.000,5,11,0.2855,0.2088,0.3537,NO
capture_0014.pgm,64,216,472,24,23,24,0.2347,24.0,0.2347,403,1.000,1.000,5,1,0.3053,0.2312,0.3830,NO
capture_0014.pgm,65,1036,472,21,21,21,0.2054,21.0,0.2054,317,1.000,1.000,5,9,0.3207,0.2367,0.3986,NO
capture_0014.pgm,66,828,474,22,23,23,0.2249,23.0,0.2249,368,1.000,1.000,5,7,0.2875,0.2549,0.3843,NO
capture_0014.pgm,67,628,475,24,24,24,0.2347,24.0,0.2347,435,1.000,1.000,5,5,0.3326,0.2633,0.4242,NO
capture_0014.pgm,68,12,476,24,24,24,0.2347,24.0,0.2347,422,1.000,1.000,5,-1,0.3112,0.2690,0.4114,NO
capture_0014.pgm,69,421,479,22,23,23,0.2249,23.0,0.2249,368,1.000,1.000,5,3,0.3092,0.3011,0.4315,NO
capture_0014.pgm,70,1137,515,22,22,22,0.2152,22.0,0.2152,360,1.000,1.000,5,10,0.3077,0.2407,0.3907,NO
capture_0014.pgm,71,729,516,22,23,23,0.2249,23.0,0.2249,375,1.000,1.000,5,6,0.3195,0.2477,0.4043,NO
capture_0014.pgm,72,320,518,24,24,24,0.2347,24.0,0.2347,415,1.000,1.000,5,2,0.3216,0.2645,0.4164,NO
capture_0014.pgm,73,935,518,24,23,24,0.2347,24.0,0.2347,400,1.000,1.000,5,8,0.3332,0.2687,0.4280,NO
capture_0014.pgm,74,534,519,24,24,24,0.2347,24.0,0.2347,428,1.000,1.000,5,4,0.4135,0.2757,0.4970,NO
capture_0014.pgm,75,117,519,22,22,22,0.2152,22.0,0.2152,360,1.000,1.000,5,0,0.3373,0.2729,0.4339,NO
capture_0014.pgm,76,625,556,22,22,22,0.2152,22.0,0.2152,353,1.000,1.000,6,5,0.3027,0.2047,0.3654,NO
capture_0014.pgm,77,1234,556,23,22,23,0.2249,23.0,0.2249,375,1.000,1.000,6,11,0.2555,0.2088,0.3300,NO
capture_0014.pgm,78,828,558,23,24,24,0.2347,24.0,0.2347,395,1.000,1.000,6,7,0.2869,0.2256,0.3650,NO
capture_0014.pgm,79,421,559,22,22,22,0.2152,22.0,0.2152,353,1.000,1.000,6,3,0.3086,0.2326,0.3864,NO
capture_0014.pgm,80,18,562,23,23,23,0.2249,23.0,0.2249,398,1.000,1.000,6,-1,0.3693,0.2592,0.4512,NO
capture_0014.pgm,81,1030,563,22,23,23,0.2249,23.0,0.2249,368,1.000,1.000,6,9,0.2615,0.2759,0.3801,NO
capture_0014.pgm,82,223,567,23,23,23,0.2249,23.0,0.2249,405,1.000,1.000,6,1,0.3732,0.3095,0.4848,NO
capture_0014.pgm,83,1135,600,25,22,25,0.2445,25.0,0.2445,412,1.000,1.000,6,10,0.2876,0.2211,0.3628,NO
capture_0014.pgm,84,728,602,22,22,22,0.2152,22.0,0.2152,353,1.000,1.000,6,6,0.3092,0.2380,0.3901,NO
capture_0014.pgm,85,525,604,21,21,21,0.2054,21.0,0.2054,317,1.000,1.000,6,4,0.3249,0.2561,0.4137,NO
capture_0014.pgm,86,933,605,24,22,24,0.2347,24.0,0.2347,390,1.000,1.000,6,8,0.3130,0.2687,0.4125,NO
capture_0014.pgm,87,118,607,22,22,22,0.2152,22.0,0.2152,353,1.000,1.000,6,0,0.3465,0.2827,0.4472,NO
capture_0014.pgm,88,318,607,22,22,22,0.2152,22.0,0.2152,353,1.000,1.000,6,2,0.3015,0.2841,0.4142,NO
capture_0014.pgm,89,219,645,22,24,24,0.2347,24.0,0.2347,390,1.000,1.000,7,1,0.3335,0.2215,0.4003,NO
capture_0014.pgm,90,1240,644,21,22,22,0.2152,22.0,0.2152,338,1.000,1.000,7,11,0.3136,0.2186,0.3823,NO
capture_0014.pgm,91,829,647,23,23,23,0.2249,23.0,0.2249,384,1.000,1.000,7,7,0.2961,0.2452,0.3845,NO
capture_0014.pgm,92,1038,648,22,23,23,0.2249,23.0,0.2249,375,1.000,1.000,7,9,0.3391,0.2563,0.4251,NO
capture_0014.pgm,93,421,649,22,22,22,0.2152,22.0,0.2152,353,1.000,1.000,7,3,0.3080,0.2620,0.4043,NO
capture_0014.pgm,94,620,650,24,23,24,0.2347,24.0,0.2347,399,1.000,1.000,7,5,0.2532,0.2731,0.3724,NO
capture_0014.pgm,95,19,653,23,23,23,0.2249,23.0,0.2249,391,1.000,1.000,7,-1,0.3785,0.2983,0.4820,NO
capture_0014.pgm,96,521,689,25,23,25,0.2445,25.0,0.2445,425,1.000,1.000,7,4,0.2852,0.2366,0.3705,NO
capture_0014.pgm,97,726,689,23,23,23,0.2249,23.0,0.2249,390,1.000,1.000,7,6,0.2890,0.2380,0.3744,NO
capture_0014.pgm,98,1137,688,21,22,22,0.2152,22.0,0.2152,338,1.000,1.000,7,10,0.3065,0.2309,0.3838,NO
capture_0014.pgm,99,317,690,24,24,24,0.2347,24.0,0.2347,420,1.000,1.000,7,2,0.2911,0.2450,0.3805,NO
capture_0014.pgm,100,117,693,22,22,22,0.2152,22.0,0.2152,353,1.000,1.000,7,0,0.3362,0.2729,0.4330,NO
capture_0014.pgm,101,937,697,23,25,25,0.2445,25.0,0.2445,421,1.000,1.000,7,8,0.3516,0.3176,0.4738,NO
capture_0014.pgm,102,219,730,25,23,25,0.2445,25.0,0.2445,426,1.000,1.000,8,1,0.3329,0.2019,0.3893,NO
capture_0014.pgm,103,422,731,23,23,23,0.2249,23.0,0.2249,384,1.000,1.000,8,3,0.3172,0.2131,0.3821,NO
capture_0014.pgm,104,624,734,24,24,24,0.2347,24.0,0.2347,424,1.000,1.000,8,5,0.2917,0.2438,0.3802,NO
capture_0014.pgm,105,1036,735,22,22,22,0.2152,22.0,0.2152,353,1.000,1.000,8,9,0.3190,0.2563,0.4092,NO
capture_0014.pgm,106,1237,737,23,25,25,0.2445,25.0,0.2445,429,1.000,1.000,8,11,0.2837,0.2772,0.3967,NO
capture_0014.pgm,107,829,737,26,23,26,0.2543,26.0,0.2543,446,1.000,1.000,8,7,0.2956,0.2745,0.4034,NO
capture_0014.pgm,108,14,742,22,22,22,0.2152,22.0,0.2152,360,1.000,1.000,8,-1,0.3290,0.3179,0.4575,NO
capture_0014.pgm,109,1136,775,25,24,25,0.2445,25.0,0.2445,443,1.000,1.000,8,10,0.2962,0.2309,0.3756,NO
capture_0014.pgm,110,128,779,24,23,24,0.2347,24.0,0.2347,421,1.000,1.000,8,0,0.4432,0.2632,0.5154,NO
capture_0014.pgm,111,320,778,22,22,22,0.2152,22.0,0.2152,360,1.000,1.000,8,2,0.3199,0.2548,0.4089,NO
capture_0014.pgm,112,525,779,21,23,23,0.2249,23.0,0.2249,359,1.000,1.000,8,4,0.3237,0.2659,0.4189,NO
capture_0014.pgm,113,731,782,24,23,24,0.2347,24.0,0.2347,414,1.000,1.000,8,6,0.3374,0.2966,0.4492,NO
capture_0014.pgm,114,936,782,21,23,23,0.2249,23.0,0.2249,359,1.000,1.000,8,8,0.3412,0.2980,0.4530,NO
capture_0014.pgm,115,13,819,24,22,24,0.2347,24.0,0.2347,397,1.000,1.000,9,-1,0.3187,0.2201,0.3873,NO
capture_0014.pgm,116,1238,819,23,23,23,0.2249,23.0,0.2249,390,1.000,1.000,9,11,0.2929,0.2283,0.3714,NO
capture_0014.pgm,117,217,821,23,23,23,0.2249,23.0,0.2249,391,1.000,1.000,9,1,0.3128,0.2410,0.3949,NO
capture_0014.pgm,118,831,820,22,22,22,0.2152,22.0,0.2152,360,1.000,1.000,9,7,0.3145,0.2354,0.3929,NO
capture_0014.pgm,119,624,821,25,22,25,0.2445,25.0,0.2445,412,1.000,1.000,9,5,0.2911,0.2438,0.3797,NO
capture_0014.pgm,120,1034,823,23,23,23,0.2249,23.0,0.2249,398,1.000,1.000,9,9,0.2988,0.2661,0.4001,NO
capture_0014.pgm,121,426,824,24,24,24,0.2347,24.0,0.2347,416,1.000,1.000,9,3,0.3557,0.2717,0.4476,NO
capture_0014.pgm,122,1139,861,24,23,24,0.2347,24.0,0.2347,404,1.000,1.000,9,10,0.3249,0.2211,0.3930,NO
capture_0014.pgm,123,322,866,23,23,23,0.2249,23.0,0.2249,398,1.000,1.000,9,2,0.3388,0.2645,0.4299,NO
capture_0014.pgm,124,116,868,25,24,25,0.2445,25.0,0.2445,427,1.000,1.000,9,0,0.3252,0.2827,0.4309,NO
capture_0014.pgm,125,528,868,23,24,24,0.2347,24.0,0.2347,421,1.000,1.000,9,4,0.3525,0.2855,0.4536,NO
capture_0014.pgm,126,731,867,24,23,24,0.2347,24.0,0.2347,421,1.000,1.000,9,6,0.3368,0.2771,0.4361,NO
capture_0014.pgm,127,938,867,23,23,23,0.2249,23.0,0.2249,391,1.000,1.000,9,8,0.3602,0.2784,0.4553,NO
capture_0014.pgm,128,626,904,22,23,23,0.2249,23.0,0.2249,368,1.000,1.000,10,5,0.3101,0.2047,0.3715,NO
capture_0014.pgm,129,422,906,21,22,22,0.2152,22.0,0.2152,338,1.000,1.000,10,3,0.3160,0.2228,0.3867,NO
capture_0014.pgm,130,1033,909,23,23,23,0.2249,23.0,0.2249,398,1.000,1.000,10,9,0.2885,0.2563,0.3859,NO
capture_0014.pgm,131,1240,909,25,22,25,0.2445,25.0,0.2445,419,1.000,1.000,10,11,0.3119,0.2577,0.4046,NO
capture_0014.pgm,132,16,911,24,25,25,0.2445,25.0,0.2445,455,1.000,1.000,10,-1,0.3474,0.2690,0.4394,NO
capture_0014.pgm,133,823,910,25,23,25,0.2445,25.0,0.2445,421,1.000,1.000,10,7,0.2357,0.2647,0.3544,NO
capture_0014.pgm,134,217,914,23,24,24,0.2347,24.0,0.2347,414,1.000,1.000,10,1,0.3122,0.2997,0.4328,NO
capture_0014.pgm,135,321,949,23,23,23,0.2249,23.0,0.2249,391,1.000,1.000,10,2,0.3285,0.2254,0.3984,NO
capture_0014.pgm,136,1140,948,24,23,24,0.2347,24.0,0.2347,397,1.000,1.000,10,10,0.3341,0.2211,0.4007,NO
capture_0014.pgm,137,525,952,24,24,24,0.2347,24.0,0.2347,437,1.000,1.000,10,4,0.3226,0.2561,0.4119,NO
capture_0014.pgm,138,726,953,24,23,24,0.2347,24.0,0.2347,404,1.000,1.000,10,6,0.2873,0.2673,0.3924,NO
capture_0014.pgm,139,120,955,23,24,24,0.2347,24.0,0.2347,404,1.000,1.000,10,0,0.3637,0.2827,0.4607,NO
capture_0014.pgm,140,937,958,22,24,24,0.2347,24.0,0.2347,387,1.000,1.000,10,8,0.3498,0.3176,0.4725,NO
capture_0014.pgm,141,1237,991,23,24,24,0.2347,24.0,0.2347,401,1.000,1.000,11,11,0.2820,0.2088,0.3508,NO
capture_0014.pgm,142,831,992,22,24,24,0.2347,24.0,0.2347,397,1.000,1.000,11,7,0.3134,0.2158,0.3805,NO
capture_0014.pgm,143,424,993,21,24,24,0.2347,24.0,0.2347,380,1.000,1.000,11,3,0.3350,0.2228,0.4023,NO
capture_0014.pgm,144,626,993,23,23,23,0.2249,23.0,0.2249,383,1.000,1.000,11,5,0.3095,0.2242,0.3822,NO
capture_0014.pgm,145,12,997,22,23,23,0.2249,23.0,0.2249,375,1.000,1.000,11,-1,0.3077,0.2592,0.4024,NO
capture_0014.pgm,146,1035,997,21,23,23,0.2249,23.0,0.2249,359,1.000,1.000,11,9,0.3074,0.2661,0.4066,NO
capture_0014.pgm,147,213,997,26,22,26,0.2543,26.0,0.2543,434,1.000,1.000,11,1,0.2725,0.2606,0.3770,NO
capture_0014.pgm,SUMMARY,,,,,,,,,,,,,,,,,
capture_0014.pgm,Count,147,,,,,,,,,,,,,,,
capture_0014.pgm,Missed,2,,,,,,,,,,,,,,,
capture_0014.pgm,Mean,,,,,,,,0.2277,,,,,,,,
capture_0014.pgm,Median,,,,,,,,0.2249,,,,,,,,
capture_0014.pgm,StdDev,,,,,,,,0.0113,,,,,,,,
capture_0014.pgm,Min,,,,,,,,0.2054,,,,,,,,
capture_0014.pgm,Max,,,,,,,,0.2543,,,,,,,,
capture_0015.pgm,1,111,14,24,24,24,0.2347,24.0,0.2347,408,1.000,1.000,0,0,0.2816,-0.4117,0.4987,NO
capture_0015.pgm,2,526,16,23,24,24,0.2347,24.0,0.2347,407,1.000,1.000,0,4,0.3382,-0.3893,0.5157,NO
capture_0015.pgm,3,930,16,25,24,25,0.2445,25.0,0.2445,454,1.000,1.000,0,8,0.2872,-0.3866,0.4816,NO
capture_0015.pgm,4,1138,17,24,26,26,0.2543,26.0,0.2543,463,1.000,1.000,0,10,0.3204,-0.3754,0.4936,NO
capture_0015.pgm,5,418,54,23,23,23,0.2249,23.0,0.2249,391,1.000,1.000,0,3,0.2827,0.3989,0.4889,NO
capture_0015.pgm,6,1034,53,22,22,22,0.2152,22.0,0.2152,360,1.000,1.000,0,9,0.3041,0.3932,0.4971,NO
capture_0015.pgm,7,1236,53,21,22,22,0.2152,22.0,0.2152,338,1.000,1.000,0,11,0.2786,0.3946,0.4830,NO
capture_0015.pgm,8,828,57,24,23,24,0.2347,24.0,0.2347,406,1.000,1.000,1,7,0.2899,-0.4199,0.5102,NO
capture_0015.pgm,9,624,57,23,23,23,0.2249,23.0,0.2249,388,1.000,1.000,1,5,0.2958,-0.4213,0.5147,NO
capture_0015.pgm,10,216,59,30,25,30,0.2934,30.0,0.2934,567,1.000,1.000,1,1,0.3076,-0.4044,0.5082,NO
capture_0015.pgm,11,524,97,23,23,23,0.2249,23.0,0.2249,398,1.000,1.000,0,4,0.3186,0.4028,0.5136,NO
capture_0015.pgm,12,319,99,24,24,24,0.2347,24.0,0.2347,418,1.000,1.000,0,2,0.3148,0.4210,0.5257,NO
capture_0015.pgm,13,1135,98,22,21,22,0.2152,22.0,0.2152,338,1.000,1.000,0,10,0.2911,0.4167,0.5083,NO
capture_0015.pgm,14,726,101,22,22,22,0.2152,22.0,0.2152,353,1.000,1.000,1,6,0.2925,-0.4075,0.5017,NO
capture_0015.pgm,15,936,101,22,23,23,0.2249,23.0,0.2249,375,1.000,1.000,1,8,0.3453,-0.4062,0.5331,NO
capture_0015.pgm,16,114,102,24,22,24,0.2347,24.0,0.2347,390,1.000,1.000,1,0,0.3103,-0.4019,0.5077,NO
capture_0015.pgm,17,1234,137,22,22,22,0.2152,22.0,0.2152,360,1.000,1.000,1,11,0.2585,0.3653,0.4475,NO
capture_0015.pgm,18,419,138,22,22,22,0.2152,22.0,0.2152,360,1.000,1.000,1,3,0.2919,0.3695,0.4709,NO
capture_0015.pgm,19,622,140,23,22,23,0.2249,23.0,0.2249,365,1.000,1.000,1,5,0.2762,0.3905,0.4783,NO
capture_0015.pgm,20,1034,140,21,21,21,0.2054,21.0,0.2054,317,1.000,1.000,1,9,0.3035,0.3932,0.4967,NO
capture_0015.pgm,21,219,141,22,22,22,0.2152,22.0,0.2152,360,1.000,1.000,1,1,0.3370,0.3975,0.5211,NO
capture_0015.pgm,22,831,142,23,22,23,0.2249,23.0,0.2249,375,1.000,1.000,1,7,0.3192,0.4114,0.5207,NO
capture_0015.pgm,23,314,185,24,22,24,0.2347,24.0,0.2347,397,1.000,1.000,1,2,0.2653,0.4112,0.4894,NO
capture_0015.pgm,24,934,188,21,21,21,0.2054,21.0,0.2054,317,1.000,1.000,2,8,0.3252,-0.4062,0.5203,NO
capture_0015.pgm,25,113,190,22,22,22,0.2152,22.0,0.2152,360,1.000,1.000,2,0,0.3000,-0.3921,0.4937,NO
capture_0015.pgm,26,523,192,24,26,26,0.2543,26.0,0.2543,458,1.000,1.000,2,4,0.3077,-0.3698,0.4810,NO
capture_0015.pgm,27,728,191,22,24,24,0.2347,24.0,0.2347,397,1.000,1.000,2,6,0.3115,-0.3782,0.4900,NO
capture_0015.pgm,28,1139,191,22,22,22,0.2152,22.0,0.2152,353,1.000,1.000,2,10,0.3290,-0.3754,0.4992,NO
capture_0015.pgm,29,829,225,22,23,23,0.2249,23.0,0.2249,372,1.000,1.000,2,7,0.2991,0.3723,0.4775,NO
capture_0015.pgm,30,415,226,23,23,23,0.2249,23.0,0.2249,395,1.000,1.000,2,3,0.2522,0.3793,0.4555,NO
capture_0015.pgm,31,1234,227,22,22,22,0.2152,22.0,0.2152,360,1.000,1.000,2,11,0.2579,0.3946,0.4714,NO
capture_0015.pgm,32,216,229,24,23,24,0.2347,24.0,0.2347,414,1.000,1.000,2,1,0.3071,0.4073,0.5101,NO
capture_0015.pgm,33,623,228,22,23,23,0.2249,23.0,0.2249,375,1.000,1.000,2,5,0.2854,0.4003,0.4916,NO
capture_0015.pgm,34,1034,228,22,22,22,0.2152,22.0,0.2152,360,1.000,1.000,2,9,0.3029,0.4030,0.5042,NO
capture_0015.pgm,35,316,271,23,22,23,0.2249,23.0,0.2249,365,1.000,1.000,2,2,0.2843,0.4015,0.4919,NO
capture_0015.pgm,36,522,273,21,22,22,0.2152,22.0,0.2152,338,1.000,1.000,2,4,0.2979,0.4224,0.5169,NO
capture_0015.pgm,37,933,274,23,24,24,0.2347,24.0,0.2347,411,1.000,1.000,3,8,0.3148,-0.4159,0.5216,NO
capture_0015.pgm,38,727,277,22,23,23,0.2249,23.0,0.2249,375,1.000,1.000,3,6,0.3012,-0.3880,0.4911,NO
capture_0015.pgm,39,1136,277,22,23,23,0.2249,23.0,0.2249,368,1.000,1.000,3,10,0.2991,-0.3852,0.4877,NO
capture_0015.pgm,40,115,281,23,23,23,0.2249,23.0,0.2249,384,1.000,1.000,3,0,0.3189,-0.3530,0.4757,NO
capture_0015.pgm,41,218,314,23,23,23,0.2249,23.0,0.2249,391,1.000,1.000,3,1,0.3260,0.3877,0.5066,NO
capture_0015.pgm,42,1031,313,22,23,23,0.2249,23.0,0.2249,375,1.000,1.000,3,9,0.2730,0.3834,0.4707,NO
capture_0015.pgm,43,1239,315,21,23,23,0.2249,23.0,0.2249,359,1.000,1.000,3,11,0.3062,0.4044,0.5072,NO
capture_0015.pgm,44,626,316,23,23,23,0.2249,23.0,0.2249,388,1.000,1.000,3,5,0.3142,0.4100,0.5166,NO
capture_0015.pgm,45,419,318,23,24,24,0.2347,24.0,0.2347,406,1.000,1.000,4,3,0.2902,-0.4226,0.5127,NO
capture_0015.pgm,46,830,317,22,22,22,0.2152,22.0,0.2152,353,1.000,1.000,3,7,0.3083,0.4212,0.5219,NO
capture_0015.pgm,47,318,357,23,24,24,0.2347,24.0,0.2347,421,1.000,1.000,3,2,0.3032,0.3917,0.4953,NO
capture_0015.pgm,48,929,358,23,22,23,0.2249,23.0,0.2249,375,1.000,1.000,3,8,0.2757,0.4056,0.4904,NO
capture_0015.pgm,49,1139,359,24,23,24,0.2347,24.0,0.2347,406,1.000,1.000,3,10,0.3284,0.4167,0.5306,NO
capture_0015.pgm,50,114,360,23,22,23,0.2249,23.0,0.2249,375,1.000,1.000,3,0,0.3092,0.4196,0.5212,NO
capture_0015.pgm,51,523,361,21,22,22,0.2152,22.0,0.2152,338,1.000,1.000,4,4,0.3065,-0.4187,0.5189,NO
capture_0015.pgm,52,723,363,23,23,23,0.2249,23.0,0.2249,383,1.000,1.000,4,6,0.2615,-0.3977,0.4760,NO
capture_0015.pgm,53,1237,397,22,22,22,0.2152,22.0,0.2152,353,1.000,1.000,4,11,0.2860,0.3555,0.4563,NO
capture_0015.pgm,54,832,399,24,23,24,0.2347,24.0,0.2347,407,1.000,1.000,4,7,0.3272,0.3723,0.4957,NO
capture_0015.pgm,55,419,402,23,24,24,0.2347,24.0,0.2347,413,1.000,1.000,4,3,0.2902,0.3989,0.4933,NO
capture_0015.pgm,56,218,404,24,23,24,0.2347,24.0,0.2347,414,1.000,1.000,4,1,0.3255,0.4171,0.5290,NO
capture_0015.pgm,57,623,406,23,23,23,0.2249,23.0,0.2249,391,1.000,1.000,5,5,0.2837,-0.4115,0.4998,NO
capture_0015.pgm,58,12,407,24,23,24,0.2347,24.0,0.2347,411,1.000,1.000,5,-1,0.3112,-0.4058,0.5114,NO
capture_0015.pgm,59,1036,408,23,23,23,0.2249,23.0,0.2249,395,1.000,1.000,5,9,0.3207,-0.3892,0.5043,NO
capture_0015.pgm,60,1139,445,23,24,24,0.2347,24.0,0.2347,407,1.000,1.000,4,10,0.3278,0.4070,0.5226,NO
capture_0015.pgm,61,319,447,23,23,23,0.2249,23.0,0.2249,391,1.000,1.000,4,2,0.3124,0.4210,0.5243,NO
capture_0015.pgm,62,113,447,23,22,23,0.2249,23.0,0.2249,375,1.000,1.000,4,0,0.2988,0.4196,0.5151,NO
capture_0015.pgm,63,933,447,22,22,22,0.2152,22.0,0.2152,360,1.000,1.000,4,8,0.3142,0.4251,0.5287,NO
capture_0015.pgm,64,726,449,23,24,24,0.2347,24.0,0.2347,414,1.000,1.000,5,6,0.2902,-0.4075,0.5003,NO
capture_0015.pgm,65,523,452,22,23,23,0.2249,23.0,0.2249,368,1.000,1.000,5,4,0.3059,-0.3796,0.4875,NO
capture_0015.pgm,66,416,488,23,24,24,0.2347,24.0,0.2347,406,1.000,1.000,5,3,0.2603,0.3891,0.4681,NO
capture_0015.pgm,67,12,489,24,24,24,0.2347,24.0,0.2347,430,1.000,1.000,5,-1,0.3112,0.3961,0.5038,NO
capture_0015.pgm,68,831,489,25,24,25,0.2445,25.0,0.2445,444,1.000,1.000,5,7,0.3169,0.4016,0.5116,NO
capture_0015.pgm,69,625,489,22,23,23,0.2249,23.0,0.2249,375,1.000,1.000,5,5,0.3032,0.4003,0.5022,NO
capture_0015.pgm,70,1241,492,25,24,25,0.2445,25.0,0.2445,441,1.000,1.000,6,11,0.3240,-0.4171,0.5282,NO
capture_0015.pgm,71,220,492,24,23,24,0.2347,24.0,0.2347,407,1.000,1.000,6,1,0.3438,-0.4240,0.5459,NO
capture_0015.pgm,72,1033,495,23,23,23,0.2249,23.0,0.2249,383,1.000,1.000,6,9,0.2908,-0.3892,0.4858,NO
capture_0015.pgm,73,1134,531,22,23,23,0.2249,23.0,0.2249,375,1.000,1.000,5,10,0.2784,0.3972,0.4850,NO
capture_0015.pgm,74,931,533,22,22,22,0.2152,22.0,0.2152,353,1.000,1.000,5,8,0.2941,0.4154,0.5089,NO
capture_0015.pgm,75,115,535,23,23,23,0.2249,23.0,0.2249,391,1.000,1.000,6,0,0.3172,-0.4214,0.5275,NO
capture_0015.pgm,76,317,535,22,23,23,0.2249,23.0,0.2249,382,1.000,1.000,6,2,0.2917,-0.4201,0.5114,NO
capture_0015.pgm,77,522,536,23,24,24,0.2347,24.0,0.2347,407,1.000,1.000,6,4,0.2956,-0.4089,0.5045,NO
capture_0015.pgm,78,726,538,24,24,24,0.2347,24.0,0.2347,427,1.000,1.000,6,6,0.2896,-0.3880,0.4841,NO
capture_0015.pgm,79,830,575,22,26,26,0.2543,26.0,0.2543,438,1.000,1.000,6,7,0.3065,0.3919,0.4975,NO
capture_0015.pgm,80,419,576,24,24,24,0.2347,24.0,0.2347,415,1.000,1.000,6,3,0.2890,0.3989,0.4926,NO
capture_0015.pgm,81,13,578,23,22,23,0.2249,23.0,0.2249,375,1.000,1.000,6,-1,0.3204,0.4157,0.5249,NO
capture_0015.pgm,82,221,582,24,24,24,0.2347,24.0,0.2347,423,1.000,1.000,7,1,0.3530,-0.3947,0.5295,NO
capture_0015.pgm,83,624,582,24,25,25,0.2445,25.0,0.2445,437,1.000,1.000,7,5,0.2923,-0.3919,0.4889,NO
capture_0015.pgm,84,1243,583,23,25,25,0.2445,25.0,0.2445,431,1.000,1.000,7,11,0.3430,-0.3780,0.5104,NO
capture_0015.pgm,85,1032,582,23,22,23,0.2249,23.0,0.2249,382,1.000,1.000,7,9,0.2804,-0.3892,0.4797,NO
capture_0015.pgm,86,931,619,24,23,24,0.2347,24.0,0.2347,404,1.000,1.000,6,8,0.2935,0.4056,0.5006,NO
capture_0015.pgm,87,523,621,22,23,23,0.2249,23.0,0.2249,382,1.000,1.000,6,4,0.3053,0.4224,0.5212,NO
capture_0015.pgm,88,128,623,24,25,25,0.2445,25.0,0.2445,447,1.000,1.000,7,0,0.4437,-0.4117,0.6053,NO
capture_0015.pgm,89,728,623,23,25,25,0.2445,25.0,0.2445,432,1.000,1.000,7,6,0.3086,-0.4075,0.5112,NO
capture_0015.pgm,90,319,622,22,22,22,0.2152,22.0,0.2152,360,1.000,1.000,7,2,0.3107,-0.4201,0.5225,NO
capture_0015.pgm,91,1142,623,26,23,26,0.2543,26.0,0.2543,441,1.000,1.000,7,10,0.3554,-0.4048,0.5387,NO
capture_0015.pgm,92,832,660,22,23,23,0.2249,23.0,0.2249,375,1.000,1.000,7,7,0.3255,0.3723,0.4945,NO
capture_0015.pgm,93,418,663,25,22,25,0.2445,25.0,0.2445,412,1.000,1.000,7,3,0.2787,0.3989,0.4866,NO
capture_0015.pgm,94,1243,664,22,23,23,0.2249,23.0,0.2249,382,1.000,1.000,7,11,0.3430,0.4142,0.5377,NO
capture_0015.pgm,95,13,664,25,22,25,0.2445,25.0,0.2445,412,1.000,1.000,7,-1,0.3198,0.4059,0.5168,NO
capture_0015.pgm,96,214,667,24,22,24,0.2347,24.0,0.2347,390,1.000,1.000,8,1,0.2840,-0.4142,0.5022,NO
capture_0015.pgm,97,623,671,23,25,25,0.2445,25.0,0.2445,434,1.000,1.000,8,5,0.2819,-0.3724,0.4670,NO
capture_0015.pgm,98,524,701,21,26,26,0.2543,26.0,0.2543,422,1.000,1.000,7,4,0.3145,0.3539,0.4735,NO
capture_0015.pgm,99,320,707,23,22,23,0.2249,23.0,0.2249,375,1.000,1.000,7,2,0.3205,0.4112,0.5214,NO
capture_0015.pgm,100,935,708,23,23,23,0.2249,23.0,0.2249,405,1.000,1.000,7,8,0.3320,0.4251,0.5394,NO
capture_0015.pgm,101,724,708,24,22,24,0.2347,24.0,0.2347,390,1.000,1.000,7,6,0.2695,0.4238,0.5022,NO
capture_0015.pgm,102,127,710,23,24,24,0.2347,24.0,0.2347,414,1.000,1.000,8,0,0.4334,-0.4117,0.5977,NO
capture_0015.pgm,103,1136,713,21,23,23,0.2249,23.0,0.2249,359,1.000,1.000,8,10,0.2962,-0.3754,0.4782,NO
capture_0015.pgm,104,828,747,23,24,24,0.2347,24.0,0.2347,421,1.000,1.000,8,7,0.2858,0.3723,0.4693,NO
capture_0015.pgm,105,421,748,25,24,25,0.2445,25.0,0.2445,451,1.000,1.000,8,3,0.3074,0.3793,0.4883,NO
capture_0015.pgm,106,1033,747,24,23,24,0.2347,24.0,0.2347,400,1.000,1.000,8,9,0.2896,0.3737,0.4728,NO
capture_0015.pgm,107,215,751,23,23,23,0.2249,23.0,0.2249,391,1.000,1.000,8,1,0.2938,0.4073,0.5022,NO
capture_0015.pgm,108,1246,752,23,25,25,0.2445,25.0,0.2445,429,1.000,1.000,8,11,0.3717,0.4239,0.5638,NO
capture_0015.pgm,109,622,757,23,27,27,0.2641,27.0,0.2641,467,1.000,1.000,9,5,0.2716,-0.3821,0.4688,NO
capture_0015.pgm,110,13,756,24,24,24,0.2347,24.0,0.2347,423,1.000,1.000,9,-1,0.3187,-0.3960,0.5083,NO
capture_0015.pgm,111,318,791,24,22,24,0.2347,24.0,0.2347,390,1.000,1.000,8,2,0.3003,0.3819,0.4858,NO
capture_0015.pgm,112,523,794,23,23,23,0.2249,23.0,0.2249,391,1.000,1.000,8,4,0.3042,0.4126,0.5126,NO
capture_0015.pgm,113,726,794,23,24,24,0.2347,24.0,0.2347,397,1.000,1.000,8,6,0.2885,0.4140,0.5046,NO
capture_0015.pgm,114,935,795,24,23,24,0.2347,24.0,0.2347,406,1.000,1.000,8,8,0.3314,0.4251,0.5391,NO
capture_0015.pgm,115,126,796,24,24,24,0.2347,24.0,0.2347,418,1.000,1.000,9,0,0.4230,-0.4214,0.5971,NO
capture_0015.pgm,116,1138,797,22,23,23,0.2249,23.0,0.2249,375,1.000,1.000,9,10,0.3151,-0.4048,0.5130,NO
capture_0015.pgm,117,419,835,22,24,24,0.2347,24.0,0.2347,390,1.000,1.000,9,3,0.2873,0.3793,0.4758,NO
capture_0015.pgm,118,215,836,24,24,24,0.2347,24.0,0.2347,424,1.000,1.000,9,1,0.2932,0.3877,0.4861,NO
capture_0015.pgm,119,1241,836,21,23,23,0.2249,23.0,0.2249,359,1.000,1.000,9,11,0.3222,0.3946,0.5095,NO
capture_0015.pgm,120,829,837,22,23,23,0.2249,23.0,0.2249,375,1.000,1.000,9,7,0.2950,0.4016,0.4983,NO
capture_0015.pgm,121,625,838,22,22,22,0.2152,22.0,0.2152,360,1.000,1.000,9,5,0.3009,0.4100,0.5086,NO
capture_0015.pgm,122,12,839,25,23,25,0.2445,25.0,0.2445,430,1.000,1.000,9,-1,0.3089,0.4157,0.5179,NO
capture_0015.pgm,123,1036,842,24,24,24,0.2347,24.0,0.2347,430,1.000,1.000,10,9,0.3178,-0.3989,0.5101,NO
capture_0015.pgm,124,122,879,24,24,24,0.2347,24.0,0.2347,438,1.000,1.000,9,0,0.3839,0.3903,0.5475,NO
capture_0015.pgm,125,730,880,22,24,24,0.2347,24.0,0.2347,404,1.000,1.000,9,6,0.3270,0.4042,0.5199,NO
capture_0015.pgm,126,933,880,23,23,23,0.2249,23.0,0.2249,398,1.000,1.000,9,8,0.3113,0.4056,0.5113,NO
capture_0015.pgm,127,1135,880,21,22,22,0.2152,22.0,0.2152,338,1.000,1.000,9,10,0.2858,0.4070,0.4973,NO
capture_0015.pgm,128,319,882,25,24,25,0.2445,25.0,0.2445,432,1.000,1.000,9,2,0.3095,0.4210,0.5225,NO
capture_0015.pgm,129,524,884,23,23,23,0.2249,23.0,0.2249,391,1.000,1.000,10,4,0.3128,-0.4089,0.5148,NO
capture_0015.pgm,130,1243,922,25,24,25,0.2445,25.0,0.2445,434,1.000,1.000,10,11,0.3412,0.3848,0.5143,NO
capture_0015.pgm,131,218,925,23,26,26,0.2543,26.0,0.2543,446,1.000,1.000,10,1,0.3219,0.4073,0.5192,NO
capture_0015.pgm,132,829,923,22,22,22,0.2152,22.0,0.2152,360,1.000,1.000,10,7,0.2944,0.3919,0.4901,NO
capture_0015.pgm,133,1034,924,22,23,23,0.2249,23.0,0.2249,382,1.000,1.000,10,9,0.2982,0.4030,0.5014,NO
capture_0015.pgm,134,626,928,22,27,27,0.2641,27.0,0.2641,451,1.000,1.000,11,5,0.3095,-0.4115,0.5149,NO
capture_0015.pgm,135,422,927,23,22,23,0.2249,23.0,0.2249,382,1.000,1.000,11,3,0.3154,-0.4226,0.5274,NO
capture_0015.pgm,136,14,932,25,24,25,0.2445,25.0,0.2445,447,1.000,1.000,11,-1,0.3273,-0.3765,0.4989,NO
capture_0015.pgm,137,728,966,22,23,23,0.2249,23.0,0.2249,372,1.000,1.000,10,6,0.3068,0.3944,0.4997,NO
capture_0015.pgm,138,119,969,23,23,23,0.2249,23.0,0.2249,398,1.000,1.000,10,0,0.3540,0.4196,0.5490,NO
capture_0015.pgm,139,932,970,26,23,26,0.2543,26.0,0.2543,452,1.000,1.000,11,8,0.3003,-0.4159,0.5130,NO
capture_0015.pgm,140,1138,971,23,23,23,0.2249,23.0,0.2249,384,1.000,1.000,11,10,0.3140,-0.4048,0.5123,NO
capture_0015.pgm,141,320,972,24,24,24,0.2347,24.0,0.2347,415,1.000,1.000,11,2,0.3181,-0.4005,0.5115,NO
capture_0015.pgm,142,531,973,25,26,26,0.2543,26.0,0.2543,479,1.000,1.000,11,4,0.3806,-0.3893,0.5445,NO
capture_0015.pgm,143,1239,1008,22,23,23,0.2249,23.0,0.2249,368,1.000,1.000,11,11,0.3015,0.3750,0.4812,NO
capture_0015.pgm,144,625,1010,23,23,23,0.2249,23.0,0.2249,384,1.000,1.000,11,5,0.2997,0.3905,0.4923,NO
capture_0015.pgm,SUMMARY,,,,,,,,,,,,,,,,,
capture_0015.pgm,Count,144,,,,,,,,,,,,,,,
capture_0015.pgm,Missed,23,,,,,,,,,,,,,,,
capture_0015.pgm,Mean,,,,,,,,0.2309,,,,,,,,
capture_0015.pgm,Median,,,,,,,,0.2249,,,,,,,,
capture_0015.pgm,StdDev,,,,,,,,0.0125,,,,,,,,
capture_0015.pgm,Min,,,,,,,,0.2054,,,,,,,,
capture_0015.pgm,Max,,,,,,,,0.2934,,,,,,,,
capture_0016.pgm,1,724,29,25,25,25,0.2445,25.0,0.2445,459,1.000,1.000,0,6,0.2736,-0.2608,0.3780,NO
capture_0016.pgm,2,520,30,24,23,24,0.2347,24.0,0.2347,421,1.000,1.000,0,4,0.2795,-0.2524,0.3766,NO
capture_0016.pgm,3,934,31,23,26,26,0.2543,26.0,0.2543,453,1.000,1.000,0,8,0.3263,-0.2399,0.4050,NO
capture_0016.pgm,4,317,30,24,23,24,0.2347,24.0,0.2347,407,1.000,1.000,0,2,0.2952,-0.2538,0.3893,NO
capture_0016.pgm,5,1143,34,25,25,25,0.2445,25.0,0.2445,465,1.000,1.000,0,10,0.3693,-0.2092,0.4244,NO
capture_0016.pgm,6,118,35,24,25,25,0.2445,25.0,0.2445,455,1.000,1.000,0,0,0.3500,-0.2063,0.4063,NO
capture_0016.pgm,7,1234,71,24,27,27,0.2641,27.0,0.2641,474,1.000,1.000,1,11,0.2585,-0.2802,0.3812,NO
capture_0016.pgm,8,1033,70,22,23,23,0.2249,23.0,0.2249,362,1.000,1.000,1,9,0.2937,-0.2914,0.4137,NO
capture_0016.pgm,9,14,71,24,25,25,0.2445,25.0,0.2445,444,1.000,1.000,1,-1,0.3331,-0.2885,0.4407,NO
capture_0016.pgm,10,829,72,22,22,22,0.2152,22.0,0.2152,346,1.000,1.000,1,7,0.2997,-0.2732,0.4055,NO
capture_0016.pgm,11,418,75,28,24,28,0.2738,28.0,0.2738,492,1.000,1.000,1,3,0.2822,-0.2466,0.3747,NO
capture_0016.pgm,12,217,76,23,23,23,0.2249,23.0,0.2249,391,1.000,1.000,1,1,0.3174,-0.2382,0.3969,NO
capture_0016.pgm,13,626,80,22,23,23,0.2249,23.0,0.2249,368,1.000,1.000,1,5,0.3154,-0.1963,0.3715,NO
capture_0016.pgm,14,721,116,23,22,23,0.2249,23.0,0.2249,375,1.000,1.000,1,6,0.2436,-0.2608,0.3569,NO
capture_0016.pgm,15,927,116,24,23,24,0.2347,24.0,0.2347,407,1.000,1.000,1,8,0.2573,-0.2595,0.3654,NO
capture_0016.pgm,16,317,117,23,22,23,0.2249,23.0,0.2249,375,1.000,1.000,1,2,0.2946,-0.2538,0.3889,NO
capture_0016.pgm,17,114,120,24,26,26,0.2543,26.0,0.2543,454,1.000,1.000,1,0,0.3103,-0.2258,0.3838,NO
capture_0016.pgm,18,525,121,21,23,23,0.2249,23.0,0.2249,359,1.000,1.000,1,4,0.3278,-0.2133,0.3911,NO
capture_0016.pgm,19,15,158,24,23,24,0.2347,24.0,0.2347,421,1.000,1.000,2,-1,0.3423,-0.2885,0.4477,NO
capture_0016.pgm,20,1237,158,23,22,23,0.2249,23.0,0.2249,368,1.000,1.000,2,11,0.2872,-0.2802,0.4013,NO
capture_0016.pgm,21,625,160,22,23,23,0.2249,23.0,0.2249,375,1.000,1.000,2,5,0.3050,-0.2648,0.4039,NO
capture_0016.pgm,22,423,163,26,24,26,0.2543,26.0,0.2543,467,1.000,1.000,2,3,0.3305,-0.2368,0.4066,NO
capture_0016.pgm,23,835,164,23,24,24,0.2347,24.0,0.2347,406,1.000,1.000,2,7,0.3577,-0.2243,0.4222,NO
capture_0016.pgm,24,1032,166,23,22,23,0.2249,23.0,0.2249,368,1.000,1.000,2,9,0.2834,-0.2033,0.3488,NO
capture_0016.pgm,25,218,168,22,23,23,0.2249,23.0,0.2249,382,1.000,1.000,2,1,0.3266,-0.1893,0.3775,NO
capture_0016.pgm,26,726,201,22,23,23,0.2249,23.0,0.2249,375,1.000,1.000,2,6,0.2920,-0.2804,0.4048,NO
capture_0016.pgm,27,1133,202,22,22,22,0.2152,22.0,0.2152,360,1.000,1.000,2,10,0.2703,-0.2679,0.3806,NO
capture_0016.pgm,28,319,204,22,22,22,0.2152,22.0,0.2152,353,1.000,1.000,2,2,0.3136,-0.2538,0.4034,NO
capture_0016.pgm,29,930,206,24,24,24,0.2347,24.0,0.2347,420,1.000,1.000,2,8,0.2860,-0.2301,0.3671,NO
capture_0016.pgm,30,521,207,22,22,22,0.2152,22.0,0.2152,353,1.000,1.000,2,4,0.2881,-0.2231,0.3644,NO
capture_0016.pgm,31,115,211,24,26,26,0.2543,26.0,0.2543,456,1.000,1.000,2,0,0.3195,-0.1867,0.3701,NO
capture_0016.pgm,32,1237,244,21,22,22,0.2152,22.0,0.2152,338,1.000,1.000,3,11,0.2866,-0.2900,0.4077,NO
capture_0016.pgm,33,217,246,23,23,23,0.2249,23.0,0.2249,391,1.000,1.000,3,1,0.3163,-0.2773,0.4206,NO
capture_0016.pgm,34,625,247,24,26,26,0.2543,26.0,0.2543,451,1.000,1.000,3,5,0.3044,-0.2648,0.4035,NO
capture_0016.pgm,35,831,245,21,22,22,0.2152,22.0,0.2152,338,1.000,1.000,3,7,0.3180,-0.2830,0.4257,NO
capture_0016.pgm,36,416,246,23,22,23,0.2249,23.0,0.2249,365,1.000,1.000,3,3,0.2614,-0.2759,0.3801,NO
capture_0016.pgm,37,1034,247,21,22,22,0.2152,22.0,0.2152,338,1.000,1.000,3,9,0.3023,-0.2620,0.4001,NO
capture_0016.pgm,38,525,285,25,23,25,0.2445,25.0,0.2445,416,1.000,1.000,3,4,0.3266,-0.3111,0.4511,NO
capture_0016.pgm,39,319,290,23,23,23,0.2249,23.0,0.2249,385,1.000,1.000,3,2,0.3130,-0.2636,0.4092,NO
capture_0016.pgm,40,725,291,22,22,22,0.2152,22.0,0.2152,353,1.000,1.000,3,6,0.2816,-0.2510,0.3773,NO
capture_0016.pgm,41,932,291,23,22,23,0.2249,23.0,0.2249,375,1.000,1.000,3,8,0.3050,-0.2497,0.3942,NO
capture_0016.pgm,42,1141,293,21,22,22,0.2152,22.0,0.2152,338,1.000,1.000,3,10,0.3480,-0.2287,0.4164,NO
capture_0016.pgm,43,112,294,23,22,23,0.2249,23.0,0.2249,375,1.000,1.000,3,0,0.2896,-0.2258,0.3672,NO
capture_0016.pgm,44,421,331,25,24,25,0.2445,25.0,0.2445,439,1.000,1.000,4,3,0.3097,-0.2955,0.4281,NO
capture_0016.pgm,45,1034,331,21,22,22,0.2152,22.0,0.2152,338,1.000,1.000,4,9,0.3018,-0.2914,0.4195,NO
capture_0016.pgm,46,622,332,23,23,23,0.2249,23.0,0.2249,388,1.000,1.000,4,5,0.2745,-0.2843,0.3952,NO
capture_0016.pgm,47,827,332,22,22,22,0.2152,22.0,0.2152,360,1.000,1.000,4,7,0.2783,-0.2830,0.3969,NO
capture_0016.pgm,48,1239,333,24,24,24,0.2347,24.0,0.2347,420,1.000,1.000,4,11,0.3056,-0.2704,0.4081,NO
capture_0016.pgm,49,219,337,22,22,22,0.2152,22.0,0.2152,353,1.000,1.000,4,1,0.3352,-0.2382,0.4112,NO
capture_0016.pgm,50,115,376,23,22,23,0.2249,23.0,0.2249,375,1.000,1.000,4,0,0.3184,-0.2747,0.4205,NO
capture_0016.pgm,51,317,378,23,24,24,0.2347,24.0,0.2347,407,1.000,1.000,4,2,0.2929,-0.2538,0.3875,NO
capture_0016.pgm,52,934,379,23,25,25,0.2445,25.0,0.2445,421,1.000,1.000,4,8,0.3240,-0.2399,0.4031,NO
capture_0016.pgm,53,1140,377,23,22,23,0.2249,23.0,0.2249,375,1.000,1.000,4,10,0.3376,-0.2581,0.4250,NO
capture_0016.pgm,54,527,379,21,22,22,0.2152,22.0,0.2152,338,1.000,1.000,4,4,0.3456,-0.2426,0.4223,NO
capture_0016.pgm,55,724,381,23,23,23,0.2249,23.0,0.2249,398,1.000,1.000,4,6,0.2712,-0.2217,0.3503,NO
capture_0016.pgm,56,1238,419,22,24,24,0.2347,24.0,0.2347,390,1.000,1.000,5,11,0.2952,-0.2802,0.4070,NO
capture_0016.pgm,57,1034,419,21,22,22,0.2152,22.0,0.2152,338,1.000,1.000,5,9,0.3012,-0.2816,0.4123,NO
capture_0016.pgm,58,418,420,23,23,23,0.2249,23.0,0.2249,384,1.000,1.000,5,3,0.2798,-0.2759,0.3930,NO
capture_0016.pgm,59,12,423,23,24,24,0.2347,24.0,0.2347,404,1.000,1.000,5,-1,0.3112,-0.2493,0.3988,NO
capture_0016.pgm,60,218,423,23,23,23,0.2249,23.0,0.2249,377,1.000,1.000,5,1,0.3249,-0.2480,0.4087,NO
capture_0016.pgm,61,625,424,23,25,25,0.2445,25.0,0.2445,427,1.000,1.000,5,5,0.3032,-0.2354,0.3839,NO
capture_0016.pgm,62,832,424,24,23,24,0.2347,24.0,0.2347,421,1.000,1.000,5,7,0.3267,-0.2341,0.4019,NO
capture_0016.pgm,63,321,457,24,25,25,0.2445,25.0,0.2445,447,1.000,1.000,5,2,0.3314,-0.3320,0.4691,NO
capture_0016.pgm,64,110,464,26,24,26,0.2543,26.0,0.2543,456,1.000,1.000,5,0,0.2689,-0.2650,0.3775,NO
capture_0016.pgm,65,931,463,23,22,23,0.2249,23.0,0.2249,368,1.000,1.000,5,8,0.2941,-0.2692,0.3987,NO
capture_0016.pgm,66,725,464,23,22,23,0.2249,23.0,0.2249,375,1.000,1.000,5,6,0.2804,-0.2608,0.3830,NO
capture_0016.pgm,67,1141,464,21,22,22,0.2152,22.0,0.2152,338,1.000,1.000,5,10,0.3468,-0.2581,0.4323,NO
capture_0016.pgm,68,521,469,25,25,25,0.2445,25.0,0.2445,471,1.000,1.000,5,4,0.2864,-0.2133,0.3571,NO
capture_0016.pgm,69,624,503,23,24,24,0.2347,24.0,0.2347,403,1.000,1.000,6,5,0.2929,-0.3137,0.4291,NO
capture_0016.pgm,70,830,504,22,23,23,0.2249,23.0,0.2249,372,1.000,1.000,6,7,0.3065,-0.3025,0.4307,NO
capture_0016.pgm,71,13,508,23,25,25,0.2445,25.0,0.2445,434,1.000,1.000,6,-1,0.3204,-0.2689,0.4183,NO
capture_0016.pgm,72,1236,507,23,24,24,0.2347,24.0,0.2347,421,1.000,1.000,6,11,0.2751,-0.2704,0.3858,NO
capture_0016.pgm,73,1034,512,23,25,25,0.2445,25.0,0.2445,436,1.000,1.000,6,9,0.3006,-0.2229,0.3742,NO
capture_0016.pgm,74,419,514,23,24,24,0.2347,24.0,0.2347,421,1.000,1.000,6,3,0.2890,-0.2075,0.3558,NO
capture_0016.pgm,75,220,516,25,25,25,0.2445,25.0,0.2445,469,1.000,1.000,6,1,0.3438,-0.1893,0.3925,NO
capture_0016.pgm,76,932,551,25,24,25,0.2445,25.0,0.2445,451,1.000,1.000,6,8,0.3033,-0.2595,0.3991,NO
capture_0016.pgm,77,725,553,24,23,24,0.2347,24.0,0.2347,414,1.000,1.000,6,6,0.2798,-0.2413,0.3695,NO
capture_0016.pgm,78,317,554,24,25,25,0.2445,25.0,0.2445,447,1.000,1.000,6,2,0.2917,-0.2342,0.3741,NO
capture_0016.pgm,79,1144,555,24,25,25,0.2445,25.0,0.2445,454,1.000,1.000,6,10,0.3756,-0.2190,0.4347,NO
capture_0016.pgm,80,116,556,24,23,24,0.2347,24.0,0.2347,428,1.000,1.000,6,0,0.3270,-0.2161,0.3919,NO
capture_0016.pgm,81,521,556,26,23,26,0.2543,26.0,0.2543,447,1.000,1.000,6,4,0.2858,-0.2133,0.3566,NO
capture_0016.pgm,82,832,593,22,24,24,0.2347,24.0,0.2347,390,1.000,1.000,7,7,0.3255,-0.2830,0.4313,NO
capture_0016.pgm,83,419,594,22,23,23,0.2249,23.0,0.2249,368,1.000,1.000,7,3,0.2884,-0.2759,0.3992,NO
capture_0016.pgm,84,216,594,22,22,22,0.2152,22.0,0.2152,353,1.000,1.000,7,1,0.3041,-0.2773,0.4116,NO
capture_0016.pgm,85,1035,595,22,25,25,0.2445,25.0,0.2445,409,1.000,1.000,7,9,0.3098,-0.2620,0.4057,NO
capture_0016.pgm,86,623,595,24,22,24,0.2347,24.0,0.2347,397,1.000,1.000,7,5,0.2825,-0.2648,0.3872,NO
capture_0016.pgm,87,17,600,25,25,25,0.2445,25.0,0.2445,473,1.000,1.000,7,-1,0.3590,-0.2200,0.4210,NO
capture_0016.pgm,88,930,636,25,23,25,0.2445,25.0,0.2445,417,1.000,1.000,7,8,0.2831,-0.2790,0.3975,NO
capture_0016.pgm,89,724,639,24,24,24,0.2347,24.0,0.2347,413,1.000,1.000,7,6,0.2695,-0.2510,0.3683,NO
capture_0016.pgm,90,314,640,24,24,24,0.2347,24.0,0.2347,421,1.000,1.000,7,2,0.2618,-0.2440,0.3579,NO
capture_0016.pgm,91,1135,639,22,22,22,0.2152,22.0,0.2152,360,1.000,1.000,7,10,0.2870,-0.2483,0.3795,NO
capture_0016.pgm,92,525,641,24,24,24,0.2347,24.0,0.2347,431,1.000,1.000,7,4,0.3243,-0.2329,0.3992,NO
capture_0016.pgm,93,116,643,24,22,24,0.2347,24.0,0.2347,390,1.000,1.000,7,0,0.3264,-0.2161,0.3914,NO
capture_0016.pgm,94,628,677,24,24,24,0.2347,24.0,0.2347,435,1.000,1.000,8,5,0.3308,-0.3137,0.4559,NO
capture_0016.pgm,95,422,678,23,25,25,0.2445,25.0,0.2445,429,1.000,1.000,8,3,0.3172,-0.3053,0.4402,NO
capture_0016.pgm,96,1240,682,22,23,23,0.2249,23.0,0.2249,375,1.000,1.000,8,11,0.3130,-0.2607,0.4074,NO
capture_0016.pgm,97,217,683,24,25,25,0.2445,25.0,0.2445,459,1.000,1.000,8,1,0.3133,-0.2577,0.4057,NO
capture_0016.pgm,98,830,686,23,25,25,0.2445,25.0,0.2445,422,1.000,1.000,8,7,0.3053,-0.2243,0.3789,NO
capture_0016.pgm,99,1041,685,22,22,22,0.2152,22.0,0.2152,360,1.000,1.000,8,9,0.3679,-0.2327,0.4353,NO
capture_0016.pgm,100,523,725,23,23,23,0.2249,23.0,0.2249,395,1.000,1.000,8,4,0.3042,-0.2622,0.4016,NO
capture_0016.pgm,101,729,725,22,23,23,0.2249,23.0,0.2249,368,1.000,1.000,8,6,0.3178,-0.2608,0.4111,NO
capture_0016.pgm,102,933,725,22,23,23,0.2249,23.0,0.2249,368,1.000,1.000,8,8,0.3119,-0.2595,0.4057,NO
capture_0016.pgm,103,317,725,23,22,23,0.2249,23.0,0.2249,382,1.000,1.000,8,2,0.2905,-0.2636,0.3923,NO
capture_0016.pgm,104,1138,726,22,24,24,0.2347,24.0,0.2347,397,1.000,1.000,8,10,0.3157,-0.2483,0.4017,NO
capture_0016.pgm,105,114,727,24,22,24,0.2347,24.0,0.2347,390,1.000,1.000,8,0,0.3062,-0.2454,0.3924,NO
capture_0016.pgm,106,624,764,24,24,24,0.2347,24.0,0.2347,419,1.000,1.000,9,5,0.2911,-0.3137,0.4280,NO
capture_0016.pgm,107,216,767,23,24,24,0.2347,24.0,0.2347,418,1.000,1.000,9,1,0.3030,-0.2871,0.4174,NO
capture_0016.pgm,108,422,766,21,22,22,0.2152,22.0,0.2152,338,1.000,1.000,9,3,0.3166,-0.2955,0.4331,NO
capture_0016.pgm,109,1240,770,23,26,26,0.2543,26.0,0.2543,453,1.000,1.000,9,11,0.3125,-0.2509,0.4007,NO
capture_0016.pgm,110,15,771,26,26,26,0.2543,26.0,0.2543,502,1.000,1.000,9,-1,0.3382,-0.2493,0.4202,NO
capture_0016.pgm,111,829,770,21,23,23,0.2249,23.0,0.2249,359,1.000,1.000,9,7,0.2950,-0.2536,0.3890,NO
capture_0016.pgm,112,1039,772,23,24,24,0.2347,24.0,0.2347,418,1.000,1.000,9,9,0.3477,-0.2327,0.4184,NO
capture_0016.pgm,113,115,812,25,24,25,0.2445,25.0,0.2445,425,1.000,1.000,9,0,0.3154,-0.2650,0.4119,NO
capture_0016.pgm,114,328,811,23,22,23,0.2249,23.0,0.2249,375,1.000,1.000,9,2,0.3975,-0.2734,0.4824,NO
capture_0016.pgm,115,1136,812,21,23,23,0.2249,23.0,0.2249,359,1.000,1.000,9,10,0.2956,-0.2581,0.3924,NO
capture_0016.pgm,116,524,814,24,23,24,0.2347,24.0,0.2347,418,1.000,1.000,9,4,0.3134,-0.2426,0.3963,NO
capture_0016.pgm,117,728,815,28,23,28,0.2738,28.0,0.2738,478,1.000,1.000,9,6,0.3074,-0.2315,0.3848,NO
capture_0016.pgm,118,927,815,25,24,25,0.2445,25.0,0.2445,434,1.000,1.000,9,8,0.2526,-0.2301,0.3417,NO
capture_0016.pgm,119,421,853,25,24,25,0.2445,25.0,0.2445,432,1.000,1.000,10,3,0.3062,-0.2955,0.4256,NO
capture_0016.pgm,120,1239,852,22,23,23,0.2249,23.0,0.2249,375,1.000,1.000,10,11,0.3021,-0.2998,0.4256,NO
capture_0016.pgm,121,218,856,24,26,26,0.2543,26.0,0.2543,461,1.000,1.000,10,1,0.3219,-0.2675,0.4186,NO
capture_0016.pgm,122,826,855,23,23,23,0.2249,23.0,0.2249,398,1.000,1.000,10,7,0.2651,-0.2732,0.3806,NO
capture_0016.pgm,123,1035,857,24,25,25,0.2445,25.0,0.2445,455,1.000,1.000,10,9,0.3080,-0.2522,0.3981,NO
capture_0016.pgm,124,17,860,24,23,24,0.2347,24.0,0.2347,411,1.000,1.000,10,-1,0.3572,-0.2298,0.4247,NO
capture_0016.pgm,125,634,861,24,25,25,0.2445,25.0,0.2445,440,1.000,1.000,10,5,0.3883,-0.2159,0.4443,NO
capture_0016.pgm,126,114,898,25,24,25,0.2445,25.0,0.2445,434,1.000,1.000,10,0,0.3051,-0.2747,0.4105,NO
capture_0016.pgm,127,933,898,23,24,24,0.2347,24.0,0.2347,407,1.000,1.000,10,8,0.3107,-0.2692,0.4111,NO
capture_0016.pgm,128,728,900,23,25,25,0.2445,25.0,0.2445,437,1.000,1.000,10,6,0.3068,-0.2510,0.3965,NO
capture_0016.pgm,129,324,900,23,24,24,0.2347,24.0,0.2347,399,1.000,1.000,10,2,0.3578,-0.2538,0.4387,NO
capture_0016.pgm,130,1137,900,23,23,23,0.2249,23.0,0.2249,391,1.000,1.000,10,10,0.3048,-0.2483,0.3931,NO
capture_0016.pgm,131,520,907,27,26,27,0.2641,27.0,0.2641,498,1.000,1.000,10,4,0.2737,-0.1840,0.3297,NO
capture_0016.pgm,132,1238,940,25,24,25,0.2445,25.0,0.2445,439,1.000,1.000,11,11,0.2917,-0.2900,0.4113,NO
capture_0016.pgm,133,418,941,24,24,24,0.2347,24.0,0.2347,437,1.000,1.000,11,3,0.2763,-0.2857,0.3975,NO
capture_0016.pgm,134,625,942,23,26,26,0.2543,26.0,0.2543,449,1.000,1.000,11,5,0.2997,-0.2746,0.4065,NO
capture_0016.pgm,135,15,943,23,24,24,0.2347,24.0,0.2347,407,1.000,1.000,11,-1,0.3371,-0.2689,0.4312,NO
capture_0016.pgm,136,216,942,25,22,25,0.2445,25.0,0.2445,409,1.000,1.000,11,1,0.3018,-0.2773,0.4099,NO
capture_0016.pgm,137,828,943,23,24,24,0.2347,24.0,0.2347,411,1.000,1.000,11,7,0.2840,-0.2634,0.3874,NO
capture_0016.pgm,138,1034,947,26,23,26,0.2543,26.0,0.2543,450,1.000,1.000,11,9,0.2977,-0.2229,0.3719,NO
capture_0016.pgm,139,931,984,24,24,24,0.2347,24.0,0.2347,431,1.000,1.000,11,8,0.2906,-0.2790,0.4028,NO
capture_0016.pgm,140,320,985,25,23,25,0.2445,25.0,0.2445,429,1.000,1.000,11,2,0.3181,-0.2734,0.4194,NO
capture_0016.pgm,141,724,986,26,25,26,0.2543,26.0,0.2543,483,1.000,1.000,11,6,0.2671,-0.2608,0.3734,NO
capture_0016.pgm,142,1136,985,22,22,22,0.2152,22.0,0.2152,346,1.000,1.000,11,10,0.2944,-0.2679,0.3980,NO
capture_0016.pgm,143,524,988,22,23,23,0.2249,23.0,0.2249,368,1.000,1.000,11,4,0.3122,-0.2426,0.3954,NO
capture_0016.pgm,144,118,993,25,25,25,0.2445,25.0,0.2445,451,1.000,1.000,11,0,0.3436,-0.1965,0.3958,NO
capture_0016.pgm,SUMMARY,,,,,,,,,,,,,,,,,
capture_0016.pgm,Count,144,,,,,,,,,,,,,,,
capture_0016.pgm,Missed,2,,,,,,,,,,,,,,,
capture_0016.pgm,Mean,,,,,,,,0.2344,,,,,,,,
capture_0016.pgm,Median,,,,,,,,0.2347,,,,,,,,
capture_0016.pgm,StdDev,,,,,,,,0.0130,,,,,,,,
capture_0016.pgm,Min,,,,,,,,0.2152,,,,,,,,
capture_0016.pgm,Max,,,,,,,,0.2738,,,,,,,,
capture_0017.pgm,1,115,46,24,23,24,0.2347,24.0,0.2347,407,1.000,1.000,0,0,0.3207,-0.0987,0.3355,NO
capture_0017.pgm,2,314,48,25,24,25,0.2445,25.0,0.2445,444,1.000,1.000,0,2,0.2659,-0.0778,0.2770,NO
capture_0017.pgm,3,524,48,23,24,24,0.2347,24.0,0.2347,392,1.000,1.000,0,4,0.3186,-0.0764,0.3276,NO
capture_0017.pgm,4,925,48,24,22,24,0.2347,24.0,0.2347,397,1.000,1.000,0,8,0.2383,-0.0736,0.2494,NO
capture_0017.pgm,5,1135,51,22,23,23,0.2249,23.0,0.2249,368,1.000,1.000,0,10,0.2911,-0.0429,0.2942,NO
capture_0017.pgm,6,727,52,23,22,23,0.2249,23.0,0.2249,375,1.000,1.000,0,6,0.3029,-0.0359,0.3050,NO
capture_0017.pgm,7,213,88,25,24,25,0.2445,25.0,0.2445,447,1.000,1.000,1,1,0.2783,-0.1208,0.3034,NO
capture_0017.pgm,8,623,89,24,24,24,0.2347,24.0,0.2347,413,1.000,1.000,1,5,0.2860,-0.1083,0.3058,NO
capture_0017.pgm,9,417,89,24,23,24,0.2347,24.0,0.2347,406,1.000,1.000,1,3,0.2724,-0.1097,0.2936,NO
capture_0017.pgm,10,1238,89,22,22,22,0.2152,22.0,0.2152,353,1.000,1.000,1,11,0.2976,-0.1042,0.3153,NO
capture_0017.pgm,11,826,92,25,25,25,0.2445,25.0,0.2445,469,1.000,1.000,1,7,0.2703,-0.0776,0.2812,NO
capture_0017.pgm,12,1035,94,23,23,23,0.2249,23.0,0.2249,398,1.000,1.000,1,9,0.3133,-0.0567,0.3184,NO
capture_0017.pgm,13,723,135,26,23,26,0.2543,26.0,0.2543,444,1.000,1.000,1,6,0.2632,-0.0750,0.2737,NO
capture_0017.pgm,14,929,134,22,22,22,0.2152,22.0,0.2152,360,1.000,1.000,1,8,0.2768,-0.0834,0.2891,NO
capture_0017.pgm,15,112,136,23,22,23,0.2249,23.0,0.2249,372,1.000,1.000,1,0,0.2908,-0.0694,0.2989,NO
capture_0017.pgm,16,522,137,22,22,22,0.2152,22.0,0.2152,353,1.000,1.000,1,4,0.2985,-0.0568,0.3038,NO
capture_0017.pgm,17,1136,137,23,22,23,0.2249,23.0,0.2249,375,1.000,1.000,1,10,0.3003,-0.0527,0.3048,NO
capture_0017.pgm,18,320,143,22,23,23,0.2249,23.0,0.2249,375,1.000,1.000,1,2,0.3240,0.0005,0.3240,NO
capture_0017.pgm,19,1034,173,22,23,23,0.2249,23.0,0.2249,375,1.000,1.000,2,9,0.3029,-0.1349,0.3316,NO
capture_0017.pgm,20,1235,174,22,23,23,0.2249,23.0,0.2249,365,1.000,1.000,2,11,0.2677,-0.1237,0.2949,NO
capture_0017.pgm,21,624,175,24,23,24,0.2347,24.0,0.2347,411,1.000,1.000,2,5,0.2952,-0.1181,0.3180,NO
capture_0017.pgm,22,829,175,21,22,22,0.2152,22.0,0.2152,338,1.000,1.000,2,7,0.2991,-0.1167,0.3210,NO
capture_0017.pgm,23,418,180,23,26,26,0.2543,26.0,0.2543,452,1.000,1.000,2,3,0.2816,-0.0706,0.2903,NO
capture_0017.pgm,24,217,181,25,23,25,0.2445,25.0,0.2445,429,1.000,1.000,2,1,0.3168,-0.0622,0.3229,NO
capture_0017.pgm,25,727,217,21,22,22,0.2152,22.0,0.2152,338,1.000,1.000,2,6,0.3017,-0.1239,0.3262,NO
capture_0017.pgm,26,1135,218,21,22,22,0.2152,22.0,0.2152,338,1.000,1.000,2,10,0.2899,-0.1114,0.3106,NO
capture_0017.pgm,27,521,223,23,22,23,0.2249,23.0,0.2249,375,1.000,1.000,2,4,0.2881,-0.0666,0.2957,NO
capture_0017.pgm,28,114,226,27,24,27,0.2641,27.0,0.2641,472,1.000,1.000,2,0,0.3097,-0.0400,0.3123,NO
capture_0017.pgm,29,930,227,23,25,25,0.2445,25.0,0.2445,423,1.000,1.000,2,8,0.2860,-0.0247,0.2871,NO
capture_0017.pgm,30,316,227,21,21,21,0.2054,21.0,0.2054,317,1.000,1.000,2,2,0.2843,-0.0289,0.2857,NO
capture_0017.pgm,31,421,261,23,23,23,0.2249,23.0,0.2249,391,1.000,1.000,3,3,0.3103,-0.1292,0.3362,NO
capture_0017.pgm,32,1231,261,23,24,24,0.2347,24.0,0.2347,406,1.000,1.000,3,11,0.2280,-0.1237,0.2594,NO
capture_0017.pgm,33,623,261,21,22,22,0.2152,22.0,0.2152,338,1.000,1.000,3,5,0.2848,-0.1279,0.3122,NO
capture_0017.pgm,34,827,263,23,24,24,0.2347,24.0,0.2347,400,1.000,1.000,3,7,0.2789,-0.1069,0.2987,NO
capture_0017.pgm,35,1039,265,21,23,23,0.2249,23.0,0.2249,359,1.000,1.000,3,9,0.3512,-0.0860,0.3616,NO
capture_0017.pgm,36,214,272,23,22,23,0.2249,23.0,0.2249,375,1.000,1.000,3,1,0.2869,-0.0230,0.2878,NO
capture_0017.pgm,37,930,306,22,22,22,0.2152,22.0,0.2152,353,1.000,1.000,3,8,0.2855,-0.1030,0.3035,NO
capture_0017.pgm,38,522,308,23,24,24,0.2347,24.0,0.2347,400,1.000,1.000,3,4,0.2973,-0.0862,0.3095,NO
capture_0017.pgm,39,726,307,24,23,24,0.2347,24.0,0.2347,406,1.000,1.000,3,6,0.2914,-0.0946,0.3063,NO
capture_0017.pgm,40,1133,309,23,23,23,0.2249,23.0,0.2249,384,1.000,1.000,3,10,0.2697,-0.0723,0.2793,NO
capture_0017.pgm,41,113,313,24,26,26,0.2543,26.0,0.2543,478,1.000,1.000,3,0,0.2994,-0.0400,0.3020,NO
capture_0017.pgm,42,321,316,23,24,24,0.2347,24.0,0.2347,401,1.000,1.000,3,2,0.3326,-0.0093,0.3327,NO
capture_0017.pgm,43,425,342,24,24,24,0.2347,24.0,0.2347,428,1.000,1.000,4,3,0.3489,-0.1879,0.3963,NO
capture_0017.pgm,44,215,351,24,23,24,0.2347,24.0,0.2347,421,1.000,1.000,4,1,0.2961,-0.1013,0.3130,NO
capture_0017.pgm,45,1236,352,23,23,23,0.2249,23.0,0.2249,391,1.000,1.000,4,11,0.2763,-0.0846,0.2889,NO
capture_0017.pgm,46,1038,353,24,23,24,0.2347,24.0,0.2347,414,1.000,1.000,4,9,0.3409,-0.0762,0.3493,NO
capture_0017.pgm,47,828,354,23,23,23,0.2249,23.0,0.2249,388,1.000,1.000,4,7,0.2881,-0.0678,0.2960,NO
capture_0017.pgm,48,628,356,24,25,25,0.2445,25.0,0.2445,452,1.000,1.000,4,5,0.3332,-0.0496,0.3368,NO
capture_0017.pgm,49,727,393,22,23,23,0.2249,23.0,0.2249,375,1.000,1.000,4,6,0.3006,-0.1043,0.3182,NO
capture_0017.pgm,50,928,395,23,25,25,0.2445,25.0,0.2445,437,1.000,1.000,4,8,0.2653,-0.0834,0.2781,NO
capture_0017.pgm,51,520,395,23,24,24,0.2347,24.0,0.2347,413,1.000,1.000,4,4,0.2772,-0.0862,0.2902,NO
capture_0017.pgm,52,114,397,24,22,24,0.2347,24.0,0.2347,390,1.000,1.000,4,0,0.3086,-0.0694,0.3163,NO
capture_0017.pgm,53,319,398,23,22,23,0.2249,23.0,0.2249,382,1.000,1.000,4,2,0.3124,-0.0582,0.3178,NO
capture_0017.pgm,54,1139,401,24,24,24,0.2347,24.0,0.2347,431,1.000,1.000,4,10,0.3278,-0.0234,0.3287,NO
capture_0017.pgm,55,13,435,23,25,25,0.2445,25.0,0.2445,430,1.000,1.000,5,-1,0.3210,-0.1320,0.3471,NO
capture_0017.pgm,56,1030,434,22,22,22,0.2152,22.0,0.2152,346,1.000,1.000,5,9,0.2620,-0.1349,0.2947,NO
capture_0017.pgm,57,625,436,22,24,24,0.2347,24.0,0.2347,404,1.000,1.000,5,5,0.3032,-0.1181,0.3254,NO
capture_0017.pgm,58,1240,435,21,22,22,0.2152,22.0,0.2152,338,1.000,1.000,5,11,0.3148,-0.1237,0.3382,NO
capture_0017.pgm,59,417,436,22,22,22,0.2152,22.0,0.2152,353,1.000,1.000,5,3,0.2700,-0.1195,0.2953,NO
capture_0017.pgm,60,830,436,22,22,22,0.2152,22.0,0.2152,346,1.000,1.000,5,7,0.3071,-0.1167,0.3285,NO
capture_0017.pgm,61,213,437,23,23,23,0.2249,23.0,0.2249,388,1.000,1.000,5,1,0.2760,-0.1110,0.2975,NO
capture_0017.pgm,62,523,479,23,25,25,0.2445,25.0,0.2445,431,1.000,1.000,5,4,0.3059,-0.1155,0.3270,NO
capture_0017.pgm,63,114,482,24,23,24,0.2347,24.0,0.2347,404,1.000,1.000,5,0,0.3080,-0.0889,0.3206,NO
capture_0017.pgm,64,726,481,22,21,22,0.2152,22.0,0.2152,338,1.000,1.000,5,6,0.2902,-0.0946,0.3052,NO
capture_0017.pgm,65,930,482,22,23,23,0.2249,23.0,0.2249,382,1.000,1.000,5,8,0.2843,-0.0834,0.2963,NO
capture_0017.pgm,66,1134,484,23,23,23,0.2249,23.0,0.2249,391,1.000,1.000,5,10,0.2784,-0.0625,0.2853,NO
capture_0017.pgm,67,318,488,23,23,23,0.2249,23.0,0.2249,384,1.000,1.000,5,2,0.3021,-0.0289,0.3034,NO
capture_0017.pgm,68,13,523,25,24,25,0.2445,25.0,0.2445,442,1.000,1.000,6,-1,0.3204,-0.1222,0.3429,NO
capture_0017.pgm,69,418,523,24,24,24,0.2347,24.0,0.2347,416,1.000,1.000,6,3,0.2792,-0.1195,0.3037,NO
capture_0017.pgm,70,214,524,23,23,23,0.2249,23.0,0.2249,391,1.000,1.000,6,1,0.2852,-0.1110,0.3060,NO
capture_0017.pgm,71,626,523,22,23,23,0.2249,23.0,0.2249,375,1.000,1.000,6,5,0.3124,-0.1181,0.3340,NO
capture_0017.pgm,72,833,525,22,24,24,0.2347,24.0,0.2347,387,1.000,1.000,6,7,0.3358,-0.0971,0.3496,NO
capture_0017.pgm,73,1030,525,22,22,22,0.2152,22.0,0.2152,353,1.000,1.000,6,9,0.2615,-0.0958,0.2785,NO
capture_0017.pgm,74,1238,528,24,25,25,0.2445,25.0,0.2445,452,1.000,1.000,6,11,0.2947,-0.0651,0.3018,NO
capture_0017.pgm,75,727,566,21,22,22,0.2152,22.0,0.2152,338,1.000,1.000,6,6,0.2994,-0.1141,0.3204,NO
capture_0017.pgm,76,521,567,23,22,23,0.2249,23.0,0.2249,375,1.000,1.000,6,4,0.2858,-0.1057,0.3047,NO
capture_0017.pgm,77,1134,569,22,22,22,0.2152,22.0,0.2152,360,1.000,1.000,6,10,0.2778,-0.0820,0.2896,NO
capture_0017.pgm,78,930,570,25,23,25,0.2445,25.0,0.2445,419,1.000,1.000,6,8,0.2837,-0.0736,0.2931,NO
capture_0017.pgm,79,114,573,24,24,24,0.2347,24.0,0.2347,416,1.000,1.000,6,0,0.3074,-0.0498,0.3114,NO
capture_0017.pgm,80,318,573,22,21,22,0.2152,22.0,0.2152,338,1.000,1.000,6,2,0.3015,-0.0484,0.3053,NO
capture_0017.pgm,81,623,610,22,23,23,0.2249,23.0,0.2249,382,1.000,1.000,7,5,0.2825,-0.1181,0.3062,NO
capture_0017.pgm,82,832,611,23,24,24,0.2347,24.0,0.2347,414,1.000,1.000,7,7,0.3255,-0.1069,0.3426,NO
capture_0017.pgm,83,1029,613,22,23,23,0.2249,23.0,0.2249,368,1.000,1.000,7,9,0.2511,-0.0860,0.2654,NO
capture_0017.pgm,84,216,615,25,25,25,0.2445,25.0,0.2445,469,1.000,1.000,7,1,0.3041,-0.0719,0.3125,NO
capture_0017.pgm,85,424,615,24,25,25,0.2445,25.0,0.2445,452,1.000,1.000,7,3,0.3373,-0.0706,0.3446,NO
capture_0017.pgm,86,1236,615,23,24,24,0.2347,24.0,0.2347,414,1.000,1.000,7,11,0.2745,-0.0651,0.2821,NO
capture_0017.pgm,87,14,618,25,25,25,0.2445,25.0,0.2445,451,1.000,1.000,7,-1,0.3296,-0.0440,0.3325,NO
capture_0017.pgm,88,930,653,23,23,23,0.2249,23.0,0.2249,398,1.000,1.000,7,8,0.2831,-0.1128,0.3047,NO
capture_0017.pgm,89,116,654,24,23,24,0.2347,24.0,0.2347,411,1.000,1.000,7,0,0.3264,-0.1085,0.3439,NO
capture_0017.pgm,90,522,654,22,22,22,0.2152,22.0,0.2152,353,1.000,1.000,7,4,0.2950,-0.1057,0.3133,NO
capture_0017.pgm,91,728,655,22,21,22,0.2152,22.0,0.2152,338,1.000,1.000,7,6,0.3086,-0.0946,0.3228,NO
capture_0017.pgm,92,315,656,25,23,25,0.2445,25.0,0.2445,414,1.000,1.000,7,2,0.2716,-0.0875,0.2853,NO
capture_0017.pgm,93,1137,658,23,25,25,0.2445,25.0,0.2445,439,1.000,1.000,7,10,0.3065,-0.0625,0.3128,NO
capture_0017.pgm,94,621,695,25,25,25,0.2445,25.0,0.2445,473,1.000,1.000,8,5,0.2624,-0.1376,0.2963,NO
capture_0017.pgm,95,1029,694,21,21,21,0.2054,21.0,0.2054,317,1.000,1.000,8,9,0.2505,-0.1447,0.2893,NO
capture_0017.pgm,96,831,697,24,24,24,0.2347,24.0,0.2347,431,1.000,1.000,8,7,0.3151,-0.1167,0.3360,NO
capture_0017.pgm,97,14,700,25,24,25,0.2445,25.0,0.2445,444,1.000,1.000,8,-1,0.3290,-0.0929,0.3419,NO
capture_0017.pgm,98,1235,701,23,23,23,0.2249,23.0,0.2249,388,1.000,1.000,8,11,0.2641,-0.0748,0.2745,NO
capture_0017.pgm,99,215,703,24,24,24,0.2347,24.0,0.2347,430,1.000,1.000,8,1,0.2938,-0.0621,0.3003,NO
capture_0017.pgm,100,429,706,23,25,25,0.2445,25.0,0.2445,423,1.000,1.000,8,3,0.3857,-0.0314,0.3869,NO
capture_0017.pgm,101,112,740,26,23,26,0.2543,26.0,0.2543,445,1.000,1.000,8,0,0.2867,-0.1183,0.3101,NO
capture_0017.pgm,102,1143,745,24,26,26,0.2543,26.0,0.2543,445,1.000,1.000,8,10,0.3646,-0.0625,0.3699,NO
capture_0017.pgm,103,727,744,22,22,22,0.2152,22.0,0.2152,360,1.000,1.000,8,6,0.2982,-0.0750,0.3075,NO
capture_0017.pgm,104,933,746,23,24,24,0.2347,24.0,0.2347,428,1.000,1.000,8,8,0.3119,-0.0541,0.3165,NO
capture_0017.pgm,105,320,746,25,23,25,0.2445,25.0,0.2445,427,1.000,1.000,8,2,0.3199,-0.0582,0.3251,NO
capture_0017.pgm,106,519,748,25,24,25,0.2445,25.0,0.2445,419,1.000,1.000,8,4,0.2650,-0.0373,0.2676,NO
capture_0017.pgm,107,422,783,26,25,26,0.2543,26.0,0.2543,467,1.000,1.000,9,3,0.3166,-0.1292,0.3420,NO
capture_0017.pgm,108,13,787,24,27,27,0.2641,27.0,0.2641,484,1.000,1.000,9,-1,0.3187,-0.0929,0.3319,NO
capture_0017.pgm,109,623,787,23,26,26,0.2543,26.0,0.2543,445,1.000,1.000,9,5,0.2813,-0.0887,0.2950,NO
capture_0017.pgm,110,1026,785,25,23,25,0.2445,25.0,0.2445,432,1.000,1.000,9,9,0.2206,-0.1055,0.2445,NO
capture_0017.pgm,111,836,788,23,24,24,0.2347,24.0,0.2347,421,1.000,1.000,9,7,0.3634,-0.0776,0.3716,NO
capture_0017.pgm,112,217,791,25,25,25,0.2445,25.0,0.2445,466,1.000,1.000,9,1,0.3128,-0.0524,0.3171,NO
capture_0017.pgm,113,1136,827,23,23,23,0.2249,23.0,0.2249,391,1.000,1.000,9,10,0.2956,-0.1114,0.3159,NO
capture_0017.pgm,114,114,828,23,22,23,0.2249,23.0,0.2249,382,1.000,1.000,9,0,0.3056,-0.1085,0.3243,NO
capture_0017.pgm,115,728,828,22,22,22,0.2152,22.0,0.2152,360,1.000,1.000,9,6,0.3074,-0.1043,0.3247,NO
capture_0017.pgm,116,930,829,23,23,23,0.2249,23.0,0.2249,391,1.000,1.000,9,8,0.2819,-0.0932,0.2969,NO
capture_0017.pgm,117,522,830,23,24,24,0.2347,24.0,0.2347,397,1.000,1.000,9,4,0.2938,-0.0862,0.3062,NO
capture_0017.pgm,118,320,833,23,23,23,0.2249,23.0,0.2249,385,1.000,1.000,9,2,0.3193,-0.0582,0.3245,NO
capture_0017.pgm,119,828,867,22,24,24,0.2347,24.0,0.2347,384,1.000,1.000,10,7,0.2846,-0.1558,0.3245,NO
capture_0017.pgm,120,420,870,23,23,23,0.2249,23.0,0.2249,398,1.000,1.000,10,3,0.2965,-0.1292,0.3234,NO
capture_0017.pgm,121,623,874,24,25,25,0.2445,25.0,0.2445,434,1.000,1.000,10,5,0.2808,-0.0887,0.2944,NO
capture_0017.pgm,122,1236,873,27,24,27,0.2641,27.0,0.2641,476,1.000,1.000,10,11,0.2728,-0.0944,0.2886,NO
capture_0017.pgm,123,14,874,24,25,25,0.2445,25.0,0.2445,454,1.000,1.000,10,-1,0.3279,-0.0929,0.3408,NO
capture_0017.pgm,124,1032,874,23,24,24,0.2347,24.0,0.2347,407,1.000,1.000,10,9,0.2787,-0.0860,0.2916,NO
capture_0017.pgm,125,216,875,24,24,24,0.2347,24.0,0.2347,427,1.000,1.000,10,1,0.3024,-0.0817,0.3132,NO
capture_0017.pgm,126,318,915,23,23,23,0.2249,23.0,0.2249,384,1.000,1.000,10,2,0.2991,-0.1071,0.3177,NO
capture_0017.pgm,127,522,915,24,23,24,0.2347,24.0,0.2347,414,1.000,1.000,10,4,0.2932,-0.1057,0.3117,NO
capture_0017.pgm,128,115,916,22,23,23,0.2249,23.0,0.2249,368,1.000,1.000,10,0,0.3148,-0.0987,0.3299,NO
capture_0017.pgm,129,1134,916,22,23,23,0.2249,23.0,0.2249,375,1.000,1.000,10,10,0.2754,-0.0918,0.2903,NO
capture_0017.pgm,130,935,921,21,23,23,0.2249,23.0,0.2249,359,1.000,1.000,10,8,0.3303,-0.0443,0.3332,NO
capture_0017.pgm,131,738,923,24,25,25,0.2445,25.0,0.2445,442,1.000,1.000,10,6,0.4046,-0.0261,0.4055,NO
capture_0017.pgm,132,419,956,23,25,25,0.2445,25.0,0.2445,421,1.000,1.000,11,3,0.2861,-0.1390,0.3181,NO
capture_0017.pgm,133,1234,958,23,24,24,0.2347,24.0,0.2347,406,1.000,1.000,11,11,0.2526,-0.1140,0.2771,NO
capture_0017.pgm,134,622,958,22,22,22,0.2152,22.0,0.2152,360,1.000,1.000,11,5,0.2704,-0.1181,0.2950,NO
capture_0017.pgm,135,1034,958,22,22,22,0.2152,22.0,0.2152,353,1.000,1.000,11,9,0.2977,-0.1153,0.3192,NO
capture_0017.pgm,136,215,962,25,26,26,0.2543,26.0,0.2543,473,1.000,1.000,11,1,0.2920,-0.0817,0.3032,NO
capture_0017.pgm,137,16,963,25,26,26,0.2543,26.0,0.2543,486,1.000,1.000,11,-1,0.3468,-0.0733,0.3545,NO
capture_0017.pgm,138,830,963,22,25,25,0.2445,25.0,0.2445,412,1.000,1.000,11,7,0.3036,-0.0678,0.3111,NO
capture_0017.pgm,139,321,1001,23,25,25,0.2445,25.0,0.2445,431,1.000,1.000,11,2,0.3279,-0.1169,0.3481,NO
capture_0017.pgm,140,523,1001,23,23,23,0.2249,23.0,0.2249,384,1.000,1.000,11,4,0.3024,-0.1155,0.3237,NO
capture_0017.pgm,141,1135,1002,21,22,22,0.2152,22.0,0.2152,338,1.000,1.000,11,10,0.2846,-0.1016,0.3022,NO
capture_0017.pgm,142,731,1004,22,23,23,0.2249,23.0,0.2249,375,1.000,1.000,11,6,0.3356,-0.0848,0.3461,NO
capture_0017.pgm,143,117,1005,23,24,24,0.2347,24.0,0.2347,411,1.000,1.000,11,0,0.3338,-0.0791,0.3431,NO
capture_0017.pgm,144,934,1010,24,24,24,0.2347,24.0,0.2347,424,1.000,1.000,11,8,0.3199,-0.0247,0.3209,NO
capture_0017.pgm,SUMMARY,,,,,,,,,,,,,,,,,
capture_0017.pgm,Count,144,,,,,,,,,,,,,,,
capture_0017.pgm,Missed,1,,,,,,,,,,,,,,,
capture_0017.pgm,Mean,,,,,,,,0.2323,,,,,,,,
capture_0017.pgm,Median,,,,,,,,0.2347,,,,,,,,
capture_0017.pgm,StdDev,,,,,,,,0.0125,,,,,,,,
capture_0017.pgm,Min,,,,,,,,0.2054,,,,,,,,
capture_0017.pgm,Max,,,,,,,,0.2641,,,,,,,,
capture_0018.pgm,1,829,16,23,25,25,0.2445,25.0,0.2445,427,1.000,1.000,0,7,0.3002,0.0300,0.3017,NO
capture_0018.pgm,2,12,18,23,24,24,0.2347,24.0,0.2347,411,1.000,1.000,0,-1,0.3142,0.0441,0.3172,NO
capture_0018.pgm,3,422,19,23,25,25,0.2445,25.0,0.2445,417,1.000,1.000,0,3,0.3219,0.0566,0.3268,NO
capture_0018.pgm,4,1029,20,23,23,23,0.2249,23.0,0.2249,398,1.000,1.000,0,9,0.2552,0.0705,0.2647,NO
capture_0018.pgm,5,1234,21,25,26,26,0.2543,26.0,0.2543,465,1.000,1.000,0,11,0.2590,0.0816,0.2716,NO
capture_0018.pgm,6,627,21,22,24,24,0.2347,24.0,0.2347,385,1.000,1.000,0,5,0.3257,0.0775,0.3348,NO
capture_0018.pgm,7,215,26,25,28,28,0.2738,28.0,0.2738,529,1.000,1.000,0,1,0.2985,0.1237,0.3231,NO
capture_0018.pgm,8,535,58,25,25,25,0.2445,25.0,0.2445,473,1.000,1.000,0,4,0.4262,0.0214,0.4267,NO
capture_0018.pgm,9,943,57,23,24,24,0.2347,24.0,0.2347,411,1.000,1.000,0,8,0.4143,0.0144,0.4146,NO
capture_0018.pgm,10,1145,56,22,22,22,0.2152,22.0,0.2152,353,1.000,1.000,0,10,0.3889,0.0060,0.3889,NO
capture_0018.pgm,11,328,59,25,25,25,0.2445,25.0,0.2445,446,1.000,1.000,0,2,0.4028,0.0298,0.4039,NO
capture_0018.pgm,12,739,58,23,23,23,0.2249,23.0,0.2249,384,1.000,1.000,0,6,0.4203,0.0228,0.4209,NO
capture_0018.pgm,13,130,64,25,26,26,0.2543,26.0,0.2543,485,1.000,1.000,0,0,0.4674,0.0773,0.4737,NO
capture_0018.pgm,14,1236,105,23,24,24,0.2347,24.0,0.2347,411,1.000,1.000,1,11,0.2780,0.0523,0.2829,NO
capture_0018.pgm,15,830,106,24,23,24,0.2347,24.0,0.2347,407,1.000,1.000,1,7,0.3094,0.0593,0.3151,NO
capture_0018.pgm,16,425,109,23,25,25,0.2445,25.0,0.2445,430,1.000,1.000,1,3,0.3506,0.0859,0.3610,NO
capture_0018.pgm,17,1034,109,22,23,23,0.2249,23.0,0.2249,382,1.000,1.000,1,9,0.3035,0.0900,0.3166,NO
capture_0018.pgm,18,216,111,24,24,24,0.2347,24.0,0.2347,428,1.000,1.000,1,1,0.3076,0.1041,0.3248,NO
capture_0018.pgm,19,630,111,24,24,24,0.2347,24.0,0.2347,423,1.000,1.000,1,5,0.3545,0.1069,0.3702,NO
capture_0018.pgm,20,729,147,22,22,22,0.2152,22.0,0.2152,353,1.000,1.000,1,6,0.3219,0.0423,0.3247,NO
capture_0018.pgm,21,930,148,22,22,22,0.2152,22.0,0.2152,353,1.000,1.000,1,8,0.2866,0.0535,0.2916,NO
capture_0018.pgm,22,1136,148,21,21,21,0.2054,21.0,0.2054,317,1.000,1.000,1,10,0.3003,0.0549,0.3052,NO
capture_0018.pgm,23,322,151,21,21,21,0.2054,21.0,0.2054,317,1.000,1.000,1,2,0.3435,0.0787,0.3524,NO
capture_0018.pgm,24,121,155,23,22,23,0.2249,23.0,0.2249,382,1.000,1.000,1,0,0.3788,0.1165,0.3963,NO
capture_0018.pgm,25,525,156,22,23,23,0.2249,23.0,0.2249,375,1.000,1.000,1,4,0.3278,0.1290,0.3523,NO
capture_0018.pgm,26,1236,189,23,23,23,0.2249,23.0,0.2249,388,1.000,1.000,2,11,0.2774,0.0230,0.2784,NO
capture_0018.pgm,27,216,194,22,23,23,0.2249,23.0,0.2249,382,1.000,1.000,2,1,0.3071,0.0650,0.3139,NO
capture_0018.pgm,28,418,194,24,24,24,0.2347,24.0,0.2347,438,1.000,1.000,2,3,0.2816,0.0664,0.2893,NO
capture_0018.pgm,29,623,193,22,22,22,0.2152,22.0,0.2152,353,1.000,1.000,2,5,0.2854,0.0580,0.2913,NO
capture_0018.pgm,30,833,194,21,22,22,0.2152,22.0,0.2152,338,1.000,1.000,2,7,0.3382,0.0691,0.3452,NO
capture_0018.pgm,31,1033,195,24,24,24,0.2347,24.0,0.2347,419,1.000,1.000,2,9,0.2931,0.0803,0.3039,NO
capture_0018.pgm,32,722,240,22,22,22,0.2152,22.0,0.2152,353,1.000,1.000,2,6,0.2528,0.1010,0.2723,NO
capture_0018.pgm,33,1130,240,21,21,21,0.2054,21.0,0.2054,317,1.000,1.000,2,10,0.2410,0.1038,0.2624,NO
capture_0018.pgm,34,310,246,22,24,24,0.2347,24.0,0.2347,397,1.000,1.000,2,2,0.2256,0.1570,0.2748,NO
capture_0018.pgm,35,119,247,22,23,23,0.2249,23.0,0.2249,368,1.000,1.000,2,0,0.3586,0.1654,0.3949,NO
capture_0018.pgm,36,519,247,23,21,23,0.2249,23.0,0.2249,359,1.000,1.000,2,4,0.2685,0.1681,0.3168,NO
capture_0018.pgm,37,622,278,24,24,24,0.2347,24.0,0.2347,425,1.000,1.000,3,5,0.2751,0.0384,0.2777,NO
capture_0018.pgm,38,420,279,23,23,23,0.2249,23.0,0.2249,375,1.000,1.000,3,3,0.3006,0.0468,0.3042,NO
capture_0018.pgm,39,1032,280,24,22,24,0.2347,24.0,0.2347,397,1.000,1.000,3,9,0.2828,0.0607,0.2892,NO
capture_0018.pgm,40,831,281,22,22,22,0.2152,22.0,0.2152,360,1.000,1.000,3,7,0.3180,0.0691,0.3255,NO
capture_0018.pgm,41,1241,283,24,24,24,0.2347,24.0,0.2347,435,1.000,1.000,3,11,0.3258,0.0914,0.3383,NO
capture_0018.pgm,42,217,286,24,24,24,0.2347,24.0,0.2347,423,1.000,1.000,3,1,0.3163,0.1139,0.3361,NO
capture_0018.pgm,43,522,323,21,22,22,0.2152,22.0,0.2152,338,1.000,1.000,3,4,0.2973,0.0605,0.3034,NO
capture_0018.pgm,44,1132,327,22,22,22,0.2152,22.0,0.2152,346,1.000,1.000,3,10,0.2600,0.1038,0.2799,NO
capture_0018.pgm,45,317,328,23,22,23,0.2249,23.0,0.2249,365,1.000,1.000,3,2,0.2934,0.1081,0.3127,NO
capture_0018.pgm,46,725,328,23,23,23,0.2249,23.0,0.2249,385,1.000,1.000,3,6,0.2816,0.1108,0.3026,NO
capture_0018.pgm,47,120,332,24,24,24,0.2347,24.0,0.2347,424,1.000,1.000,3,0,0.3678,0.1458,0.3957,NO
capture_0018.pgm,48,928,332,24,22,24,0.2347,24.0,0.2347,404,1.000,1.000,3,8,0.2659,0.1513,0.3059,NO
capture_0018.pgm,49,622,365,24,23,24,0.2347,24.0,0.2347,400,1.000,1.000,4,5,0.2745,0.0384,0.2772,NO
capture_0018.pgm,50,1237,365,23,22,23,0.2249,23.0,0.2249,375,1.000,1.000,4,11,0.2860,0.0425,0.2892,NO
capture_0018.pgm,51,214,366,25,23,25,0.2445,25.0,0.2445,419,1.000,1.000,4,1,0.2863,0.0454,0.2899,NO
capture_0018.pgm,52,1033,367,22,22,22,0.2152,22.0,0.2152,360,1.000,1.000,4,9,0.2920,0.0607,0.2982,NO
capture_0018.pgm,53,420,368,25,23,25,0.2445,25.0,0.2445,430,1.000,1.000,4,3,0.3000,0.0664,0.3072,NO
capture_0018.pgm,54,14,372,25,25,25,0.2445,25.0,0.2445,459,1.000,1.000,4,-1,0.3314,0.1027,0.3469,NO
capture_0018.pgm,55,834,372,22,24,24,0.2347,24.0,0.2347,404,1.000,1.000,4,7,0.3468,0.1082,0.3633,NO
capture_0018.pgm,56,520,407,25,22,25,0.2445,25.0,0.2445,409,1.000,1.000,4,4,0.2772,0.0312,0.2789,NO
capture_0018.pgm,57,727,409,22,22,22,0.2152,22.0,0.2152,353,1.000,1.000,4,6,0.3006,0.0521,0.3051,NO
capture_0018.pgm,58,317,412,24,23,24,0.2347,24.0,0.2347,414,1.000,1.000,4,2,0.2929,0.0787,0.3033,NO
capture_0018.pgm,59,117,413,22,22,22,0.2152,22.0,0.2152,353,1.000,1.000,4,0,0.3379,0.0871,0.3490,NO
capture_0018.pgm,60,932,415,24,22,24,0.2347,24.0,0.2347,404,1.000,1.000,4,8,0.3044,0.1122,0.3244,NO
capture_0018.pgm,61,418,453,24,23,24,0.2347,24.0,0.2347,414,1.000,1.000,5,3,0.2798,0.0468,0.2837,NO
capture_0018.pgm,62,625,454,23,26,26,0.2543,26.0,0.2543,457,1.000,1.000,5,5,0.3032,0.0580,0.3087,NO
capture_0018.pgm,63,1237,454,23,24,24,0.2347,24.0,0.2347,407,1.000,1.000,5,11,0.2855,0.0621,0.2921,NO
capture_0018.pgm,64,14,454,24,23,24,0.2347,24.0,0.2347,407,1.000,1.000,5,-1,0.3308,0.0538,0.3351,NO
capture_0018.pgm,65,219,455,25,24,25,0.2445,25.0,0.2445,432,1.000,1.000,5,1,0.3346,0.0650,0.3409,NO
capture_0018.pgm,66,826,456,24,22,24,0.2347,24.0,0.2347,397,1.000,1.000,5,7,0.2680,0.0789,0.2793,NO
capture_0018.pgm,67,1032,456,22,23,23,0.2249,23.0,0.2249,375,1.000,1.000,5,9,0.2816,0.0803,0.2928,NO
capture_0018.pgm,68,523,495,23,22,23,0.2249,23.0,0.2249,375,1.000,1.000,5,4,0.3059,0.0410,0.3086,NO
capture_0018.pgm,69,1134,496,22,21,22,0.2152,22.0,0.2152,338,1.000,1.000,5,10,0.2784,0.0549,0.2837,NO
capture_0018.pgm,70,320,499,21,21,21,0.2054,21.0,0.2054,317,1.000,1.000,5,2,0.3216,0.0787,0.3311,NO
capture_0018.pgm,71,725,500,23,25,25,0.2445,25.0,0.2445,426,1.000,1.000,5,6,0.2804,0.0913,0.2949,NO
capture_0018.pgm,72,932,502,22,22,22,0.2152,22.0,0.2152,353,1.000,1.000,5,8,0.3038,0.1122,0.3239,NO
capture_0018.pgm,73,119,506,23,24,24,0.2347,24.0,0.2347,411,1.000,1.000,5,0,0.3569,0.1458,0.3855,NO
capture_0018.pgm,74,622,539,23,24,24,0.2347,24.0,0.2347,398,1.000,1.000,6,5,0.2733,0.0384,0.2760,NO
capture_0018.pgm,75,420,540,22,23,23,0.2249,23.0,0.2249,382,1.000,1.000,6,3,0.2988,0.0468,0.3024,NO
capture_0018.pgm,76,1237,540,23,24,24,0.2347,24.0,0.2347,414,1.000,1.000,6,11,0.2849,0.0523,0.2896,NO
capture_0018.pgm,77,830,541,22,24,24,0.2347,24.0,0.2347,404,1.000,1.000,6,7,0.3065,0.0593,0.3122,NO
capture_0018.pgm,78,14,542,23,23,23,0.2249,23.0,0.2249,405,1.000,1.000,6,-1,0.3302,0.0636,0.3363,NO
capture_0018.pgm,79,217,543,23,23,23,0.2249,23.0,0.2249,398,1.000,1.000,6,1,0.3145,0.0748,0.3233,NO
capture_0018.pgm,80,1038,546,23,24,24,0.2347,24.0,0.2347,407,1.000,1.000,6,9,0.3397,0.1096,0.3569,NO
capture_0018.pgm,81,1132,586,22,22,22,0.2152,22.0,0.2152,360,1.000,1.000,6,10,0.2582,0.0842,0.2716,NO
capture_0018.pgm,82,723,587,21,22,22,0.2152,22.0,0.2152,338,1.000,1.000,6,6,0.2603,0.0913,0.2758,NO
capture_0018.pgm,83,928,587,24,23,24,0.2347,24.0,0.2347,403,1.000,1.000,6,8,0.2641,0.0926,0.2799,NO
capture_0018.pgm,84,527,589,22,23,23,0.2249,23.0,0.2249,375,1.000,1.000,6,4,0.3445,0.1094,0.3614,NO
capture_0018.pgm,85,120,590,23,23,23,0.2249,23.0,0.2249,405,1.000,1.000,6,0,0.3661,0.1165,0.3842,NO
capture_0018.pgm,86,320,590,22,23,23,0.2249,23.0,0.2249,375,1.000,1.000,6,2,0.3210,0.1178,0.3420,NO
capture_0018.pgm,87,414,624,28,24,28,0.2738,28.0,0.2738,495,1.000,1.000,7,3,0.2395,0.0175,0.2402,NO
capture_0018.pgm,88,1235,624,25,24,25,0.2445,25.0,0.2445,449,1.000,1.000,7,11,0.2647,0.0230,0.2657,NO
capture_0018.pgm,89,624,629,22,23,23,0.2249,23.0,0.2249,382,1.000,1.000,7,5,0.2923,0.0677,0.3000,NO
capture_0018.pgm,90,826,628,24,23,24,0.2347,24.0,0.2347,401,1.000,1.000,7,7,0.2668,0.0593,0.2733,NO
capture_0018.pgm,91,1035,631,24,26,26,0.2543,26.0,0.2543,453,1.000,1.000,7,9,0.3098,0.0901,0.3226,NO
capture_0018.pgm,92,12,631,24,23,24,0.2347,24.0,0.2347,414,1.000,1.000,7,-1,0.3101,0.0832,0.3210,NO
capture_0018.pgm,93,218,635,26,24,26,0.2543,26.0,0.2543,450,1.000,1.000,7,1,0.3237,0.1237,0.3465,NO
capture_0018.pgm,94,930,671,24,23,24,0.2347,24.0,0.2347,397,1.000,1.000,7,8,0.2831,0.0633,0.2901,NO
capture_0018.pgm,95,522,672,22,23,23,0.2249,23.0,0.2249,372,1.000,1.000,7,4,0.2950,0.0703,0.3032,NO
capture_0018.pgm,96,1133,674,23,22,23,0.2249,23.0,0.2249,368,1.000,1.000,7,10,0.2674,0.0940,0.2835,NO
capture_0018.pgm,97,118,675,23,22,23,0.2249,23.0,0.2249,368,1.000,1.000,7,0,0.3459,0.0969,0.3593,NO
capture_0018.pgm,98,317,676,22,22,22,0.2152,22.0,0.2152,353,1.000,1.000,7,2,0.2911,0.1081,0.3105,NO
capture_0018.pgm,99,736,680,22,23,23,0.2249,23.0,0.2249,382,1.000,1.000,7,6,0.3868,0.1499,0.4149,NO
capture_0018.pgm,100,1032,711,22,23,23,0.2249,23.0,0.2249,365,1.000,1.000,8,9,0.2799,0.0216,0.2807,NO
capture_0018.pgm,101,1234,714,24,24,24,0.2347,24.0,0.2347,415,1.000,1.000,8,11,0.2544,0.0523,0.2597,NO
capture_0018.pgm,102,216,715,24,24,24,0.2347,24.0,0.2347,428,1.000,1.000,8,1,0.3036,0.0552,0.3085,NO
capture_0018.pgm,103,421,714,23,22,23,0.2249,23.0,0.2249,382,1.000,1.000,8,3,0.3074,0.0468,0.3110,NO
capture_0018.pgm,104,626,721,24,25,25,0.2445,25.0,0.2445,447,1.000,1.000,8,5,0.3113,0.1166,0.3324,NO
capture_0018.pgm,105,832,720,24,24,24,0.2347,24.0,0.2347,435,1.000,1.000,8,7,0.3249,0.1082,0.3425,NO
capture_0018.pgm,106,1136,761,22,23,23,0.2249,23.0,0.2249,382,1.000,1.000,8,10,0.2962,0.0940,0.3107,NO
capture_0018.pgm,107,929,764,23,24,24,0.2347,24.0,0.2347,411,1.000,1.000,8,8,0.2728,0.1220,0.2988,NO
capture_0018.pgm,108,115,765,25,25,25,0.2445,25.0,0.2445,456,1.000,1.000,8,0,0.3160,0.1262,0.3403,NO
capture_0018.pgm,109,319,765,24,24,24,0.2347,24.0,0.2347,430,1.000,1.000,8,2,0.3101,0.1276,0.3353,NO
capture_0018.pgm,110,730,767,21,23,23,0.2249,23.0,0.2249,359,1.000,1.000,8,6,0.3276,0.1499,0.3603,NO
capture_0018.pgm,111,524,769,23,23,23,0.2249,23.0,0.2249,388,1.000,1.000,8,4,0.3139,0.1681,0.3561,NO
capture_0018.pgm,112,828,797,22,23,23,0.2249,23.0,0.2249,372,1.000,1.000,9,7,0.2852,0.0104,0.2854,NO
capture_0018.pgm,113,1238,798,23,24,24,0.2347,24.0,0.2347,413,1.000,1.000,9,11,0.2929,0.0230,0.2938,NO
capture_0018.pgm,114,420,799,25,24,25,0.2445,25.0,0.2445,439,1.000,1.000,9,3,0.2970,0.0272,0.2983,NO
capture_0018.pgm,115,217,801,23,22,23,0.2249,23.0,0.2249,375,1.000,1.000,9,1,0.3128,0.0454,0.3160,NO
capture_0018.pgm,116,624,801,22,22,22,0.2152,22.0,0.2152,353,1.000,1.000,9,5,0.2911,0.0482,0.2951,NO
capture_0018.pgm,117,1036,804,23,26,26,0.2543,26.0,0.2543,454,1.000,1.000,9,9,0.3184,0.0803,0.3284,NO
capture_0018.pgm,118,15,805,23,24,24,0.2347,24.0,0.2347,411,1.000,1.000,9,-1,0.3382,0.0832,0.3483,NO
capture_0018.pgm,119,929,847,24,23,24,0.2347,24.0,0.2347,404,1.000,1.000,9,8,0.2722,0.0828,0.2845,NO
capture_0018.pgm,120,320,848,23,23,23,0.2249,23.0,0.2249,391,1.000,1.000,9,2,0.3193,0.0885,0.3313,NO
capture_0018.pgm,121,1130,847,22,22,22,0.2152,22.0,0.2152,353,1.000,1.000,9,10,0.2369,0.0842,0.2514,NO
capture_0018.pgm,122,111,850,25,25,25,0.2445,25.0,0.2445,459,1.000,1.000,9,0,0.2763,0.1067,0.2962,NO
capture_0018.pgm,123,730,850,24,24,24,0.2347,24.0,0.2347,416,1.000,1.000,9,6,0.3270,0.1108,0.3453,NO
capture_0018.pgm,124,524,853,24,24,24,0.2347,24.0,0.2347,424,1.000,1.000,9,4,0.3134,0.1388,0.3427,NO
capture_0018.pgm,125,1033,887,22,24,24,0.2347,24.0,0.2347,390,1.000,1.000,10,9,0.2885,0.0412,0.2914,NO
capture_0018.pgm,126,1238,886,22,23,23,0.2249,23.0,0.2249,375,1.000,1.000,10,11,0.2923,0.0327,0.2941,NO
capture_0018.pgm,127,218,889,25,25,25,0.2445,25.0,0.2445,459,1.000,1.000,10,1,0.3219,0.0552,0.3266,NO
capture_0018.pgm,128,422,889,24,25,25,0.2445,25.0,0.2445,446,1.000,1.000,10,3,0.3160,0.0566,0.3210,NO
capture_0018.pgm,129,826,888,23,23,23,0.2249,23.0,0.2249,391,1.000,1.000,10,7,0.2651,0.0496,0.2696,NO
capture_0018.pgm,130,630,890,23,24,24,0.2347,24.0,0.2347,407,1.000,1.000,10,5,0.3492,0.0677,0.3557,NO
capture_0018.pgm,131,14,894,25,25,25,0.2445,25.0,0.2445,456,1.000,1.000,10,-1,0.3279,0.1027,0.3436,NO
capture_0018.pgm,132,724,932,23,25,25,0.2445,25.0,0.2445,434,1.000,1.000,10,6,0.2677,0.0619,0.2748,NO
capture_0018.pgm,133,319,934,22,24,24,0.2347,24.0,0.2347,390,1.000,1.000,10,2,0.3089,0.0787,0.3188,NO
capture_0018.pgm,134,524,934,23,23,23,0.2249,23.0,0.2249,391,1.000,1.000,10,4,0.3128,0.0801,0.3229,NO
capture_0018.pgm,135,932,935,23,24,24,0.2347,24.0,0.2347,414,1.000,1.000,10,8,0.3009,0.0926,0.3149,NO
capture_0018.pgm,136,113,937,24,23,24,0.2347,24.0,0.2347,398,1.000,1.000,10,0,0.2953,0.1067,0.3140,NO
capture_0018.pgm,137,1140,939,24,25,25,0.2445,25.0,0.2445,455,1.000,1.000,10,10,0.3341,0.1331,0.3597,NO
capture_0018.pgm,138,1238,973,22,23,23,0.2249,23.0,0.2249,368,1.000,1.000,11,11,0.2917,0.0327,0.2936,NO
capture_0018.pgm,139,217,974,23,24,24,0.2347,24.0,0.2347,414,1.000,1.000,11,1,0.3116,0.0357,0.3136,NO
capture_0018.pgm,140,829,973,23,23,23,0.2249,23.0,0.2249,398,1.000,1.000,11,7,0.2938,0.0300,0.2953,NO
capture_0018.pgm,141,1032,974,23,25,25,0.2445,25.0,0.2445,429,1.000,1.000,11,9,0.2781,0.0412,0.2811,NO
capture_0018.pgm,142,13,976,24,26,26,0.2543,26.0,0.2543,471,1.000,1.000,11,-1,0.3175,0.0538,0.3220,NO
capture_0018.pgm,143,424,977,23,26,26,0.2543,26.0,0.2543,447,1.000,1.000,11,3,0.3350,0.0664,0.3415,NO
capture_0018.pgm,144,624,976,21,24,24,0.2347,24.0,0.2347,380,1.000,1.000,11,5,0.2900,0.0580,0.2957,NO
capture_0018.pgm,SUMMARY,,,,,,,,,,,,,,,,,
capture_0018.pgm,Count,144,,,,,,,,,,,,,,,
capture_0018.pgm,Missed,2,,,,,,,,,,,,,,,
capture_0018.pgm,Mean,,,,,,,,0.2318,,,,,,,,
capture_0018.pgm,Median,,,,,,,,0.2347,,,,,,,,
capture_0018.pgm,StdDev,,,,,,,,0.0122,,,,,,,,
capture_0018.pgm,Min,,,,,,,,0.2054,,,,,,,,
capture_0018.pgm,Max,,,,,,,,0.2738,,,,,,,,
capture_0019.pgm,1,145,17,25,26,26,0.2543,26.0,0.2543,466,1.000,1.000,0,1,-0.3861,0.0356,0.3878,NO
capture_0019.pgm,2,350,17,23,24,24,0.2347,24.0,0.2347,407,1.000,1.000,0,3,-0.3823,0.0370,0.3841,NO
capture_0019.pgm,3,1168,16,22,22,22,0.2152,22.0,0.2152,360,1.000,1.000,0,11,-0.3864,0.0327,0.3878,NO
capture_0019.pgm,4,756,18,23,24,24,0.2347,24.0,0.2347,411,1.000,1.000,0,7,-0.4137,0.0496,0.4167,NO
capture_0019.pgm,5,554,20,23,24,24,0.2347,24.0,0.2347,407,1.000,1.000,0,5,-0.3882,0.0677,0.3941,NO
capture_0019.pgm,6,959,22,24,22,24,0.2347,24.0,0.2347,397,1.000,1.000,0,9,-0.4294,0.0900,0.4387,NO
capture_0019.pgm,7,464,56,25,25,25,0.2445,25.0,0.2445,449,1.000,1.000,0,4,-0.2682,0.0019,0.2682,NO
capture_0019.pgm,8,866,57,25,24,25,0.2445,25.0,0.2445,436,1.000,1.000,0,8,-0.3387,0.0144,0.3390,NO
capture_0019.pgm,9,1080,58,25,26,26,0.2543,26.0,0.2543,482,1.000,1.000,0,10,-0.2468,0.0255,0.2482,NO
capture_0019.pgm,10,260,58,24,25,25,0.2445,25.0,0.2445,455,1.000,1.000,0,2,-0.2623,0.0200,0.2630,NO
capture_0019.pgm,11,55,59,24,23,24,0.2347,24.0,0.2347,414,1.000,1.000,0,0,-0.2661,0.0284,0.2676,NO
capture_0019.pgm,12,671,58,23,23,23,0.2249,23.0,0.2249,390,1.000,1.000,0,6,-0.2448,0.0228,0.2458,NO
capture_0019.pgm,13,346,104,24,23,24,0.2347,24.0,0.2347,398,1.000,1.000,1,3,-0.4220,0.0370,0.4236,NO
capture_0019.pgm,14,961,104,23,23,23,0.2249,23.0,0.2249,398,1.000,1.000,1,9,-0.4104,0.0411,0.4125,NO
capture_0019.pgm,15,1168,105,22,23,23,0.2249,23.0,0.2249,375,1.000,1.000,1,11,-0.3870,0.0523,0.3905,NO
capture_0019.pgm,16,756,107,23,25,25,0.2445,25.0,0.2445,424,1.000,1.000,1,7,-0.4143,0.0691,0.4200,NO
capture_0019.pgm,17,558,110,23,24,24,0.2347,24.0,0.2347,404,1.000,1.000,1,5,-0.3497,0.0971,0.3629,NO
capture_0019.pgm,18,139,111,25,21,25,0.2445,25.0,0.2445,401,1.000,1.000,1,1,-0.4454,0.1041,0.4574,NO
capture_0019.pgm,19,657,145,23,22,23,0.2249,23.0,0.2249,375,1.000,1.000,1,6,-0.3823,0.0228,0.3829,NO
capture_0019.pgm,20,861,146,23,22,23,0.2249,23.0,0.2249,375,1.000,1.000,1,8,-0.3882,0.0339,0.3897,NO
capture_0019.pgm,21,452,149,22,21,22,0.2152,22.0,0.2152,338,1.000,1.000,1,4,-0.3861,0.0605,0.3908,NO
capture_0019.pgm,22,1067,150,23,24,24,0.2347,24.0,0.2347,406,1.000,1.000,1,10,-0.3746,0.0744,0.3819,NO
capture_0019.pgm,23,253,154,22,22,22,0.2152,22.0,0.2152,360,1.000,1.000,1,2,-0.3313,0.1081,0.3485,NO
capture_0019.pgm,24,44,155,22,23,23,0.2249,23.0,0.2249,365,1.000,1.000,1,0,-0.3743,0.1165,0.3920,NO
capture_0019.pgm,25,349,188,22,25,25,0.2445,25.0,0.2445,412,1.000,1.000,2,3,-0.3932,0.0077,0.3933,NO
capture_0019.pgm,26,755,190,24,22,24,0.2347,24.0,0.2347,390,1.000,1.000,2,7,-0.4246,0.0300,0.4257,NO
capture_0019.pgm,27,1167,190,22,23,23,0.2249,23.0,0.2249,375,1.000,1.000,2,11,-0.3974,0.0327,0.3987,NO
capture_0019.pgm,28,145,194,25,23,25,0.2445,25.0,0.2445,437,1.000,1.000,2,1,-0.3873,0.0650,0.3927,NO
capture_0019.pgm,29,554,197,23,23,23,0.2249,23.0,0.2249,391,1.000,1.000,2,5,-0.3894,0.0971,0.4013,NO
capture_0019.pgm,30,960,197,22,22,22,0.2152,22.0,0.2152,353,1.000,1.000,2,9,-0.4208,0.0998,0.4325,NO
capture_0019.pgm,31,1063,241,22,21,22,0.2152,22.0,0.2152,338,1.000,1.000,2,10,-0.4143,0.1136,0.4295,NO
capture_0019.pgm,32,857,242,21,22,22,0.2152,22.0,0.2152,338,1.000,1.000,2,8,-0.4279,0.1220,0.4449,NO
capture_0019.pgm,33,447,245,21,21,21,0.2054,21.0,0.2054,317,1.000,1.000,2,4,-0.4356,0.1486,0.4602,NO
capture_0019.pgm,34,246,247,24,22,24,0.2347,24.0,0.2347,397,1.000,1.000,2,2,-0.4003,0.1667,0.4337,NO
capture_0019.pgm,35,757,277,25,24,25,0.2445,25.0,0.2445,441,1.000,1.000,3,7,-0.4057,0.0300,0.4068,NO
capture_0019.pgm,36,350,280,24,25,25,0.2445,25.0,0.2445,431,1.000,1.000,3,3,-0.3840,0.0566,0.3882,NO
capture_0019.pgm,37,1166,280,23,24,24,0.2347,24.0,0.2347,411,1.000,1.000,3,11,-0.4077,0.0621,0.4124,NO
capture_0019.pgm,38,141,280,24,22,24,0.2347,24.0,0.2347,390,1.000,1.000,3,1,-0.4270,0.0552,0.4306,NO
capture_0019.pgm,39,552,283,24,24,24,0.2347,24.0,0.2347,428,1.000,1.000,3,5,-0.4095,0.0873,0.4187,NO
capture_0019.pgm,40,966,286,23,24,24,0.2347,24.0,0.2347,400,1.000,1.000,3,9,-0.3627,0.1194,0.3818,NO
capture_0019.pgm,41,44,325,24,23,24,0.2347,24.0,0.2347,403,1.000,1.000,3,0,-0.3754,0.0773,0.3833,NO
capture_0019.pgm,42,1063,325,22,22,22,0.2152,22.0,0.2152,360,1.000,1.000,3,10,-0.4148,0.0842,0.4233,NO
capture_0019.pgm,43,244,329,22,23,23,0.2249,23.0,0.2249,375,1.000,1.000,3,2,-0.4205,0.1178,0.4367,NO
capture_0019.pgm,44,448,328,23,22,23,0.2249,23.0,0.2249,382,1.000,1.000,3,4,-0.4264,0.1094,0.4402,NO
capture_0019.pgm,45,856,331,26,22,26,0.2543,26.0,0.2543,431,1.000,1.000,3,8,-0.4383,0.1415,0.4605,NO
capture_0019.pgm,46,559,363,25,23,25,0.2445,25.0,0.2445,427,1.000,1.000,4,5,-0.3417,0.0188,0.3422,NO
capture_0019.pgm,47,961,366,24,24,24,0.2347,24.0,0.2347,422,1.000,1.000,4,9,-0.4122,0.0509,0.4153,NO
capture_0019.pgm,48,351,368,23,24,24,0.2347,24.0,0.2347,404,1.000,1.000,4,3,-0.3748,0.0664,0.3807,NO
capture_0019.pgm,49,759,369,23,26,26,0.2543,26.0,0.2543,445,1.000,1.000,4,7,-0.3867,0.0789,0.3947,NO
capture_0019.pgm,50,1172,373,23,26,26,0.2543,26.0,0.2543,450,1.000,1.000,4,11,-0.3496,0.1208,0.3699,NO
capture_0019.pgm,51,147,374,23,25,25,0.2445,25.0,0.2445,423,1.000,1.000,4,1,-0.3689,0.1237,0.3891,NO
capture_0019.pgm,52,449,411,24,22,24,0.2347,24.0,0.2347,390,1.000,1.000,4,4,-0.4172,0.0703,0.4231,NO
capture_0019.pgm,53,1066,412,21,21,21,0.2054,21.0,0.2054,317,1.000,1.000,4,10,-0.3861,0.0842,0.3952,NO
capture_0019.pgm,54,660,414,24,25,25,0.2445,25.0,0.2445,449,1.000,1.000,4,6,-0.3547,0.1010,0.3688,NO
capture_0019.pgm,55,861,414,23,22,23,0.2249,23.0,0.2249,368,1.000,1.000,4,8,-0.3899,0.1024,0.4032,NO
capture_0019.pgm,56,45,417,23,23,23,0.2249,23.0,0.2249,395,1.000,1.000,4,0,-0.3662,0.1262,0.3874,NO
capture_0019.pgm,57,249,416,23,22,23,0.2249,23.0,0.2249,382,1.000,1.000,4,2,-0.3722,0.1178,0.3904,NO
capture_0019.pgm,58,761,455,23,24,24,0.2347,24.0,0.2347,413,1.000,1.000,5,7,-0.3677,0.0691,0.3742,NO
capture_0019.pgm,59,559,456,23,24,24,0.2347,24.0,0.2347,400,1.000,1.000,5,5,-0.3422,0.0775,0.3509,NO
capture_0019.pgm,60,961,456,24,23,24,0.2347,24.0,0.2347,406,1.000,1.000,5,9,-0.4128,0.0803,0.4205,NO
capture_0019.pgm,61,1168,456,21,23,23,0.2249,23.0,0.2249,359,1.000,1.000,5,11,-0.3894,0.0816,0.3978,NO
capture_0019.pgm,62,144,458,25,26,26,0.2543,26.0,0.2543,471,1.000,1.000,5,1,-0.3988,0.0943,0.4098,NO
capture_0019.pgm,63,352,460,25,25,25,0.2445,25.0,0.2445,465,1.000,1.000,5,3,-0.3657,0.1153,0.3834,NO
capture_0019.pgm,64,658,495,21,22,22,0.2152,22.0,0.2152,338,1.000,1.000,5,6,-0.3748,0.0424,0.3772,NO
capture_0019.pgm,65,1066,496,22,22,22,0.2152,22.0,0.2152,353,1.000,1.000,5,10,-0.3867,0.0549,0.3906,NO
capture_0019.pgm,66,448,497,24,21,24,0.2347,24.0,0.2347,380,1.000,1.000,5,4,-0.4276,0.0605,0.4318,NO
capture_0019.pgm,67,247,498,24,22,24,0.2347,24.0,0.2347,390,1.000,1.000,5,2,-0.3923,0.0689,0.3983,NO
capture_0019.pgm,68,51,505,26,24,26,0.2543,26.0,0.2543,458,1.000,1.000,5,0,-0.3082,0.1360,0.3368,NO
capture_0019.pgm,69,1168,539,24,23,24,0.2347,24.0,0.2347,403,1.000,1.000,6,11,-0.3899,0.0425,0.3923,NO
capture_0019.pgm,70,350,540,23,23,23,0.2249,23.0,0.2249,395,1.000,1.000,6,3,-0.3858,0.0468,0.3886,NO
capture_0019.pgm,71,966,542,22,23,23,0.2249,23.0,0.2249,375,1.000,1.000,6,9,-0.3645,0.0705,0.3712,NO
capture_0019.pgm,72,760,543,23,23,23,0.2249,23.0,0.2249,384,1.000,1.000,6,7,-0.3781,0.0789,0.3862,NO
capture_0019.pgm,73,143,544,23,23,23,0.2249,23.0,0.2249,398,1.000,1.000,6,1,-0.4092,0.0846,0.4179,NO
capture_0019.pgm,74,557,547,23,25,25,0.2445,25.0,0.2445,441,1.000,1.000,6,5,-0.3624,0.1166,0.3807,NO
capture_0019.pgm,75,860,582,22,22,22,0.2152,22.0,0.2152,360,1.000,1.000,6,8,-0.4009,0.0437,0.4033,NO
capture_0019.pgm,76,451,585,22,23,23,0.2249,23.0,0.2249,375,1.000,1.000,6,4,-0.3988,0.0703,0.4050,NO
capture_0019.pgm,77,657,585,21,22,22,0.2152,22.0,0.2152,338,1.000,1.000,6,6,-0.3852,0.0717,0.3918,NO
capture_0019.pgm,78,1062,585,22,22,22,0.2152,22.0,0.2152,360,1.000,1.000,6,10,-0.4264,0.0744,0.4328,NO
capture_0019.pgm,79,247,586,23,22,23,0.2249,23.0,0.2249,368,1.000,1.000,6,2,-0.3929,0.0787,0.4007,NO
capture_0019.pgm,80,47,590,24,23,24,0.2347,24.0,0.2347,395,1.000,1.000,6,0,-0.3479,0.1165,0.3668,NO
capture_0019.pgm,81,1164,623,25,25,25,0.2445,25.0,0.2445,449,1.000,1.000,7,11,-0.4296,0.0132,0.4298,NO
capture_0019.pgm,82,555,629,22,23,23,0.2249,23.0,0.2249,382,1.000,1.000,7,5,-0.3825,0.0677,0.3885,NO
capture_0019.pgm,83,147,630,24,23,24,0.2347,24.0,0.2347,418,1.000,1.000,7,1,-0.3707,0.0748,0.3781,NO
capture_0019.pgm,84,351,631,24,25,25,0.2445,25.0,0.2445,439,1.000,1.000,7,3,-0.3766,0.0859,0.3863,NO
capture_0019.pgm,85,762,632,23,26,26,0.2543,26.0,0.2543,449,1.000,1.000,7,7,-0.3591,0.0985,0.3724,NO
capture_0019.pgm,86,966,631,21,22,22,0.2152,22.0,0.2152,338,1.000,1.000,7,9,-0.3650,0.0901,0.3760,NO
capture_0019.pgm,87,246,669,23,25,25,0.2445,25.0,0.2445,434,1.000,1.000,7,2,-0.4033,0.0396,0.4052,NO
capture_0019.pgm,88,1064,668,22,22,22,0.2152,22.0,0.2152,353,1.000,1.000,7,10,-0.4074,0.0353,0.4089,NO
capture_0019.pgm,89,651,669,25,21,25,0.2445,25.0,0.2445,401,1.000,1.000,7,6,-0.4445,0.0424,0.4465,NO
capture_0019.pgm,90,449,672,23,25,25,0.2445,25.0,0.2445,427,1.000,1.000,7,4,-0.4190,0.0703,0.4248,NO
capture_0019.pgm,91,862,674,21,23,23,0.2249,23.0,0.2249,359,1.000,1.000,7,8,-0.3819,0.0926,0.3930,NO
capture_0019.pgm,92,47,676,25,23,25,0.2445,25.0,0.2445,416,1.000,1.000,7,0,-0.3484,0.1067,0.3644,NO
capture_0019.pgm,93,756,712,24,23,24,0.2347,24.0,0.2347,403,1.000,1.000,8,7,-0.4184,0.0300,0.4195,NO
capture_0019.pgm,94,147,715,24,24,24,0.2347,24.0,0.2347,430,1.000,1.000,8,1,-0.3713,0.0552,0.3753,NO
capture_0019.pgm,95,1169,714,21,22,22,0.2152,22.0,0.2152,338,1.000,1.000,8,11,-0.3813,0.0523,0.3849,NO
capture_0019.pgm,96,555,716,24,22,24,0.2347,24.0,0.2347,397,1.000,1.000,8,5,-0.3831,0.0677,0.3891,NO
capture_0019.pgm,97,352,720,23,24,24,0.2347,24.0,0.2347,414,1.000,1.000,8,3,-0.3674,0.1055,0.3822,NO
capture_0019.pgm,98,967,720,24,24,24,0.2347,24.0,0.2347,431,1.000,1.000,8,9,-0.3558,0.1096,0.3723,NO
capture_0019.pgm,99,1067,755,23,24,24,0.2347,24.0,0.2347,394,1.000,1.000,8,10,-0.3787,0.0353,0.3803,NO
capture_0019.pgm,100,453,757,23,23,23,0.2249,23.0,0.2249,391,1.000,1.000,8,4,-0.3804,0.0508,0.3838,NO
capture_0019.pgm,101,863,759,22,23,23,0.2249,23.0,0.2249,375,1.000,1.000,8,8,-0.3727,0.0731,0.3798,NO
capture_0019.pgm,102,657,759,24,23,24,0.2347,24.0,0.2347,411,1.000,1.000,8,6,-0.3864,0.0717,0.3930,NO
capture_0019.pgm,103,45,762,23,25,25,0.2445,25.0,0.2445,437,1.000,1.000,8,0,-0.3686,0.0969,0.3811,NO
capture_0019.pgm,104,248,766,22,23,23,0.2249,23.0,0.2249,362,1.000,1.000,8,2,-0.3843,0.1374,0.4081,NO
capture_0019.pgm,105,753,799,25,24,25,0.2445,25.0,0.2445,437,1.000,1.000,9,7,-0.4483,0.0300,0.4493,NO
capture_0019.pgm,106,147,800,23,24,24,0.2347,24.0,0.2347,414,1.000,1.000,9,1,-0.3718,0.0357,0.3736,NO
capture_0019.pgm,107,965,800,25,24,25,0.2445,25.0,0.2445,446,1.000,1.000,9,9,-0.3760,0.0412,0.3782,NO
capture_0019.pgm,108,1168,801,22,23,23,0.2249,23.0,0.2249,368,1.000,1.000,9,11,-0.3917,0.0523,0.3952,NO
capture_0019.pgm,109,352,804,22,26,26,0.2543,26.0,0.2543,441,1.000,1.000,9,3,-0.3680,0.0761,0.3758,NO
capture_0019.pgm,110,553,805,23,24,24,0.2347,24.0,0.2347,404,1.000,1.000,9,5,-0.4033,0.0873,0.4126,NO
capture_0019.pgm,111,659,846,21,23,23,0.2249,23.0,0.2249,359,1.000,1.000,9,6,-0.3674,0.0717,0.3743,NO
capture_0019.pgm,112,46,847,23,23,23,0.2249,23.0,0.2249,391,1.000,1.000,9,0,-0.3594,0.0773,0.3676,NO
capture_0019.pgm,113,449,849,22,23,23,0.2249,23.0,0.2249,375,1.000,1.000,9,4,-0.4201,0.0997,0.4318,NO
capture_0019.pgm,114,757,885,23,25,25,0.2445,25.0,0.2445,429,1.000,1.000,10,7,-0.4098,0.0202,0.4103,NO
capture_0019.pgm,115,146,888,24,23,24,0.2347,24.0,0.2347,407,1.000,1.000,10,1,-0.3822,0.0454,0.3849,NO
capture_0019.pgm,116,554,889,24,25,25,0.2445,25.0,0.2445,426,1.000,1.000,10,5,-0.3941,0.0580,0.3983,NO
capture_0019.pgm,117,966,887,22,22,22,0.2152,22.0,0.2152,360,1.000,1.000,10,9,-0.3668,0.0412,0.3691,NO
capture_0019.pgm,118,352,888,24,23,24,0.2347,24.0,0.2347,404,1.000,1.000,10,3,-0.3686,0.0468,0.3715,NO
capture_0019.pgm,119,1170,889,21,21,21,0.2054,21.0,0.2054,317,1.000,1.000,10,11,-0.3727,0.0621,0.3779,NO
capture_0019.pgm,120,1065,930,24,22,24,0.2347,24.0,0.2347,390,1.000,1.000,10,10,-0.3994,0.0451,0.4019,NO
capture_0019.pgm,121,861,931,21,21,21,0.2054,21.0,0.2054,317,1.000,1.000,10,8,-0.3935,0.0535,0.3971,NO
capture_0019.pgm,122,42,935,24,23,24,0.2347,24.0,0.2347,406,1.000,1.000,10,0,-0.3991,0.0871,0.4085,NO
capture_0019.pgm,123,449,937,24,23,24,0.2347,24.0,0.2347,403,1.000,1.000,10,4,-0.4207,0.1094,0.4347,NO
capture_0019.pgm,124,658,937,23,23,23,0.2249,23.0,0.2249,391,1.000,1.000,10,6,-0.3778,0.1108,0.3937,NO
capture_0019.pgm,125,252,938,25,24,25,0.2445,25.0,0.2445,442,1.000,1.000,10,2,-0.3463,0.1178,0.3658,NO
capture_0019.pgm,126,350,974,23,24,24,0.2347,24.0,0.2347,400,1.000,1.000,11,3,-0.3887,0.0370,0.3905,NO
capture_0019.pgm,127,146,975,25,25,25,0.2445,25.0,0.2445,446,1.000,1.000,11,1,-0.3828,0.0454,0.3855,NO
capture_0019.pgm,128,759,975,22,24,24,0.2347,24.0,0.2347,404,1.000,1.000,11,7,-0.3908,0.0496,0.3939,NO
capture_0019.pgm,129,554,977,22,25,25,0.2445,25.0,0.2445,426,1.000,1.000,11,5,-0.3946,0.0677,0.4004,NO
capture_0019.pgm,130,968,978,22,24,24,0.2347,24.0,0.2347,397,1.000,1.000,11,9,-0.3478,0.0803,0.3570,NO
capture_0019.pgm,131,1172,979,23,24,24,0.2347,24.0,0.2347,414,1.000,1.000,11,11,-0.3537,0.0914,0.3654,NO
capture_0019.pgm,SUMMARY,,,,,,,,,,,,,,,,,
capture_0019.pgm,Count,131,,,,,,,,,,,,,,,
capture_0019.pgm,Missed,7,,,,,,,,,,,,,,,
capture_0019.pgm,Mean,,,,,,,,0.2326,,,,,,,,
capture_0019.pgm,Median,,,,,,,,0.2347,,,,,,,,
capture_0019.pgm,StdDev,,,,,,,,0.0117,,,,,,,,
capture_0019.pgm,Min,,,,,,,,0.2054,,,,,,,,
capture_0019.pgm,Max,,,,,,,,0.2543,,,,,,,,
capture_0020.pgm,1,863,46,24,23,24,0.2347,24.0,0.2347,414,1.000,1.000,0,8,-0.3680,-0.0932,0.3797,NO
capture_0020.pgm,2,1064,45,22,21,22,0.2152,22.0,0.2152,338,1.000,1.000,0,10,-0.4033,-0.1016,0.4159,NO
capture_0020.pgm,3,43,46,23,22,23,0.2249,23.0,0.2249,375,1.000,1.000,0,0,-0.3835,-0.0987,0.3960,NO
capture_0020.pgm,4,246,46,22,22,22,0.2152,22.0,0.2152,353,1.000,1.000,0,2,-0.3992,-0.0973,0.4109,NO
capture_0020.pgm,5,1268,47,21,22,22,0.2152,22.0,0.2152,338,1.000,1.000,0,12,-0.4092,-0.0807,0.4171,NO
capture_0020.pgm,6,661,50,23,25,25,0.2445,25.0,0.2445,423,1.000,1.000,0,6,-0.3426,-0.0555,0.3470,NO
capture_0020.pgm,7,453,51,22,25,25,0.2445,25.0,0.2445,426,1.000,1.000,0,4,-0.3758,-0.0470,0.3787,NO
capture_0020.pgm,8,347,88,23,23,23,0.2249,23.0,0.2249,377,1.000,1.000,1,3,-0.4122,-0.1195,0.4292,NO
capture_0020.pgm,9,962,88,24,24,24,0.2347,24.0,0.2347,419,1.000,1.000,1,9,-0.4006,-0.1153,0.4169,NO
capture_0020.pgm,10,1165,89,25,24,25,0.2445,25.0,0.2445,426,1.000,1.000,1,11,-0.4164,-0.1042,0.4292,NO
capture_0020.pgm,11,760,91,24,24,24,0.2347,24.0,0.2347,423,1.000,1.000,1,7,-0.3752,-0.0874,0.3852,NO
capture_0020.pgm,12,152,94,22,23,23,0.2249,23.0,0.2249,375,1.000,1.000,1,1,-0.3183,-0.0622,0.3243,NO
capture_0020.pgm,13,555,96,25,25,25,0.2445,25.0,0.2445,461,1.000,1.000,1,5,-0.3790,-0.0398,0.3811,NO
capture_0020.pgm,14,1264,134,24,25,25,0.2445,25.0,0.2445,430,1.000,1.000,1,12,-0.4489,-0.0807,0.4561,NO
capture_0020.pgm,15,43,134,25,22,25,0.2445,25.0,0.2445,412,1.000,1.000,1,0,-0.3841,-0.0889,0.3942,NO
capture_0020.pgm,16,247,134,25,23,25,0.2445,25.0,0.2445,427,1.000,1.000,1,2,-0.3900,-0.0875,0.3997,NO
capture_0020.pgm,17,658,134,22,22,22,0.2152,22.0,0.2152,353,1.000,1.000,1,6,-0.3725,-0.0848,0.3820,NO
capture_0020.pgm,18,1064,134,21,21,21,0.2054,21.0,0.2054,317,1.000,1.000,1,10,-0.4039,-0.0820,0.4121,NO
capture_0020.pgm,19,449,136,24,23,24,0.2347,24.0,0.2347,403,1.000,1.000,1,4,-0.4155,-0.0666,0.4208,NO
capture_0020.pgm,20,861,139,23,23,23,0.2249,23.0,0.2249,405,1.000,1.000,1,8,-0.3882,-0.0345,0.3897,NO
capture_0020.pgm,21,760,176,25,23,25,0.2445,25.0,0.2445,430,1.000,1.000,2,7,-0.3757,-0.1069,0.3907,NO
capture_0020.pgm,22,1166,175,23,23,23,0.2249,23.0,0.2249,384,1.000,1.000,2,11,-0.4072,-0.1140,0.4228,NO
capture_0020.pgm,23,351,182,22,26,26,0.2543,26.0,0.2543,434,1.000,1.000,2,3,-0.3737,-0.0510,0.3771,NO
capture_0020.pgm,24,553,181,22,22,22,0.2152,22.0,0.2152,353,1.000,1.000,2,5,-0.3992,-0.0594,0.4036,NO
capture_0020.pgm,25,965,183,24,24,24,0.2347,24.0,0.2347,420,1.000,1.000,2,9,-0.3719,-0.0371,0.3737,NO
capture_0020.pgm,26,153,185,24,24,24,0.2347,24.0,0.2347,427,1.000,1.000,2,1,-0.3091,-0.0230,0.3099,NO
capture_0020.pgm,27,243,217,25,23,25,0.2445,25.0,0.2445,415,1.000,1.000,2,2,-0.4297,-0.1267,0.4480,NO
capture_0020.pgm,28,450,219,23,23,23,0.2249,23.0,0.2249,384,1.000,1.000,2,4,-0.4063,-0.1057,0.4198,NO
capture_0020.pgm,29,1064,219,24,22,24,0.2347,24.0,0.2347,387,1.000,1.000,2,10,-0.4045,-0.1016,0.4170,NO
capture_0020.pgm,30,44,222,24,22,24,0.2347,24.0,0.2347,397,1.000,1.000,2,0,-0.3749,-0.0791,0.3831,NO
capture_0020.pgm,31,658,223,21,22,22,0.2152,22.0,0.2152,338,1.000,1.000,2,6,-0.3731,-0.0652,0.3787,NO
capture_0020.pgm,32,856,223,23,21,23,0.2249,23.0,0.2249,359,1.000,1.000,2,8,-0.4377,-0.0639,0.4423,NO
capture_0020.pgm,33,1266,223,24,22,24,0.2347,24.0,0.2347,387,1.000,1.000,2,12,-0.4300,-0.0611,0.4343,NO
capture_0020.pgm,34,1165,260,22,22,22,0.2152,22.0,0.2152,346,1.000,1.000,3,11,-0.4175,-0.1335,0.4384,NO
capture_0020.pgm,35,146,261,23,23,23,0.2249,23.0,0.2249,390,1.000,1.000,3,1,-0.3781,-0.1306,0.4000,NO
capture_0020.pgm,36,555,262,22,24,24,0.2347,24.0,0.2347,390,1.000,1.000,3,5,-0.3802,-0.1181,0.3981,NO
capture_0020.pgm,37,762,263,22,23,23,0.2249,23.0,0.2249,382,1.000,1.000,3,7,-0.3568,-0.1069,0.3725,NO
capture_0020.pgm,38,350,264,23,23,23,0.2249,23.0,0.2249,384,1.000,1.000,3,3,-0.3840,-0.0999,0.3968,NO
capture_0020.pgm,39,962,268,22,22,22,0.2152,22.0,0.2152,353,1.000,1.000,3,9,-0.4018,-0.0567,0.4058,NO
capture_0020.pgm,40,1065,307,23,24,24,0.2347,24.0,0.2347,407,1.000,1.000,3,10,-0.3953,-0.0918,0.4058,NO
capture_0020.pgm,41,1266,306,23,23,23,0.2249,23.0,0.2249,388,1.000,1.000,3,12,-0.4306,-0.1002,0.4421,NO
capture_0020.pgm,42,247,308,24,24,24,0.2347,24.0,0.2347,427,1.000,1.000,3,2,-0.3911,-0.0875,0.4008,NO
capture_0020.pgm,43,660,309,23,23,23,0.2249,23.0,0.2249,377,1.000,1.000,3,6,-0.3541,-0.0750,0.3620,NO
capture_0020.pgm,44,859,309,25,24,25,0.2445,25.0,0.2445,436,1.000,1.000,3,8,-0.4089,-0.0736,0.4155,NO
capture_0020.pgm,45,52,310,26,22,26,0.2543,26.0,0.2543,441,1.000,1.000,3,0,-0.2972,-0.0694,0.3052,NO
capture_0020.pgm,46,457,317,25,25,25,0.2445,25.0,0.2445,449,1.000,1.000,3,4,-0.3384,0.0019,0.3384,NO
capture_0020.pgm,47,1167,347,22,23,23,0.2249,23.0,0.2249,375,1.000,1.000,4,11,-0.3985,-0.1335,0.4203,NO
capture_0020.pgm,48,350,350,24,24,24,0.2347,24.0,0.2347,419,1.000,1.000,4,3,-0.3846,-0.1097,0.4000,NO
capture_0020.pgm,49,963,350,22,24,24,0.2347,24.0,0.2347,397,1.000,1.000,4,9,-0.3926,-0.1055,0.4066,NO
capture_0020.pgm,50,758,352,23,23,23,0.2249,23.0,0.2249,377,1.000,1.000,4,7,-0.3965,-0.0874,0.4060,NO
capture_0020.pgm,51,145,356,24,25,25,0.2445,25.0,0.2445,447,1.000,1.000,4,1,-0.3885,-0.0524,0.3920,NO
capture_0020.pgm,52,551,355,23,23,23,0.2249,23.0,0.2249,398,1.000,1.000,4,5,-0.4199,-0.0594,0.4241,NO
capture_0020.pgm,53,858,391,23,23,23,0.2249,23.0,0.2249,398,1.000,1.000,4,8,-0.4193,-0.1225,0.4368,NO
capture_0020.pgm,54,1066,392,21,22,22,0.2152,22.0,0.2152,338,1.000,1.000,4,10,-0.3861,-0.1114,0.4018,NO
capture_0020.pgm,55,662,395,22,23,23,0.2249,23.0,0.2249,375,1.000,1.000,4,6,-0.3351,-0.0848,0.3457,NO
capture_0020.pgm,56,247,396,23,23,23,0.2249,23.0,0.2249,398,1.000,1.000,4,2,-0.3917,-0.0778,0.3994,NO
capture_0020.pgm,57,47,397,22,21,22,0.2152,22.0,0.2152,338,1.000,1.000,4,0,-0.3467,-0.0694,0.3536,NO
capture_0020.pgm,58,454,402,25,25,25,0.2445,25.0,0.2445,454,1.000,1.000,4,4,-0.3683,-0.0177,0.3687,NO
capture_0020.pgm,59,961,435,22,23,23,0.2249,23.0,0.2249,368,1.000,1.000,5,9,-0.4128,-0.1251,0.4313,NO
capture_0020.pgm,60,1168,434,21,21,21,0.2054,21.0,0.2054,317,1.000,1.000,5,11,-0.3894,-0.1335,0.4116,NO
capture_0020.pgm,61,554,436,23,22,23,0.2249,23.0,0.2249,368,1.000,1.000,5,5,-0.3911,-0.1181,0.4086,NO
capture_0020.pgm,62,144,438,23,24,24,0.2347,24.0,0.2347,406,1.000,1.000,5,1,-0.3988,-0.1013,0.4115,NO
capture_0020.pgm,63,352,440,25,24,25,0.2445,25.0,0.2445,444,1.000,1.000,5,3,-0.3657,-0.0803,0.3744,NO
capture_0020.pgm,64,761,440,23,23,23,0.2249,23.0,0.2249,398,1.000,1.000,5,7,-0.3677,-0.0776,0.3758,NO
capture_0020.pgm,65,1060,473,24,23,24,0.2347,24.0,0.2347,398,1.000,1.000,5,10,-0.4454,-0.1701,0.4767,NO
capture_0020.pgm,66,651,481,24,22,24,0.2347,24.0,0.2347,387,1.000,1.000,5,6,-0.4433,-0.0946,0.4533,NO
capture_0020.pgm,67,856,481,25,22,25,0.2445,25.0,0.2445,407,1.000,1.000,5,8,-0.4394,-0.0932,0.4492,NO
capture_0020.pgm,68,454,483,22,22,22,0.2152,22.0,0.2152,353,1.000,1.000,5,4,-0.3689,-0.0764,0.3767,NO
capture_0020.pgm,69,247,485,23,23,23,0.2249,23.0,0.2249,398,1.000,1.000,5,2,-0.3923,-0.0582,0.3966,NO
capture_0020.pgm,70,47,485,23,22,23,0.2249,23.0,0.2249,368,1.000,1.000,5,0,-0.3473,-0.0596,0.3523,NO
capture_0020.pgm,71,1166,521,25,23,25,0.2445,25.0,0.2445,426,1.000,1.000,6,11,-0.4095,-0.1335,0.4307,NO
capture_0020.pgm,72,351,526,23,26,26,0.2543,26.0,0.2543,442,1.000,1.000,6,3,-0.3760,-0.0901,0.3867,NO
capture_0020.pgm,73,552,525,25,24,25,0.2445,25.0,0.2445,444,1.000,1.000,6,5,-0.4113,-0.0985,0.4229,NO
capture_0020.pgm,74,961,524,23,22,23,0.2249,23.0,0.2249,375,1.000,1.000,6,9,-0.4134,-0.1055,0.4266,NO
capture_0020.pgm,75,146,530,25,23,25,0.2445,25.0,0.2445,432,1.000,1.000,6,1,-0.3799,-0.0524,0.3835,NO
capture_0020.pgm,76,761,530,23,24,24,0.2347,24.0,0.2347,414,1.000,1.000,6,7,-0.3683,-0.0482,0.3715,NO
capture_0020.pgm,77,659,566,24,24,24,0.2347,24.0,0.2347,423,1.000,1.000,6,6,-0.3656,-0.1141,0.3830,NO
capture_0020.pgm,78,863,569,22,23,23,0.2249,23.0,0.2249,368,1.000,1.000,6,8,-0.3716,-0.0834,0.3808,NO
capture_0020.pgm,79,52,569,24,23,24,0.2347,24.0,0.2347,414,1.000,1.000,6,0,-0.2990,-0.0889,0.3119,NO
capture_0020.pgm,80,249,570,24,23,24,0.2347,24.0,0.2347,406,1.000,1.000,6,2,-0.3733,-0.0778,0.3814,NO
capture_0020.pgm,81,453,570,22,21,22,0.2152,22.0,0.2152,338,1.000,1.000,6,4,-0.3793,-0.0764,0.3869,NO
capture_0020.pgm,82,1059,571,22,22,22,0.2152,22.0,0.2152,353,1.000,1.000,6,10,-0.4557,-0.0625,0.4600,NO
capture_0020.pgm,83,963,608,25,24,25,0.2445,25.0,0.2445,434,1.000,1.000,7,9,-0.3944,-0.1349,0.4168,NO
capture_0020.pgm,84,1168,609,21,23,23,0.2249,23.0,0.2249,359,1.000,1.000,7,11,-0.3905,-0.1237,0.4097,NO
capture_0020.pgm,85,552,611,22,24,24,0.2347,24.0,0.2347,387,1.000,1.000,7,5,-0.4119,-0.1083,0.4259,NO
capture_0020.pgm,86,145,613,25,24,25,0.2445,25.0,0.2445,454,1.000,1.000,7,1,-0.3902,-0.0915,0.4008,NO
capture_0020.pgm,87,759,614,24,23,24,0.2347,24.0,0.2347,414,1.000,1.000,7,7,-0.3885,-0.0776,0.3961,NO
capture_0020.pgm,88,353,616,22,23,23,0.2249,23.0,0.2249,368,1.000,1.000,7,3,-0.3570,-0.0608,0.3622,NO
capture_0020.pgm,89,249,654,25,23,25,0.2445,25.0,0.2445,436,1.000,1.000,7,2,-0.3739,-0.1071,0.3890,NO
capture_0020.pgm,90,1064,654,22,22,22,0.2152,22.0,0.2152,353,1.000,1.000,7,10,-0.4074,-0.1016,0.4199,NO
capture_0020.pgm,91,51,656,22,23,23,0.2249,23.0,0.2249,375,1.000,1.000,7,0,-0.3093,-0.0889,0.3218,NO
capture_0020.pgm,92,453,656,23,23,23,0.2249,23.0,0.2249,380,1.000,1.000,7,4,-0.3799,-0.0862,0.3895,NO
capture_0020.pgm,93,859,657,23,22,23,0.2249,23.0,0.2249,382,1.000,1.000,7,8,-0.4113,-0.0736,0.4178,NO
capture_0020.pgm,94,656,660,22,24,24,0.2347,24.0,0.2347,390,1.000,1.000,7,6,-0.3956,-0.0457,0.3982,NO
capture_0020.pgm,95,1167,695,25,24,25,0.2445,25.0,0.2445,425,1.000,1.000,8,11,-0.4009,-0.1335,0.4225,NO
capture_0020.pgm,96,756,697,22,23,23,0.2249,23.0,0.2249,382,1.000,1.000,8,7,-0.4184,-0.1167,0.4343,NO
capture_0020.pgm,97,557,699,23,26,26,0.2543,26.0,0.2543,454,1.000,1.000,8,5,-0.3636,-0.0985,0.3767,NO
capture_0020.pgm,98,146,698,23,22,23,0.2249,23.0,0.2249,368,1.000,1.000,8,1,-0.3810,-0.1110,0.3969,NO
capture_0020.pgm,99,354,700,24,23,24,0.2347,24.0,0.2347,404,1.000,1.000,8,3,-0.3478,-0.0901,0.3593,NO
capture_0020.pgm,100,965,701,23,24,24,0.2347,24.0,0.2347,418,1.000,1.000,8,9,-0.3754,-0.0762,0.3831,NO
capture_0020.pgm,101,1266,741,23,24,24,0.2347,24.0,0.2347,421,1.000,1.000,8,12,-0.4335,-0.1002,0.4449,NO
capture_0020.pgm,102,50,742,23,23,23,0.2249,23.0,0.2249,391,1.000,1.000,8,0,-0.3197,-0.0987,0.3346,NO
capture_0020.pgm,103,247,742,23,22,23,0.2249,23.0,0.2249,368,1.000,1.000,8,2,-0.3941,-0.0973,0.4059,NO
capture_0020.pgm,104,1064,742,22,21,22,0.2152,22.0,0.2152,338,1.000,1.000,8,10,-0.4080,-0.0918,0.4182,NO
capture_0020.pgm,105,454,744,22,22,22,0.2152,22.0,0.2152,353,1.000,1.000,8,4,-0.3707,-0.0764,0.3784,NO
capture_0020.pgm,106,660,745,24,25,25,0.2445,25.0,0.2445,455,1.000,1.000,8,6,-0.3570,-0.0652,0.3629,NO
capture_0020.pgm,107,861,749,24,24,24,0.2347,24.0,0.2347,445,1.000,1.000,8,8,-0.3923,-0.0247,0.3931,NO
capture_0020.pgm,108,148,784,23,26,26,0.2543,26.0,0.2543,441,1.000,1.000,9,1,-0.3621,-0.1208,0.3817,NO
capture_0020.pgm,109,1168,782,21,22,22,0.2152,22.0,0.2152,338,1.000,1.000,9,11,-0.3917,-0.1335,0.4138,NO
capture_0020.pgm,110,760,787,23,25,25,0.2445,25.0,0.2445,430,1.000,1.000,9,7,-0.3798,-0.0874,0.3898,NO
capture_0020.pgm,111,354,788,22,23,23,0.2249,23.0,0.2249,375,1.000,1.000,9,3,-0.3484,-0.0803,0.3576,NO
capture_0020.pgm,112,962,789,23,23,23,0.2249,23.0,0.2249,398,1.000,1.000,9,9,-0.4053,-0.0664,0.4107,NO
capture_0020.pgm,113,555,791,22,22,22,0.2152,22.0,0.2152,353,1.000,1.000,9,5,-0.3837,-0.0496,0.3869,NO
capture_0020.pgm,114,657,824,25,23,25,0.2445,25.0,0.2445,415,1.000,1.000,9,6,-0.3869,-0.1435,0.4127,NO
capture_0020.pgm,115,251,826,22,23,23,0.2249,23.0,0.2249,375,1.000,1.000,9,2,-0.3555,-0.1267,0.3774,NO
capture_0020.pgm,116,860,827,22,23,23,0.2249,23.0,0.2249,375,1.000,1.000,9,8,-0.4027,-0.1128,0.4181,NO
capture_0020.pgm,117,454,830,22,23,23,0.2249,23.0,0.2249,368,1.000,1.000,9,4,-0.3712,-0.0862,0.3811,NO
capture_0020.pgm,118,1065,830,23,24,24,0.2347,24.0,0.2347,403,1.000,1.000,9,10,-0.3988,-0.0820,0.4071,NO
capture_0020.pgm,119,47,832,24,25,25,0.2445,25.0,0.2445,440,1.000,1.000,9,0,-0.3496,-0.0694,0.3564,NO
capture_0020.pgm,120,556,869,24,27,27,0.2641,27.0,0.2641,481,1.000,1.000,10,5,-0.3745,-0.1376,0.3990,NO
capture_0020.pgm,121,761,872,24,25,25,0.2445,25.0,0.2445,442,1.000,1.000,10,7,-0.3706,-0.1069,0.3858,NO
capture_0020.pgm,122,1169,870,22,22,22,0.2152,22.0,0.2152,353,1.000,1.000,10,11,-0.3825,-0.1237,0.4020,NO
capture_0020.pgm,123,149,873,22,23,23,0.2249,23.0,0.2249,375,1.000,1.000,10,1,-0.3529,-0.1013,0.3671,NO
capture_0020.pgm,124,354,878,22,25,25,0.2445,25.0,0.2445,412,1.000,1.000,10,3,-0.3490,-0.0510,0.3527,NO
capture_0020.pgm,125,965,878,21,22,22,0.2152,22.0,0.2152,338,1.000,1.000,10,9,-0.3766,-0.0469,0.3795,NO
capture_0020.pgm,126,657,914,23,23,23,0.2249,23.0,0.2249,398,1.000,1.000,10,6,-0.3875,-0.1141,0.4040,NO
capture_0020.pgm,127,1065,915,22,22,22,0.2152,22.0,0.2152,360,1.000,1.000,10,10,-0.3994,-0.1016,0.4121,NO
capture_0020.pgm,128,248,916,22,22,22,0.2152,22.0,0.2152,353,1.000,1.000,10,2,-0.3855,-0.0973,0.3976,NO
capture_0020.pgm,129,46,918,23,22,23,0.2249,23.0,0.2249,368,1.000,1.000,10,0,-0.3600,-0.0791,0.3686,NO
capture_0020.pgm,130,454,920,22,23,23,0.2249,23.0,0.2249,368,1.000,1.000,10,4,-0.3718,-0.0568,0.3761,NO
capture_0020.pgm,131,867,921,21,21,21,0.2054,21.0,0.2054,317,1.000,1.000,10,8,-0.3348,-0.0443,0.3377,NO
capture_0020.pgm,132,349,958,22,25,25,0.2445,25.0,0.2445,409,1.000,1.000,11,3,-0.3985,-0.1195,0.4160,NO
capture_0020.pgm,133,554,958,23,24,24,0.2347,24.0,0.2347,413,1.000,1.000,11,5,-0.3946,-0.1181,0.4119,NO
capture_0020.pgm,134,148,960,23,23,23,0.2249,23.0,0.2249,384,1.000,1.000,11,1,-0.3632,-0.1013,0.3771,NO
capture_0020.pgm,135,960,960,23,22,23,0.2249,23.0,0.2249,382,1.000,1.000,11,9,-0.4261,-0.0958,0.4367,NO
capture_0020.pgm,136,758,962,24,24,24,0.2347,24.0,0.2347,435,1.000,1.000,11,7,-0.4006,-0.0776,0.4080,NO
capture_0020.pgm,137,1168,962,22,24,24,0.2347,24.0,0.2347,397,1.000,1.000,11,11,-0.3929,-0.0748,0.3999,NO
capture_0020.pgm,138,658,999,22,22,22,0.2152,22.0,0.2152,360,1.000,1.000,11,6,-0.3783,-0.1337,0.4013,NO
capture_0020.pgm,139,861,1001,21,23,23,0.2249,23.0,0.2249,359,1.000,1.000,11,8,-0.3940,-0.1128,0.4099,NO
capture_0020.pgm,140,248,1001,23,22,23,0.2249,23.0,0.2249,375,1.000,1.000,11,2,-0.3860,-0.1169,0.4033,NO
capture_0020.pgm,141,1065,1002,22,22,22,0.2152,22.0,0.2152,353,1.000,1.000,11,10,-0.4000,-0.1016,0.4127,NO
capture_0020.pgm,142,455,1007,23,23,23,0.2249,23.0,0.2249,388,1.000,1.000,11,4,-0.3626,-0.0568,0.3671,NO
capture_0020.pgm,143,48,1009,24,25,25,0.2445,25.0,0.2445,451,1.000,1.000,11,0,-0.3410,-0.0400,0.3433,NO
capture_0020.pgm,SUMMARY,,,,,,,,,,,,,,,,,
capture_0020.pgm,Count,143,,,,,,,,,,,,,,,
capture_0020.pgm,Missed,0,,,,,,,,,,,,,,,
capture_0020.pgm,Mean,,,,,,,,0.2305,,,,,,,,
capture_0020.pgm,Median,,,,,,,,0.2249,,,,,,,,
capture_0020.pgm,StdDev,,,,,,,,0.0117,,,,,,,,
capture_0020.pgm,Min,,,,,,,,0.2054,,,,,,,,
capture_0020.pgm,Max,,,,,,,,0.2641,,,,,,,,
capture_0021.pgm,1,246,29,24,23,24,0.2347,24.0,0.2347,411,1.000,1.000,0,2,-0.3992,-0.2636,0.4783,NO
capture_0021.pgm,2,860,31,26,25,26,0.2543,26.0,0.2543,467,1.000,1.000,0,8,-0.3974,-0.2399,0.4642,NO
capture_0021.pgm,3,652,32,23,24,24,0.2347,24.0,0.2347,414,1.000,1.000,0,6,-0.4306,-0.2315,0.4889,NO
capture_0021.pgm,4,1066,33,24,26,26,0.2543,26.0,0.2543,450,1.000,1.000,0,10,-0.3838,-0.2190,0.4418,NO
capture_0021.pgm,5,46,32,25,23,25,0.2445,25.0,0.2445,437,1.000,1.000,0,0,-0.3541,-0.2356,0.4253,NO
capture_0021.pgm,6,454,37,23,24,24,0.2347,24.0,0.2347,414,1.000,1.000,0,4,-0.3660,-0.1840,0.4096,NO
capture_0021.pgm,7,346,72,25,23,25,0.2445,25.0,0.2445,419,1.000,1.000,1,3,-0.4220,-0.2759,0.5042,NO
capture_0021.pgm,8,757,71,23,22,23,0.2249,23.0,0.2249,368,1.000,1.000,1,7,-0.4045,-0.2830,0.4937,NO
capture_0021.pgm,9,144,75,24,24,24,0.2347,24.0,0.2347,416,1.000,1.000,1,1,-0.3965,-0.2480,0.4677,NO
capture_0021.pgm,10,964,75,22,24,24,0.2347,24.0,0.2347,390,1.000,1.000,1,9,-0.3811,-0.2425,0.4517,NO
capture_0021.pgm,11,551,77,22,23,23,0.2249,23.0,0.2249,382,1.000,1.000,1,5,-0.4181,-0.2257,0.4751,NO
capture_0021.pgm,12,1166,76,21,22,22,0.2152,22.0,0.2152,338,1.000,1.000,1,11,-0.4066,-0.2313,0.4678,NO
capture_0021.pgm,13,659,116,23,23,23,0.2249,23.0,0.2249,398,1.000,1.000,1,6,-0.3627,-0.2608,0.4468,NO
capture_0021.pgm,14,45,117,24,24,24,0.2347,24.0,0.2347,425,1.000,1.000,1,0,-0.3645,-0.2552,0.4449,NO
capture_0021.pgm,15,1073,116,23,23,23,0.2249,23.0,0.2249,391,1.000,1.000,1,10,-0.3159,-0.2581,0.4079,NO
capture_0021.pgm,16,864,118,24,22,24,0.2347,24.0,0.2347,387,1.000,1.000,1,8,-0.3589,-0.2399,0.4317,NO
capture_0021.pgm,17,250,121,24,25,25,0.2445,25.0,0.2445,434,1.000,1.000,1,2,-0.3606,-0.2147,0.4197,NO
capture_0021.pgm,18,453,122,24,23,24,0.2347,24.0,0.2347,411,1.000,1.000,1,4,-0.3763,-0.2035,0.4279,NO
capture_0021.pgm,19,1165,161,23,23,23,0.2249,23.0,0.2249,383,1.000,1.000,2,11,-0.4169,-0.2509,0.4866,NO
capture_0021.pgm,20,349,161,25,22,25,0.2445,25.0,0.2445,412,1.000,1.000,2,3,-0.3932,-0.2564,0.4694,NO
capture_0021.pgm,21,759,163,23,26,26,0.2543,26.0,0.2543,443,1.000,1.000,2,7,-0.3855,-0.2341,0.4510,NO
capture_0021.pgm,22,959,162,23,22,23,0.2249,23.0,0.2249,368,1.000,1.000,2,9,-0.4306,-0.2425,0.4942,NO
capture_0021.pgm,23,146,166,25,22,25,0.2445,25.0,0.2445,416,1.000,1.000,2,1,-0.3775,-0.2088,0.4314,NO
capture_0021.pgm,24,559,167,23,23,23,0.2249,23.0,0.2249,377,1.000,1.000,2,5,-0.3405,-0.1963,0.3930,NO
capture_0021.pgm,25,452,203,21,22,22,0.2152,22.0,0.2152,338,1.000,1.000,2,4,-0.3867,-0.2622,0.4672,NO
capture_0021.pgm,26,248,205,24,23,24,0.2347,24.0,0.2347,414,1.000,1.000,2,2,-0.3808,-0.2440,0.4523,NO
capture_0021.pgm,27,48,205,25,23,25,0.2445,25.0,0.2445,427,1.000,1.000,2,0,-0.3357,-0.2454,0.4159,NO
capture_0021.pgm,28,863,205,23,22,23,0.2249,23.0,0.2249,368,1.000,1.000,2,8,-0.3692,-0.2399,0.4403,NO
capture_0021.pgm,29,1070,205,21,21,21,0.2054,21.0,0.2054,317,1.000,1.000,2,10,-0.3458,-0.2385,0.4201,NO
capture_0021.pgm,30,656,209,26,22,26,0.2543,26.0,0.2543,434,1.000,1.000,2,6,-0.3926,-0.2021,0.4416,NO
capture_0021.pgm,31,552,243,22,22,22,0.2152,22.0,0.2152,346,1.000,1.000,3,5,-0.4095,-0.3039,0.5100,NO
capture_0021.pgm,32,757,247,22,24,24,0.2347,24.0,0.2347,390,1.000,1.000,3,7,-0.4057,-0.2634,0.4837,NO
capture_0021.pgm,33,145,248,23,23,23,0.2249,23.0,0.2249,398,1.000,1.000,3,1,-0.3879,-0.2577,0.4657,NO
capture_0021.pgm,34,1165,250,24,24,24,0.2347,24.0,0.2347,422,1.000,1.000,3,11,-0.4175,-0.2313,0.4773,NO
capture_0021.pgm,35,351,251,22,23,23,0.2249,23.0,0.2249,368,1.000,1.000,3,3,-0.3743,-0.2270,0.4377,NO
capture_0021.pgm,36,961,252,24,24,24,0.2347,24.0,0.2347,424,1.000,1.000,3,9,-0.4116,-0.2131,0.4635,NO
capture_0021.pgm,37,453,289,23,23,23,0.2249,23.0,0.2249,384,1.000,1.000,3,4,-0.3775,-0.2720,0.4653,NO
capture_0021.pgm,38,657,289,22,22,22,0.2152,22.0,0.2152,353,1.000,1.000,3,6,-0.3834,-0.2706,0.4693,NO
capture_0021.pgm,39,46,290,23,22,23,0.2249,23.0,0.2249,375,1.000,1.000,3,0,-0.3559,-0.2650,0.4437,NO
capture_0021.pgm,40,1068,290,23,22,23,0.2249,23.0,0.2249,375,1.000,1.000,3,10,-0.3659,-0.2581,0.4478,NO
capture_0021.pgm,41,861,292,23,22,23,0.2249,23.0,0.2249,375,1.000,1.000,3,8,-0.3894,-0.2399,0.4573,NO
capture_0021.pgm,42,247,297,26,23,26,0.2543,26.0,0.2543,439,1.000,1.000,3,2,-0.3911,-0.1951,0.4371,NO
capture_0021.pgm,43,553,333,22,23,23,0.2249,23.0,0.2249,382,1.000,1.000,4,5,-0.4003,-0.2746,0.4854,NO
capture_0021.pgm,44,1164,332,24,22,24,0.2347,24.0,0.2347,390,1.000,1.000,4,11,-0.4279,-0.2802,0.5115,NO
capture_0021.pgm,45,761,334,22,24,24,0.2347,24.0,0.2347,390,1.000,1.000,4,7,-0.3671,-0.2634,0.4519,NO
capture_0021.pgm,46,966,333,21,21,21,0.2054,21.0,0.2054,317,1.000,1.000,4,9,-0.3633,-0.2718,0.4537,NO
capture_0021.pgm,47,145,338,23,23,23,0.2249,23.0,0.2249,388,1.000,1.000,4,1,-0.3885,-0.2284,0.4507,NO
capture_0021.pgm,48,350,338,24,22,24,0.2347,24.0,0.2347,390,1.000,1.000,4,3,-0.3846,-0.2270,0.4466,NO
capture_0021.pgm,49,656,377,22,23,23,0.2249,23.0,0.2249,368,1.000,1.000,4,6,-0.3938,-0.2608,0.4723,NO
capture_0021.pgm,50,248,378,24,23,24,0.2347,24.0,0.2347,414,1.000,1.000,4,2,-0.3820,-0.2538,0.4586,NO
capture_0021.pgm,51,860,377,23,22,23,0.2249,23.0,0.2249,375,1.000,1.000,4,8,-0.3997,-0.2595,0.4765,NO
capture_0021.pgm,52,1068,379,23,23,23,0.2249,23.0,0.2249,384,1.000,1.000,4,10,-0.3665,-0.2385,0.4373,NO
capture_0021.pgm,53,458,382,23,24,24,0.2347,24.0,0.2347,407,1.000,1.000,4,4,-0.3292,-0.2133,0.3923,NO
capture_0021.pgm,54,49,386,22,23,23,0.2249,23.0,0.2249,375,1.000,1.000,4,0,-0.3271,-0.1769,0.3719,NO
capture_0021.pgm,55,551,419,23,23,23,0.2249,23.0,0.2249,390,1.000,1.000,5,5,-0.4205,-0.2843,0.5076,NO
capture_0021.pgm,56,760,420,22,23,23,0.2249,23.0,0.2249,375,1.000,1.000,5,7,-0.3775,-0.2732,0.4660,NO
capture_0021.pgm,57,149,420,23,22,23,0.2249,23.0,0.2249,375,1.000,1.000,5,1,-0.3499,-0.2773,0.4465,NO
capture_0021.pgm,58,1168,421,22,22,22,0.2152,22.0,0.2152,360,1.000,1.000,5,11,-0.3894,-0.2607,0.4685,NO
capture_0021.pgm,59,961,422,22,23,23,0.2249,23.0,0.2249,375,1.000,1.000,5,9,-0.4128,-0.2522,0.4837,NO
capture_0021.pgm,60,353,425,25,24,25,0.2445,25.0,0.2445,444,1.000,1.000,5,3,-0.3559,-0.2270,0.4221,NO
capture_0021.pgm,61,655,463,23,23,23,0.2249,23.0,0.2249,384,1.000,1.000,5,6,-0.4042,-0.2706,0.4864,NO
capture_0021.pgm,62,247,464,24,22,24,0.2347,24.0,0.2347,397,1.000,1.000,5,2,-0.3923,-0.2636,0.4726,NO
capture_0021.pgm,63,859,464,22,22,22,0.2152,22.0,0.2152,353,1.000,1.000,5,8,-0.4101,-0.2595,0.4853,NO
capture_0021.pgm,64,1067,466,22,23,23,0.2249,23.0,0.2249,382,1.000,1.000,5,10,-0.3769,-0.2385,0.4460,NO
capture_0021.pgm,65,45,467,24,24,24,0.2347,24.0,0.2347,431,1.000,1.000,5,0,-0.3668,-0.2356,0.4360,NO
capture_0021.pgm,66,456,467,21,22,22,0.2152,22.0,0.2152,338,1.000,1.000,5,4,-0.3493,-0.2329,0.4198,NO
capture_0021.pgm,67,349,504,23,24,24,0.2347,24.0,0.2347,403,1.000,1.000,6,3,-0.3956,-0.3053,0.4997,NO
capture_0021.pgm,68,148,507,21,21,21,0.2054,21.0,0.2054,317,1.000,1.000,6,1,-0.3603,-0.2773,0.4547,NO
capture_0021.pgm,69,960,508,23,24,24,0.2347,24.0,0.2347,411,1.000,1.000,6,9,-0.4231,-0.2620,0.4977,NO
capture_0021.pgm,70,761,510,24,23,24,0.2347,24.0,0.2347,406,1.000,1.000,6,7,-0.3683,-0.2438,0.4417,NO
capture_0021.pgm,71,1167,509,23,22,23,0.2249,23.0,0.2249,375,1.000,1.000,6,11,-0.3997,-0.2509,0.4719,NO
capture_0021.pgm,72,554,512,24,23,24,0.2347,24.0,0.2347,414,1.000,1.000,6,5,-0.3917,-0.2257,0.4521,NO
capture_0021.pgm,73,860,551,22,23,23,0.2249,23.0,0.2249,375,1.000,1.000,6,8,-0.4009,-0.2595,0.4775,NO
capture_0021.pgm,74,1067,550,21,21,21,0.2054,21.0,0.2054,317,1.000,1.000,6,10,-0.3775,-0.2679,0.4629,NO
capture_0021.pgm,75,247,551,24,22,24,0.2347,24.0,0.2347,390,1.000,1.000,6,2,-0.3929,-0.2636,0.4731,NO
capture_0021.pgm,76,658,554,23,23,23,0.2249,23.0,0.2249,384,1.000,1.000,6,6,-0.3754,-0.2315,0.4410,NO
capture_0021.pgm,77,455,554,22,22,22,0.2152,22.0,0.2152,353,1.000,1.000,6,4,-0.3597,-0.2329,0.4285,NO
capture_0021.pgm,78,48,558,23,22,23,0.2249,23.0,0.2249,382,1.000,1.000,6,0,-0.3381,-0.1965,0.3910,NO
capture_0021.pgm,79,350,594,23,24,24,0.2347,24.0,0.2347,413,1.000,1.000,7,3,-0.3864,-0.2759,0.4748,NO
capture_0021.pgm,80,963,593,23,23,23,0.2249,23.0,0.2249,384,1.000,1.000,7,9,-0.3944,-0.2816,0.4846,NO
capture_0021.pgm,81,1167,594,22,23,23,0.2249,23.0,0.2249,368,1.000,1.000,7,11,-0.4003,-0.2704,0.4831,NO
capture_0021.pgm,82,762,595,22,23,23,0.2249,23.0,0.2249,382,1.000,1.000,7,7,-0.3591,-0.2634,0.4454,NO
capture_0021.pgm,83,154,597,25,24,25,0.2445,25.0,0.2445,455,1.000,1.000,7,1,-0.3022,-0.2480,0.3909,NO
capture_0021.pgm,84,559,599,24,25,25,0.2445,25.0,0.2445,442,1.000,1.000,7,5,-0.3434,-0.2257,0.4109,NO
capture_0021.pgm,85,859,635,24,24,24,0.2347,24.0,0.2347,412,1.000,1.000,7,8,-0.4113,-0.2888,0.5025,NO
capture_0021.pgm,86,1065,635,23,23,23,0.2249,23.0,0.2249,405,1.000,1.000,7,10,-0.3976,-0.2874,0.4906,NO
capture_0021.pgm,87,248,638,25,23,25,0.2445,25.0,0.2445,451,1.000,1.000,7,2,-0.3837,-0.2636,0.4655,NO
capture_0021.pgm,88,454,640,22,22,22,0.2152,22.0,0.2152,353,1.000,1.000,7,4,-0.3701,-0.2426,0.4425,NO
capture_0021.pgm,89,658,641,22,23,23,0.2249,23.0,0.2249,375,1.000,1.000,7,6,-0.3760,-0.2315,0.4415,NO
capture_0021.pgm,90,46,642,25,23,25,0.2445,25.0,0.2445,437,1.000,1.000,7,0,-0.3582,-0.2258,0.4235,NO
capture_0021.pgm,91,1169,678,23,23,23,0.2249,23.0,0.2249,381,1.000,1.000,8,11,-0.3813,-0.2998,0.4851,NO
capture_0021.pgm,92,760,680,22,23,23,0.2249,23.0,0.2249,372,1.000,1.000,8,7,-0.3793,-0.2830,0.4732,NO
capture_0021.pgm,93,146,681,25,23,25,0.2445,25.0,0.2445,426,1.000,1.000,8,1,-0.3810,-0.2773,0.4713,NO
capture_0021.pgm,94,350,682,22,24,24,0.2347,24.0,0.2347,390,1.000,1.000,8,3,-0.3870,-0.2662,0.4697,NO
capture_0021.pgm,95,559,688,23,24,24,0.2347,24.0,0.2347,414,1.000,1.000,8,5,-0.3440,-0.2061,0.4010,NO
capture_0021.pgm,96,957,688,24,22,24,0.2347,24.0,0.2347,394,1.000,1.000,8,9,-0.4536,-0.2033,0.4971,NO
capture_0021.pgm,97,452,723,23,22,23,0.2249,23.0,0.2249,368,1.000,1.000,8,4,-0.3902,-0.2818,0.4813,NO
capture_0021.pgm,98,1064,723,22,22,22,0.2152,22.0,0.2152,360,1.000,1.000,8,10,-0.4080,-0.2776,0.4935,NO
capture_0021.pgm,99,46,725,23,23,23,0.2249,23.0,0.2249,398,1.000,1.000,8,0,-0.3588,-0.2650,0.4460,NO
capture_0021.pgm,100,660,726,23,23,23,0.2249,23.0,0.2249,377,1.000,1.000,8,6,-0.3570,-0.2510,0.4364,NO
capture_0021.pgm,101,863,726,23,24,24,0.2347,24.0,0.2347,421,1.000,1.000,8,8,-0.3727,-0.2497,0.4486,NO
capture_0021.pgm,102,249,726,24,23,24,0.2347,24.0,0.2347,409,1.000,1.000,8,2,-0.3745,-0.2538,0.4524,NO
capture_0021.pgm,103,349,765,23,24,24,0.2347,24.0,0.2347,410,1.000,1.000,9,3,-0.3973,-0.3053,0.5011,NO
capture_0021.pgm,104,148,769,23,24,24,0.2347,24.0,0.2347,421,1.000,1.000,9,1,-0.3621,-0.2675,0.4502,NO
capture_0021.pgm,105,759,768,22,21,22,0.2152,22.0,0.2152,338,1.000,1.000,9,7,-0.3896,-0.2732,0.4758,NO
capture_0021.pgm,106,962,769,22,23,23,0.2249,23.0,0.2249,368,1.000,1.000,9,9,-0.4053,-0.2620,0.4826,NO
capture_0021.pgm,107,1168,769,23,22,23,0.2249,23.0,0.2249,382,1.000,1.000,9,11,-0.3917,-0.2607,0.4705,NO
capture_0021.pgm,108,560,775,22,23,23,0.2249,23.0,0.2249,382,1.000,1.000,9,5,-0.3348,-0.2061,0.3931,NO
capture_0021.pgm,109,1061,809,25,23,25,0.2445,25.0,0.2445,430,1.000,1.000,9,10,-0.4379,-0.2874,0.5238,NO
capture_0021.pgm,110,250,811,23,23,23,0.2249,23.0,0.2249,398,1.000,1.000,9,2,-0.3653,-0.2734,0.4563,NO
capture_0021.pgm,111,43,811,25,23,25,0.2445,25.0,0.2445,422,1.000,1.000,9,0,-0.3887,-0.2747,0.4760,NO
capture_0021.pgm,112,454,811,22,22,22,0.2152,22.0,0.2152,353,1.000,1.000,9,4,-0.3712,-0.2720,0.4602,NO
capture_0021.pgm,113,656,812,23,24,24,0.2347,24.0,0.2347,407,1.000,1.000,9,6,-0.3967,-0.2608,0.4748,NO
capture_0021.pgm,114,861,815,23,23,23,0.2249,23.0,0.2249,384,1.000,1.000,9,8,-0.3929,-0.2301,0.4553,NO
capture_0021.pgm,115,353,852,23,23,23,0.2249,23.0,0.2249,398,1.000,1.000,10,3,-0.3588,-0.3053,0.4711,NO
capture_0021.pgm,116,1166,854,24,23,24,0.2347,24.0,0.2347,404,1.000,1.000,10,11,-0.4118,-0.2802,0.4981,NO
capture_0021.pgm,117,960,857,24,24,24,0.2347,24.0,0.2347,420,1.000,1.000,10,9,-0.4255,-0.2522,0.4946,NO
capture_0021.pgm,118,759,858,21,23,23,0.2249,23.0,0.2249,359,1.000,1.000,10,7,-0.3902,-0.2438,0.4601,NO
capture_0021.pgm,119,156,862,24,25,25,0.2445,25.0,0.2445,449,1.000,1.000,10,1,-0.2844,-0.2088,0.3529,NO
capture_0021.pgm,120,555,861,22,23,23,0.2249,23.0,0.2249,382,1.000,1.000,10,5,-0.3843,-0.2159,0.4408,NO
capture_0021.pgm,121,453,897,24,22,24,0.2347,24.0,0.2347,390,1.000,1.000,10,4,-0.3816,-0.2818,0.4744,NO
capture_0021.pgm,122,1066,898,22,23,23,0.2249,23.0,0.2249,375,1.000,1.000,10,10,-0.3896,-0.2679,0.4728,NO
capture_0021.pgm,123,861,899,22,23,23,0.2249,23.0,0.2249,375,1.000,1.000,10,8,-0.3935,-0.2595,0.4713,NO
capture_0021.pgm,124,45,901,24,24,24,0.2347,24.0,0.2347,430,1.000,1.000,10,0,-0.3698,-0.2454,0.4438,NO
capture_0021.pgm,125,247,900,24,23,24,0.2347,24.0,0.2347,406,1.000,1.000,10,2,-0.3952,-0.2538,0.4697,NO
capture_0021.pgm,126,655,901,23,23,23,0.2249,23.0,0.2249,391,1.000,1.000,10,6,-0.4071,-0.2413,0.4732,NO
capture_0021.pgm,127,352,938,23,25,25,0.2445,25.0,0.2445,431,1.000,1.000,11,3,-0.3692,-0.3151,0.4853,NO
capture_0021.pgm,128,148,942,22,24,24,0.2347,24.0,0.2347,397,1.000,1.000,11,1,-0.3632,-0.2773,0.4570,NO
capture_0021.pgm,129,762,943,21,24,24,0.2347,24.0,0.2347,380,1.000,1.000,11,7,-0.3615,-0.2634,0.4472,NO
capture_0021.pgm,130,1168,942,23,22,23,0.2249,23.0,0.2249,368,1.000,1.000,11,11,-0.3929,-0.2704,0.4769,NO
capture_0021.pgm,131,963,945,23,24,24,0.2347,24.0,0.2347,411,1.000,1.000,11,9,-0.3967,-0.2425,0.4649,NO
capture_0021.pgm,132,561,949,23,24,24,0.2347,24.0,0.2347,404,1.000,1.000,11,5,-0.3262,-0.2061,0.3858,NO
capture_0021.pgm,133,248,981,25,24,25,0.2445,25.0,0.2445,447,1.000,1.000,11,2,-0.3860,-0.3125,0.4967,NO
capture_0021.pgm,134,1067,983,23,23,23,0.2249,23.0,0.2249,384,1.000,1.000,11,10,-0.3804,-0.2874,0.4768,NO
capture_0021.pgm,135,45,984,25,23,25,0.2445,25.0,0.2445,430,1.000,1.000,11,0,-0.3703,-0.2845,0.4670,NO
capture_0021.pgm,136,451,986,24,26,26,0.2543,26.0,0.2543,457,1.000,1.000,11,4,-0.4017,-0.2622,0.4797,NO
capture_0021.pgm,137,860,986,23,24,24,0.2347,24.0,0.2347,397,1.000,1.000,11,8,-0.4038,-0.2594,0.4800,NO
capture_0021.pgm,138,656,987,24,24,24,0.2347,24.0,0.2347,424,1.000,1.000,11,6,-0.3979,-0.2510,0.4705,NO
capture_0021.pgm,SUMMARY,,,,,,,,,,,,,,,,,
capture_0021.pgm,Count,138,,,,,,,,,,,,,,,
capture_0021.pgm,Missed,0,,,,,,,,,,,,,,,
capture_0021.pgm,Mean,,,,,,,,0.2305,,,,,,,,
capture_0021.pgm,Median,,,,,,,,0.2298,,,,,,,,
capture_0021.pgm,StdDev,,,,,,,,0.0103,,,,,,,,
capture_0021.pgm,Min,,,,,,,,0.2054,,,,,,,,
capture_0021.pgm,Max,,,,,,,,0.2543,,,,,,,,
capture_0022.pgm,1,861,11,21,22,22,0.2152,22.0,0.2152,338,1.000,1.000,-1,8,-0.3870,0.4154,0.5677,NO
capture_0022.pgm,2,253,14,27,25,27,0.2641,27.0,0.2641,497,1.000,1.000,0,2,-0.3307,-0.4103,0.5270,NO
capture_0022.pgm,3,43,13,25,23,25,0.2445,25.0,0.2445,426,1.000,1.000,0,0,-0.3835,-0.4214,0.5698,NO
capture_0022.pgm,4,964,54,21,21,21,0.2054,21.0,0.2054,317,1.000,1.000,0,9,-0.3805,0.4030,0.5543,NO
capture_0022.pgm,5,1169,55,21,23,23,0.2249,23.0,0.2249,359,1.000,1.000,0,11,-0.3767,0.4142,0.5598,NO
capture_0022.pgm,6,556,56,23,24,24,0.2347,24.0,0.2347,404,1.000,1.000,0,5,-0.3687,0.4198,0.5587,NO
capture_0022.pgm,7,144,57,26,22,26,0.2543,26.0,0.2543,438,1.000,1.000,1,1,-0.3965,-0.4240,0.5805,NO
capture_0022.pgm,8,349,58,23,24,24,0.2347,24.0,0.2347,397,1.000,1.000,1,3,-0.3927,-0.4129,0.5698,NO
capture_0022.pgm,9,656,97,22,23,23,0.2249,23.0,0.2249,368,1.000,1.000,0,6,-0.3915,0.4042,0.5627,NO
capture_0022.pgm,10,860,97,23,22,23,0.2249,23.0,0.2249,372,1.000,1.000,0,8,-0.3974,0.4056,0.5678,NO
capture_0022.pgm,11,1066,97,21,22,22,0.2152,22.0,0.2152,338,1.000,1.000,0,10,-0.3838,0.4070,0.5594,NO
capture_0022.pgm,12,43,99,24,22,24,0.2347,24.0,0.2347,390,1.000,1.000,0,0,-0.3835,0.4196,0.5685,NO
capture_0022.pgm,13,249,99,23,22,23,0.2249,23.0,0.2249,382,1.000,1.000,0,2,-0.3698,0.4210,0.5604,NO
capture_0022.pgm,14,450,100,24,23,24,0.2347,24.0,0.2347,394,1.000,1.000,1,4,-0.4057,-0.4187,0.5830,NO
capture_0022.pgm,15,554,142,24,24,24,0.2347,24.0,0.2347,413,1.000,1.000,1,5,-0.3888,0.4100,0.5651,NO
capture_0022.pgm,16,965,141,21,22,22,0.2152,22.0,0.2152,338,1.000,1.000,1,9,-0.3713,0.4030,0.5480,NO
capture_0022.pgm,17,348,144,23,23,23,0.2249,23.0,0.2249,391,1.000,1.000,2,3,-0.4030,-0.4226,0.5840,NO
capture_0022.pgm,18,148,144,22,22,22,0.2152,22.0,0.2152,360,1.000,1.000,2,1,-0.3580,-0.4240,0.5549,NO
capture_0022.pgm,19,765,147,25,24,25,0.2445,25.0,0.2445,452,1.000,1.000,2,7,-0.3268,-0.3905,0.5093,NO
capture_0022.pgm,20,860,183,22,22,22,0.2152,22.0,0.2152,346,1.000,1.000,1,8,-0.3980,0.3958,0.5613,NO
capture_0022.pgm,21,249,185,23,22,23,0.2249,23.0,0.2249,375,1.000,1.000,1,2,-0.3704,0.4112,0.5535,NO
capture_0022.pgm,22,666,187,24,25,25,0.2445,25.0,0.2445,437,1.000,1.000,2,6,-0.2948,-0.4173,0.5110,NO
capture_0022.pgm,23,1064,188,24,23,24,0.2347,24.0,0.2347,398,1.000,1.000,2,10,-0.4045,-0.4048,0.5722,NO
capture_0022.pgm,24,449,188,25,22,25,0.2445,25.0,0.2445,419,1.000,1.000,2,4,-0.4160,-0.4089,0.5833,NO
capture_0022.pgm,25,47,192,23,23,23,0.2249,23.0,0.2249,398,1.000,1.000,2,0,-0.3455,-0.3725,0.5081,NO
capture_0022.pgm,26,349,228,22,23,23,0.2249,23.0,0.2249,368,1.000,1.000,2,3,-0.3932,0.3989,0.5601,NO
capture_0022.pgm,27,761,228,22,23,23,0.2249,23.0,0.2249,382,1.000,1.000,2,7,-0.3660,0.4016,0.5434,NO
capture_0022.pgm,28,967,230,22,25,25,0.2445,25.0,0.2445,412,1.000,1.000,2,9,-0.3523,0.4226,0.5502,NO
capture_0022.pgm,29,150,231,23,23,23,0.2249,23.0,0.2249,384,1.000,1.000,3,1,-0.3390,-0.4240,0.5429,NO
capture_0022.pgm,30,1171,233,22,24,24,0.2347,24.0,0.2347,404,1.000,1.000,3,11,-0.3588,-0.3976,0.5356,NO
capture_0022.pgm,31,560,235,23,25,25,0.2445,25.0,0.2445,437,1.000,1.000,3,5,-0.3313,-0.3821,0.5057,NO
capture_0022.pgm,32,1071,269,24,24,24,0.2347,24.0,0.2347,431,1.000,1.000,2,10,-0.3360,0.3874,0.5128,NO
capture_0022.pgm,33,250,274,24,23,24,0.2347,24.0,0.2347,414,1.000,1.000,3,2,-0.3618,-0.4201,0.5544,NO
capture_0022.pgm,34,656,273,22,21,22,0.2152,22.0,0.2152,338,1.000,1.000,2,6,-0.3926,0.4238,0.5777,NO
capture_0022.pgm,35,43,274,24,22,24,0.2347,24.0,0.2347,394,1.000,1.000,3,0,-0.3852,-0.4214,0.5710,NO
capture_0022.pgm,36,451,274,25,23,25,0.2445,25.0,0.2445,427,1.000,1.000,3,4,-0.3971,-0.4187,0.5770,NO
capture_0022.pgm,37,859,276,22,22,22,0.2152,22.0,0.2152,360,1.000,1.000,3,8,-0.4089,-0.3964,0.5695,NO
capture_0022.pgm,38,965,315,23,23,23,0.2249,23.0,0.2249,398,1.000,1.000,3,9,-0.3725,0.4030,0.5488,NO
capture_0022.pgm,39,757,316,23,22,23,0.2249,23.0,0.2249,375,1.000,1.000,3,7,-0.4057,0.4114,0.5778,NO
capture_0022.pgm,40,1169,319,23,24,24,0.2347,24.0,0.2347,407,1.000,1.000,4,11,-0.3790,-0.4074,0.5564,NO
capture_0022.pgm,41,151,320,25,23,25,0.2445,25.0,0.2445,437,1.000,1.000,4,1,-0.3298,-0.4044,0.5219,NO
capture_0022.pgm,42,351,321,23,26,26,0.2543,26.0,0.2543,450,1.000,1.000,4,3,-0.3748,-0.3933,0.5433,NO
capture_0022.pgm,43,553,319,24,23,24,0.2347,24.0,0.2347,411,1.000,1.000,4,5,-0.4003,-0.4115,0.5741,NO
capture_0022.pgm,44,655,360,27,25,27,0.2641,27.0,0.2641,500,1.000,1.000,3,6,-0.4030,0.4238,0.5848,NO
capture_0022.pgm,45,48,364,25,25,25,0.2445,25.0,0.2445,462,1.000,1.000,4,0,-0.3369,-0.3921,0.5170,NO
capture_0022.pgm,46,249,363,23,21,23,0.2249,23.0,0.2249,359,1.000,1.000,4,2,-0.3722,-0.4005,0.5467,NO
capture_0022.pgm,47,453,364,24,24,24,0.2347,24.0,0.2347,416,1.000,1.000,4,4,-0.3781,-0.3893,0.5427,NO
capture_0022.pgm,48,862,364,21,21,21,0.2054,21.0,0.2054,317,1.000,1.000,4,8,-0.3802,-0.3866,0.5422,NO
capture_0022.pgm,49,1066,365,23,24,24,0.2347,24.0,0.2347,395,1.000,1.000,4,10,-0.3861,-0.3754,0.5385,NO
capture_0022.pgm,50,1166,400,23,23,23,0.2249,23.0,0.2249,398,1.000,1.000,4,11,-0.4083,0.3848,0.5611,NO
capture_0022.pgm,51,757,403,22,22,22,0.2152,22.0,0.2152,353,1.000,1.000,4,7,-0.4063,0.4114,0.5782,NO
capture_0022.pgm,52,351,404,23,23,23,0.2249,23.0,0.2249,398,1.000,1.000,4,3,-0.3748,0.4184,0.5618,NO
capture_0022.pgm,53,152,406,23,23,23,0.2249,23.0,0.2249,405,1.000,1.000,5,1,-0.3206,-0.4142,0.5238,NO
capture_0022.pgm,54,967,405,21,22,22,0.2152,22.0,0.2152,338,1.000,1.000,5,9,-0.3541,-0.4185,0.5482,NO
capture_0022.pgm,55,551,406,26,22,26,0.2543,26.0,0.2543,428,1.000,1.000,5,5,-0.4205,-0.4115,0.5883,NO
capture_0022.pgm,56,655,446,24,24,24,0.2347,24.0,0.2347,415,1.000,1.000,4,6,-0.4036,0.4140,0.5782,NO
capture_0022.pgm,57,45,448,23,23,23,0.2249,23.0,0.2249,391,1.000,1.000,5,0,-0.3668,-0.4214,0.5587,NO
capture_0022.pgm,58,1067,448,22,22,22,0.2152,22.0,0.2152,360,1.000,1.000,5,10,-0.3769,-0.4146,0.5603,NO
capture_0022.pgm,59,251,450,23,23,23,0.2249,23.0,0.2249,391,1.000,1.000,5,2,-0.3532,-0.4005,0.5340,NO
capture_0022.pgm,60,456,451,24,24,24,0.2347,24.0,0.2347,423,1.000,1.000,5,4,-0.3493,-0.3893,0.5231,NO
capture_0022.pgm,61,866,456,22,24,24,0.2347,24.0,0.2347,397,1.000,1.000,5,8,-0.3416,-0.3377,0.4804,NO
capture_0022.pgm,62,554,488,23,25,25,0.2445,25.0,0.2445,415,1.000,1.000,5,5,-0.3911,0.3905,0.5527,NO
capture_0022.pgm,63,350,491,23,22,23,0.2249,23.0,0.2249,375,1.000,1.000,5,3,-0.3852,0.4184,0.5688,NO
capture_0022.pgm,64,153,496,25,25,25,0.2445,25.0,0.2445,462,1.000,1.000,6,1,-0.3114,-0.3849,0.4951,NO
capture_0022.pgm,65,761,495,22,23,23,0.2249,23.0,0.2249,375,1.000,1.000,6,7,-0.3683,-0.3905,0.5368,NO
capture_0022.pgm,66,966,496,21,22,22,0.2152,22.0,0.2152,338,1.000,1.000,6,9,-0.3645,-0.3794,0.5261,NO
capture_0022.pgm,67,48,529,22,25,25,0.2445,25.0,0.2445,409,1.000,1.000,5,0,-0.3375,0.3707,0.5013,NO
capture_0022.pgm,68,1065,531,24,23,24,0.2347,24.0,0.2347,398,1.000,1.000,5,10,-0.3965,0.3972,0.5612,NO
capture_0022.pgm,69,251,533,23,23,23,0.2249,23.0,0.2249,391,1.000,1.000,5,2,-0.3532,0.4112,0.5421,NO
capture_0022.pgm,70,659,534,23,23,23,0.2249,23.0,0.2249,391,1.000,1.000,5,6,-0.3650,0.4238,0.5593,NO
capture_0022.pgm,71,458,539,22,24,24,0.2347,24.0,0.2347,397,1.000,1.000,6,4,-0.3304,-0.3796,0.5032,NO
capture_0022.pgm,72,865,539,24,23,24,0.2347,24.0,0.2347,421,1.000,1.000,6,8,-0.3520,-0.3768,0.5156,NO
capture_0022.pgm,73,763,573,21,23,23,0.2249,23.0,0.2249,359,1.000,1.000,6,7,-0.3487,0.3723,0.5101,NO
capture_0022.pgm,74,350,576,23,24,24,0.2347,24.0,0.2347,407,1.000,1.000,6,3,-0.3858,0.3989,0.5549,NO
capture_0022.pgm,75,557,575,22,23,23,0.2249,23.0,0.2249,375,1.000,1.000,6,5,-0.3624,0.3905,0.5327,NO
capture_0022.pgm,76,964,578,24,24,24,0.2347,24.0,0.2347,428,1.000,1.000,6,9,-0.3840,0.4226,0.5710,NO
capture_0022.pgm,77,1168,578,22,22,22,0.2152,22.0,0.2152,346,1.000,1.000,6,11,-0.3899,0.4239,0.5760,NO
capture_0022.pgm,78,149,579,23,22,23,0.2249,23.0,0.2249,375,1.000,1.000,7,1,-0.3511,-0.4240,0.5505,NO
capture_0022.pgm,79,657,619,22,23,23,0.2249,23.0,0.2249,382,1.000,1.000,6,6,-0.3852,0.4042,0.5584,NO
capture_0022.pgm,80,862,618,22,22,22,0.2152,22.0,0.2152,353,1.000,1.000,6,8,-0.3813,0.3958,0.5496,NO
capture_0022.pgm,81,1071,623,25,24,25,0.2445,25.0,0.2445,451,1.000,1.000,7,10,-0.3389,-0.4048,0.5279,NO
capture_0022.pgm,82,48,625,24,24,24,0.2347,24.0,0.2347,416,1.000,1.000,7,0,-0.3387,-0.3921,0.5181,NO
capture_0022.pgm,83,457,626,22,25,25,0.2445,25.0,0.2445,412,1.000,1.000,7,4,-0.3407,-0.3796,0.5101,NO
capture_0022.pgm,84,256,630,24,24,24,0.2347,24.0,0.2347,435,1.000,1.000,7,2,-0.3055,-0.3418,0.4584,NO
capture_0022.pgm,85,963,661,22,22,22,0.2152,22.0,0.2152,353,1.000,1.000,7,9,-0.3944,0.3834,0.5501,NO
capture_0022.pgm,86,758,662,22,22,22,0.2152,22.0,0.2152,360,1.000,1.000,7,7,-0.3982,0.3919,0.5587,NO
capture_0022.pgm,87,352,664,23,23,23,0.2249,23.0,0.2249,383,1.000,1.000,7,3,-0.3668,0.4087,0.5491,NO
capture_0022.pgm,88,149,665,23,23,23,0.2249,23.0,0.2249,398,1.000,1.000,7,1,-0.3511,0.4171,0.5452,NO
capture_0022.pgm,89,1170,667,23,25,25,0.2445,25.0,0.2445,427,1.000,1.000,8,11,-0.3715,-0.4074,0.5513,NO
capture_0022.pgm,90,557,666,21,22,22,0.2152,22.0,0.2152,338,1.000,1.000,8,5,-0.3636,-0.4213,0.5564,NO
capture_0022.pgm,91,660,705,23,23,23,0.2249,23.0,0.2249,391,1.000,1.000,7,6,-0.3564,0.3944,0.5316,NO
capture_0022.pgm,92,1067,705,22,22,22,0.2152,22.0,0.2152,360,1.000,1.000,7,10,-0.3781,0.3972,0.5483,NO
capture_0022.pgm,93,454,707,21,22,22,0.2152,22.0,0.2152,338,1.000,1.000,7,4,-0.3701,0.4126,0.5543,NO
capture_0022.pgm,94,874,708,24,25,25,0.2445,25.0,0.2445,437,1.000,1.000,7,8,-0.2646,0.4251,0.5007,NO
capture_0022.pgm,95,45,712,28,24,28,0.2738,28.0,0.2738,489,1.000,1.000,8,0,-0.3686,-0.3921,0.5381,NO
capture_0022.pgm,96,255,713,23,23,23,0.2249,23.0,0.2249,398,1.000,1.000,8,2,-0.3158,-0.3809,0.4948,NO
capture_0022.pgm,97,757,747,22,24,24,0.2347,24.0,0.2347,384,1.000,1.000,8,7,-0.4086,0.3723,0.5528,NO
capture_0022.pgm,98,962,749,22,24,24,0.2347,24.0,0.2347,390,1.000,1.000,8,9,-0.4047,0.3932,0.5643,NO
capture_0022.pgm,99,350,750,24,23,24,0.2347,24.0,0.2347,414,1.000,1.000,8,3,-0.3870,0.3989,0.5557,NO
capture_0022.pgm,100,555,750,22,23,23,0.2249,23.0,0.2249,382,1.000,1.000,8,5,-0.3831,0.4003,0.5541,NO
capture_0022.pgm,101,1167,751,22,23,23,0.2249,23.0,0.2249,375,1.000,1.000,8,11,-0.4009,0.4142,0.5764,NO
capture_0022.pgm,102,151,755,24,23,24,0.2347,24.0,0.2347,411,1.000,1.000,9,1,-0.3327,-0.4044,0.5237,NO
capture_0022.pgm,103,869,791,24,24,24,0.2347,24.0,0.2347,430,1.000,1.000,8,8,-0.3140,0.3860,0.4976,NO
capture_0022.pgm,104,249,794,26,25,26,0.2543,26.0,0.2543,463,1.000,1.000,8,2,-0.3745,0.4112,0.5562,NO
capture_0022.pgm,105,659,793,22,22,22,0.2152,22.0,0.2152,360,1.000,1.000,8,6,-0.3668,0.4042,0.5458,NO
capture_0022.pgm,106,452,796,23,24,24,0.2347,24.0,0.2347,411,1.000,1.000,9,4,-0.3908,-0.4187,0.5727,NO
capture_0022.pgm,107,1069,797,22,24,24,0.2347,24.0,0.2347,390,1.000,1.000,9,10,-0.3597,-0.4048,0.5415,NO
capture_0022.pgm,108,46,798,25,23,25,0.2445,25.0,0.2445,424,1.000,1.000,9,0,-0.3594,-0.4019,0.5391,NO
capture_0022.pgm,109,1168,832,22,23,23,0.2249,23.0,0.2249,365,1.000,1.000,9,11,-0.3917,0.3555,0.5290,NO
capture_0022.pgm,110,346,837,24,24,24,0.2347,24.0,0.2347,416,1.000,1.000,9,3,-0.4267,0.3989,0.5841,NO
capture_0022.pgm,111,963,836,21,22,22,0.2152,22.0,0.2152,338,1.000,1.000,9,9,-0.3955,0.3932,0.5578,NO
capture_0022.pgm,112,760,838,22,22,22,0.2152,22.0,0.2152,360,1.000,1.000,9,7,-0.3798,0.4114,0.5599,NO
capture_0022.pgm,113,149,842,24,22,24,0.2347,24.0,0.2347,397,1.000,1.000,10,1,-0.3529,-0.4044,0.5367,NO
capture_0022.pgm,114,553,843,24,24,24,0.2347,24.0,0.2347,421,1.000,1.000,10,5,-0.4038,-0.3919,0.5627,NO
capture_0022.pgm,115,867,879,24,23,24,0.2347,24.0,0.2347,404,1.000,1.000,9,8,-0.3342,0.3958,0.5180,NO
capture_0022.pgm,116,1064,880,25,23,25,0.2445,25.0,0.2445,427,1.000,1.000,9,10,-0.4086,0.4070,0.5767,NO
capture_0022.pgm,117,660,881,22,23,23,0.2249,23.0,0.2249,375,1.000,1.000,9,6,-0.3576,0.4140,0.5471,NO
capture_0022.pgm,118,453,884,25,24,25,0.2445,25.0,0.2445,454,1.000,1.000,10,4,-0.3816,-0.4089,0.5593,NO
capture_0022.pgm,119,250,886,24,23,24,0.2347,24.0,0.2347,404,1.000,1.000,10,2,-0.3659,-0.3907,0.5353,NO
capture_0022.pgm,120,51,888,23,24,24,0.2347,24.0,0.2347,414,1.000,1.000,10,0,-0.3111,-0.3725,0.4853,NO
capture_0022.pgm,121,966,922,21,22,22,0.2152,22.0,0.2152,338,1.000,1.000,10,9,-0.3668,0.3835,0.5306,NO
capture_0022.pgm,122,1168,922,21,21,21,0.2054,21.0,0.2054,317,1.000,1.000,10,11,-0.3923,0.3848,0.5495,NO
capture_0022.pgm,123,349,923,23,22,23,0.2249,23.0,0.2249,375,1.000,1.000,10,3,-0.3979,0.3891,0.5565,NO
capture_0022.pgm,124,760,925,21,21,21,0.2054,21.0,0.2054,317,1.000,1.000,10,7,-0.3804,0.4114,0.5603,NO
capture_0022.pgm,125,147,926,23,22,23,0.2249,23.0,0.2249,382,1.000,1.000,10,1,-0.3724,0.4171,0.5592,NO
capture_0022.pgm,126,557,929,23,24,24,0.2347,24.0,0.2347,407,1.000,1.000,11,5,-0.3653,-0.4017,0.5430,NO
capture_0022.pgm,127,48,968,25,25,25,0.2445,25.0,0.2445,468,1.000,1.000,10,0,-0.3404,0.4099,0.5328,NO
capture_0022.pgm,128,252,968,24,24,24,0.2347,24.0,0.2347,427,1.000,1.000,10,2,-0.3463,0.4112,0.5377,NO
capture_0022.pgm,129,863,968,25,25,25,0.2445,25.0,0.2445,466,1.000,1.000,10,8,-0.3739,0.4154,0.5589,NO
capture_0022.pgm,130,453,968,24,23,24,0.2347,24.0,0.2347,407,1.000,1.000,10,4,-0.3816,0.4126,0.5620,NO
capture_0022.pgm,131,1070,971,25,25,25,0.2445,25.0,0.2445,461,1.000,1.000,11,10,-0.3511,-0.4048,0.5358,NO
capture_0022.pgm,132,660,972,24,25,25,0.2445,25.0,0.2445,442,1.000,1.000,11,6,-0.3588,-0.3977,0.5356,NO
capture_0022.pgm,133,1168,1007,22,24,24,0.2347,24.0,0.2347,390,1.000,1.000,11,11,-0.3929,0.3653,0.5364,NO
capture_0022.pgm,134,558,1011,21,22,22,0.2152,22.0,0.2152,338,1.000,1.000,11,5,-0.3555,0.4003,0.5354,NO
capture_0022.pgm,SUMMARY,,,,,,,,,,,,,,,,,
capture_0022.pgm,Count,134,,,,,,,,,,,,,,,
capture_0022.pgm,Missed,31,,,,,,,,,,,,,,,
capture_0022.pgm,Mean,,,,,,,,0.2309,,,,,,,,
capture_0022.pgm,Median,,,,,,,,0.2347,,,,,,,,
capture_0022.pgm,StdDev,,,,,,,,0.0124,,,,,,,,
capture_0022.pgm,Min,,,,,,,,0.2054,,,,,,,,
capture_0022.pgm,Max,,,,,,,,0.2738,,,,,,,,
capture_0023.pgm,1,1165,34,23,23,23,0.2249,23.0,0.2249,391,1.000,1.000,0,11,-0.4158,0.2088,0.4652,NO
capture_0023.pgm,2,351,36,21,22,22,0.2152,22.0,0.2152,338,1.000,1.000,0,3,-0.3725,0.2228,0.4341,NO
capture_0023.pgm,3,553,38,24,23,24,0.2347,24.0,0.2347,403,1.000,1.000,0,5,-0.3980,0.2438,0.4667,NO
capture_0023.pgm,4,759,39,22,26,26,0.2543,26.0,0.2543,441,1.000,1.000,0,7,-0.3844,0.2549,0.4612,NO
capture_0023.pgm,5,144,38,25,23,25,0.2445,25.0,0.2445,414,1.000,1.000,0,1,-0.3959,0.2410,0.4635,NO
capture_0023.pgm,6,962,40,23,27,27,0.2641,27.0,0.2641,458,1.000,1.000,0,9,-0.4001,0.2661,0.4805,NO
capture_0023.pgm,7,453,80,21,21,21,0.2054,21.0,0.2054,317,1.000,1.000,0,4,-0.3758,0.2366,0.4440,NO
capture_0023.pgm,8,655,82,24,24,24,0.2347,24.0,0.2347,438,1.000,1.000,0,6,-0.4012,0.2575,0.4768,NO
capture_0023.pgm,9,250,84,23,23,23,0.2249,23.0,0.2249,398,1.000,1.000,0,2,-0.3601,0.2743,0.4526,NO
capture_0023.pgm,10,1065,84,24,23,24,0.2347,24.0,0.2347,404,1.000,1.000,0,10,-0.3935,0.2798,0.4829,NO
capture_0023.pgm,11,46,84,23,23,23,0.2249,23.0,0.2249,391,1.000,1.000,0,0,-0.3541,0.2729,0.4471,NO
capture_0023.pgm,12,859,85,25,24,25,0.2445,25.0,0.2445,440,1.000,1.000,0,8,-0.4072,0.2882,0.4989,NO
capture_0023.pgm,13,1166,121,23,22,23,0.2249,23.0,0.2249,368,1.000,1.000,1,11,-0.4066,0.2088,0.4570,NO
capture_0023.pgm,14,350,124,25,23,25,0.2445,25.0,0.2445,417,1.000,1.000,1,3,-0.3829,0.2326,0.4480,NO
capture_0023.pgm,15,147,126,25,22,25,0.2445,25.0,0.2445,419,1.000,1.000,1,1,-0.3672,0.2508,0.4447,NO
capture_0023.pgm,16,554,126,22,22,22,0.2152,22.0,0.2152,360,1.000,1.000,1,5,-0.3888,0.2536,0.4642,NO
capture_0023.pgm,17,757,127,23,21,23,0.2249,23.0,0.2249,359,1.000,1.000,1,7,-0.4045,0.2647,0.4834,NO
capture_0023.pgm,18,965,127,22,22,22,0.2152,22.0,0.2152,360,1.000,1.000,1,9,-0.3713,0.2661,0.4568,NO
capture_0023.pgm,19,1066,169,24,23,24,0.2347,24.0,0.2347,403,1.000,1.000,1,10,-0.3843,0.2603,0.4642,NO
capture_0023.pgm,20,654,169,21,21,21,0.2054,21.0,0.2054,317,1.000,1.000,1,6,-0.4116,0.2575,0.4855,NO
capture_0023.pgm,21,40,171,23,23,23,0.2249,23.0,0.2249,384,1.000,1.000,1,0,-0.4134,0.2729,0.4954,NO
capture_0023.pgm,22,251,172,23,23,23,0.2249,23.0,0.2249,391,1.000,1.000,1,2,-0.3509,0.2841,0.4515,NO
capture_0023.pgm,23,451,172,24,24,24,0.2347,24.0,0.2347,423,1.000,1.000,1,4,-0.3959,0.2855,0.4881,NO
capture_0023.pgm,24,862,173,24,24,24,0.2347,24.0,0.2347,438,1.000,1.000,1,8,-0.3784,0.2980,0.4817,NO
capture_0023.pgm,25,148,211,23,22,23,0.2249,23.0,0.2249,368,1.000,1.000,2,1,-0.3580,0.2312,0.4262,NO
capture_0023.pgm,26,1165,212,22,23,23,0.2249,23.0,0.2249,375,1.000,1.000,2,11,-0.4169,0.2479,0.4851,NO
capture_0023.pgm,27,552,213,22,22,22,0.2152,22.0,0.2152,360,1.000,1.000,2,5,-0.4089,0.2536,0.4812,NO
capture_0023.pgm,28,964,213,22,22,22,0.2152,22.0,0.2152,360,1.000,1.000,2,9,-0.3817,0.2563,0.4597,NO
capture_0023.pgm,29,760,214,23,23,23,0.2249,23.0,0.2249,398,1.000,1.000,2,7,-0.3757,0.2647,0.4596,NO
capture_0023.pgm,30,351,216,23,23,23,0.2249,23.0,0.2249,398,1.000,1.000,2,3,-0.3737,0.2815,0.4679,NO
capture_0023.pgm,31,658,254,23,22,23,0.2249,23.0,0.2249,368,1.000,1.000,2,6,-0.3731,0.2379,0.4425,NO
capture_0023.pgm,32,43,255,24,22,24,0.2347,24.0,0.2347,390,1.000,1.000,2,0,-0.3846,0.2436,0.4553,NO
capture_0023.pgm,33,252,256,23,22,23,0.2249,23.0,0.2249,375,1.000,1.000,2,2,-0.3417,0.2548,0.4262,NO
capture_0023.pgm,34,455,257,22,22,22,0.2152,22.0,0.2152,353,1.000,1.000,2,4,-0.3574,0.2659,0.4454,NO
capture_0023.pgm,35,1067,260,23,25,25,0.2445,25.0,0.2445,426,1.000,1.000,2,10,-0.3751,0.2994,0.4800,NO
capture_0023.pgm,36,862,262,21,22,22,0.2152,22.0,0.2152,338,1.000,1.000,2,8,-0.3790,0.3176,0.4945,NO
capture_0023.pgm,37,353,298,24,22,24,0.2347,24.0,0.2347,404,1.000,1.000,3,3,-0.3547,0.2326,0.4242,NO
capture_0023.pgm,38,759,299,23,24,24,0.2347,24.0,0.2347,398,1.000,1.000,3,7,-0.3861,0.2452,0.4574,NO
capture_0023.pgm,39,1164,299,25,23,25,0.2445,25.0,0.2445,418,1.000,1.000,3,11,-0.4273,0.2479,0.4940,NO
capture_0023.pgm,40,968,301,26,23,26,0.2543,26.0,0.2543,449,1.000,1.000,3,9,-0.3431,0.2661,0.4342,NO
capture_0023.pgm,41,553,302,23,24,24,0.2347,24.0,0.2347,418,1.000,1.000,3,5,-0.3997,0.2731,0.4841,NO
capture_0023.pgm,42,147,304,24,24,24,0.2347,24.0,0.2347,430,1.000,1.000,3,1,-0.3683,0.2899,0.4688,NO
capture_0023.pgm,43,656,342,22,23,23,0.2249,23.0,0.2249,375,1.000,1.000,3,6,-0.3932,0.2477,0.4647,NO
capture_0023.pgm,44,864,343,23,24,24,0.2347,24.0,0.2347,406,1.000,1.000,3,8,-0.3600,0.2589,0.4434,NO
capture_0023.pgm,45,1066,344,24,24,24,0.2347,24.0,0.2347,424,1.000,1.000,3,10,-0.3855,0.2700,0.4707,NO
capture_0023.pgm,46,46,345,24,24,24,0.2347,24.0,0.2347,419,1.000,1.000,3,0,-0.3559,0.2729,0.4485,NO
capture_0023.pgm,47,252,344,22,22,22,0.2152,22.0,0.2152,360,1.000,1.000,3,2,-0.3422,0.2645,0.4326,NO
capture_0023.pgm,48,454,348,23,23,23,0.2249,23.0,0.2249,384,1.000,1.000,3,4,-0.3677,0.3050,0.4778,NO
capture_0023.pgm,49,552,385,23,24,24,0.2347,24.0,0.2347,403,1.000,1.000,4,5,-0.4101,0.2340,0.4722,NO
capture_0023.pgm,50,964,384,23,22,23,0.2249,23.0,0.2249,382,1.000,1.000,4,9,-0.3828,0.2270,0.4451,NO
capture_0023.pgm,51,351,387,22,22,22,0.2152,22.0,0.2152,353,1.000,1.000,4,3,-0.3748,0.2522,0.4518,NO
capture_0023.pgm,52,760,387,22,22,22,0.2152,22.0,0.2152,353,1.000,1.000,4,7,-0.3769,0.2549,0.4550,NO
capture_0023.pgm,53,148,391,22,23,23,0.2249,23.0,0.2249,368,1.000,1.000,4,1,-0.3591,0.2899,0.4616,NO
capture_0023.pgm,54,1174,391,22,23,23,0.2249,23.0,0.2249,368,1.000,1.000,4,11,-0.3301,0.2968,0.4439,NO
capture_0023.pgm,55,251,429,23,23,23,0.2249,23.0,0.2249,398,1.000,1.000,4,2,-0.3526,0.2450,0.4294,NO
capture_0023.pgm,56,655,429,23,24,24,0.2347,24.0,0.2347,404,1.000,1.000,4,6,-0.4036,0.2477,0.4735,NO
capture_0023.pgm,57,1066,429,22,21,22,0.2152,22.0,0.2152,338,1.000,1.000,4,10,-0.3861,0.2505,0.4602,NO
capture_0023.pgm,58,46,431,24,23,24,0.2347,24.0,0.2347,404,1.000,1.000,4,0,-0.3565,0.2632,0.4431,NO
capture_0023.pgm,59,866,432,23,24,24,0.2347,24.0,0.2347,407,1.000,1.000,4,8,-0.3410,0.2784,0.4403,NO
capture_0023.pgm,60,454,434,23,24,24,0.2347,24.0,0.2347,428,1.000,1.000,4,4,-0.3683,0.2953,0.4721,NO
capture_0023.pgm,61,351,471,25,23,25,0.2445,25.0,0.2445,422,1.000,1.000,5,3,-0.3754,0.2228,0.4366,NO
capture_0023.pgm,62,556,473,22,22,22,0.2152,22.0,0.2152,360,1.000,1.000,5,5,-0.3716,0.2438,0.4444,NO
capture_0023.pgm,63,964,474,23,24,24,0.2347,24.0,0.2347,411,1.000,1.000,5,9,-0.3834,0.2563,0.4612,NO
capture_0023.pgm,64,1172,475,23,24,24,0.2347,24.0,0.2347,397,1.000,1.000,5,11,-0.3502,0.2675,0.4407,NO
capture_0023.pgm,65,147,478,21,21,21,0.2054,21.0,0.2054,317,1.000,1.000,5,1,-0.3695,0.2899,0.4697,NO
capture_0023.pgm,66,765,479,25,24,25,0.2445,25.0,0.2445,434,1.000,1.000,5,7,-0.3286,0.3038,0.4475,NO
capture_0023.pgm,67,1068,515,24,22,24,0.2347,24.0,0.2347,394,1.000,1.000,5,10,-0.3671,0.2407,0.4390,NO
capture_0023.pgm,68,663,517,27,23,27,0.2641,27.0,0.2641,458,1.000,1.000,5,6,-0.3259,0.2575,0.4154,NO
capture_0023.pgm,69,452,517,22,23,23,0.2249,23.0,0.2249,375,1.000,1.000,5,4,-0.3885,0.2561,0.4653,NO
capture_0023.pgm,70,251,520,22,22,22,0.2152,22.0,0.2152,353,1.000,1.000,5,2,-0.3532,0.2841,0.4533,NO
capture_0023.pgm,71,862,521,24,22,24,0.2347,24.0,0.2347,390,1.000,1.000,5,8,-0.3808,0.2980,0.4835,NO
capture_0023.pgm,72,45,523,25,25,25,0.2445,25.0,0.2445,462,1.000,1.000,5,0,-0.3668,0.3121,0.4816,NO
capture_0023.pgm,73,761,556,21,22,22,0.2152,22.0,0.2152,338,1.000,1.000,6,7,-0.3683,0.2060,0.4220,NO
capture_0023.pgm,74,963,558,22,23,23,0.2249,23.0,0.2249,368,1.000,1.000,6,9,-0.3938,0.2270,0.4545,NO
capture_0023.pgm,75,555,559,22,23,23,0.2249,23.0,0.2249,382,1.000,1.000,6,5,-0.3819,0.2340,0.4479,NO
capture_0023.pgm,76,350,560,23,22,23,0.2249,23.0,0.2249,375,1.000,1.000,6,3,-0.3858,0.2424,0.4556,NO
capture_0023.pgm,77,149,563,22,22,22,0.2152,22.0,0.2152,360,1.000,1.000,6,1,-0.3505,0.2704,0.4427,NO
capture_0023.pgm,78,1173,564,22,23,23,0.2249,23.0,0.2249,375,1.000,1.000,6,11,-0.3410,0.2870,0.4457,NO
capture_0023.pgm,79,660,601,21,22,22,0.2152,22.0,0.2152,338,1.000,1.000,6,6,-0.3559,0.2282,0.4227,NO
capture_0023.pgm,80,451,603,25,24,25,0.2445,25.0,0.2445,442,1.000,1.000,6,4,-0.3988,0.2464,0.4688,NO
capture_0023.pgm,81,252,603,23,22,23,0.2249,23.0,0.2249,375,1.000,1.000,6,2,-0.3440,0.2450,0.4223,NO
capture_0023.pgm,82,44,604,22,22,22,0.2152,22.0,0.2152,360,1.000,1.000,6,0,-0.3772,0.2534,0.4544,NO
capture_0023.pgm,83,866,605,23,23,23,0.2249,23.0,0.2249,398,1.000,1.000,6,8,-0.3422,0.2687,0.4351,NO
capture_0023.pgm,84,1067,606,23,23,23,0.2249,23.0,0.2249,395,1.000,1.000,6,10,-0.3775,0.2798,0.4699,NO
capture_0023.pgm,85,555,644,22,22,22,0.2152,22.0,0.2152,353,1.000,1.000,7,5,-0.3825,0.2144,0.4385,NO
capture_0023.pgm,86,964,647,23,24,24,0.2347,24.0,0.2347,413,1.000,1.000,7,9,-0.3846,0.2465,0.4568,NO
capture_0023.pgm,87,1176,648,24,24,24,0.2347,24.0,0.2347,421,1.000,1.000,7,11,-0.3123,0.2577,0.4049,NO
capture_0023.pgm,88,766,651,23,23,23,0.2249,23.0,0.2249,398,1.000,1.000,7,7,-0.3200,0.2843,0.4280,NO
capture_0023.pgm,89,150,651,24,22,24,0.2347,24.0,0.2347,404,1.000,1.000,7,1,-0.3413,0.2802,0.4416,NO
capture_0023.pgm,90,451,691,22,24,24,0.2347,24.0,0.2347,404,1.000,1.000,7,4,-0.3994,0.2561,0.4745,NO
capture_0023.pgm,91,656,691,23,24,24,0.2347,24.0,0.2347,404,1.000,1.000,7,6,-0.3956,0.2575,0.4720,NO
capture_0023.pgm,92,863,690,22,22,22,0.2152,22.0,0.2152,353,1.000,1.000,7,8,-0.3721,0.2491,0.4478,NO
capture_0023.pgm,93,1067,691,24,23,24,0.2347,24.0,0.2347,414,1.000,1.000,7,10,-0.3781,0.2603,0.4590,NO
capture_0023.pgm,94,48,693,23,24,24,0.2347,24.0,0.2347,414,1.000,1.000,7,0,-0.3387,0.2729,0.4350,NO
capture_0023.pgm,95,246,698,25,23,25,0.2445,25.0,0.2445,430,1.000,1.000,7,2,-0.4033,0.3232,0.5168,NO
capture_0023.pgm,96,347,731,24,22,24,0.2347,24.0,0.2347,387,1.000,1.000,8,3,-0.4163,0.2131,0.4677,NO
capture_0023.pgm,97,554,732,23,23,23,0.2249,23.0,0.2249,391,1.000,1.000,8,5,-0.3929,0.2242,0.4524,NO
capture_0023.pgm,98,149,733,22,23,23,0.2249,23.0,0.2249,375,1.000,1.000,8,1,-0.3517,0.2313,0.4209,NO
capture_0023.pgm,99,963,732,21,22,22,0.2152,22.0,0.2152,338,1.000,1.000,8,9,-0.3950,0.2270,0.4555,NO
capture_0023.pgm,100,758,734,23,23,23,0.2249,23.0,0.2249,383,1.000,1.000,8,7,-0.3988,0.2452,0.4681,NO
capture_0023.pgm,101,1169,739,23,25,25,0.2445,25.0,0.2445,424,1.000,1.000,8,11,-0.3813,0.2968,0.4832,NO
capture_0023.pgm,102,658,776,23,22,23,0.2249,23.0,0.2249,382,1.000,1.000,8,6,-0.3766,0.2380,0.4455,NO
capture_0023.pgm,103,247,778,24,23,24,0.2347,24.0,0.2347,411,1.000,1.000,8,2,-0.3941,0.2548,0.4692,NO
capture_0023.pgm,104,865,778,21,23,23,0.2249,23.0,0.2249,359,1.000,1.000,8,8,-0.3532,0.2589,0.4379,NO
capture_0023.pgm,105,46,779,24,22,24,0.2347,24.0,0.2347,390,1.000,1.000,8,0,-0.3588,0.2632,0.4450,NO
capture_0023.pgm,106,455,780,23,23,23,0.2249,23.0,0.2249,384,1.000,1.000,8,4,-0.3609,0.2757,0.4541,NO
capture_0023.pgm,107,1066,782,23,25,25,0.2445,25.0,0.2445,429,1.000,1.000,8,10,-0.3884,0.2994,0.4904,NO
capture_0023.pgm,108,1168,817,23,23,23,0.2249,23.0,0.2249,383,1.000,1.000,9,11,-0.3917,0.2088,0.4439,NO
capture_0023.pgm,109,349,818,25,23,25,0.2445,25.0,0.2445,437,1.000,1.000,9,3,-0.3973,0.2131,0.4509,NO
capture_0023.pgm,110,555,818,22,23,23,0.2249,23.0,0.2249,372,1.000,1.000,9,5,-0.3837,0.2144,0.4396,NO
capture_0023.pgm,111,145,820,24,23,24,0.2347,24.0,0.2347,407,1.000,1.000,9,1,-0.3914,0.2313,0.4546,NO
capture_0023.pgm,112,760,822,21,23,23,0.2249,23.0,0.2249,359,1.000,1.000,9,7,-0.3798,0.2549,0.4575,NO
capture_0023.pgm,113,963,821,23,23,23,0.2249,23.0,0.2249,398,1.000,1.000,9,9,-0.3955,0.2465,0.4661,NO
capture_0023.pgm,114,657,864,23,23,23,0.2249,23.0,0.2249,391,1.000,1.000,9,6,-0.3869,0.2477,0.4595,NO
capture_0023.pgm,115,1067,863,23,23,23,0.2249,23.0,0.2249,398,1.000,1.000,9,10,-0.3792,0.2407,0.4492,NO
capture_0023.pgm,116,452,865,24,24,24,0.2347,24.0,0.2347,435,1.000,1.000,9,4,-0.3908,0.2561,0.4673,NO
capture_0023.pgm,117,253,867,24,26,26,0.2543,26.0,0.2543,446,1.000,1.000,9,2,-0.3360,0.2743,0.4337,NO
capture_0023.pgm,118,45,867,25,24,25,0.2445,25.0,0.2445,452,1.000,1.000,9,0,-0.3692,0.2729,0.4591,NO
capture_0023.pgm,119,862,867,22,23,23,0.2249,23.0,0.2249,375,1.000,1.000,9,8,-0.3831,0.2784,0.4736,NO
capture_0023.pgm,120,964,905,23,24,24,0.2347,24.0,0.2347,414,1.000,1.000,10,9,-0.3864,0.2172,0.4432,NO
capture_0023.pgm,121,1168,906,22,24,24,0.2347,24.0,0.2347,397,1.000,1.000,10,11,-0.3923,0.2283,0.4539,NO
capture_0023.pgm,122,149,906,25,22,25,0.2445,25.0,0.2445,426,1.000,1.000,10,1,-0.3529,0.2215,0.4166,NO
capture_0023.pgm,123,762,907,23,23,23,0.2249,23.0,0.2249,383,1.000,1.000,10,7,-0.3609,0.2354,0.4308,NO
capture_0023.pgm,124,556,909,22,23,23,0.2249,23.0,0.2249,375,1.000,1.000,10,5,-0.3745,0.2536,0.4523,NO
capture_0023.pgm,125,352,913,24,23,24,0.2347,24.0,0.2347,413,1.000,1.000,10,3,-0.3686,0.2913,0.4698,NO
capture_0023.pgm,126,1067,949,22,23,23,0.2249,23.0,0.2249,375,1.000,1.000,10,10,-0.3798,0.2309,0.4445,NO
capture_0023.pgm,127,453,952,23,25,25,0.2445,25.0,0.2445,427,1.000,1.000,10,4,-0.3816,0.2561,0.4596,NO
capture_0023.pgm,128,46,953,25,23,25,0.2445,25.0,0.2445,437,1.000,1.000,10,0,-0.3600,0.2632,0.4459,NO
capture_0023.pgm,129,864,953,21,23,23,0.2249,23.0,0.2249,359,1.000,1.000,10,8,-0.3641,0.2687,0.4525,NO
capture_0023.pgm,130,249,956,24,24,24,0.2347,24.0,0.2347,424,1.000,1.000,10,2,-0.3757,0.2939,0.4770,NO
capture_0023.pgm,131,660,957,24,26,26,0.2543,26.0,0.2543,469,1.000,1.000,10,6,-0.3582,0.3064,0.4714,NO
capture_0023.pgm,132,1166,992,24,23,24,0.2347,24.0,0.2347,406,1.000,1.000,11,11,-0.4124,0.2186,0.4668,NO
capture_0023.pgm,133,147,993,24,23,24,0.2347,24.0,0.2347,421,1.000,1.000,11,1,-0.3730,0.2215,0.4338,NO
capture_0023.pgm,134,761,993,22,22,22,0.2152,22.0,0.2152,346,1.000,1.000,11,7,-0.3712,0.2256,0.4344,NO
capture_0023.pgm,135,556,995,23,24,24,0.2347,24.0,0.2347,414,1.000,1.000,11,5,-0.3751,0.2438,0.4473,NO
capture_0023.pgm,136,963,996,23,25,25,0.2445,25.0,0.2445,430,1.000,1.000,11,9,-0.3967,0.2563,0.4723,NO
capture_0023.pgm,137,351,1002,25,25,25,0.2445,25.0,0.2445,447,1.000,1.000,11,3,-0.3789,0.3109,0.4901,NO
capture_0023.pgm,SUMMARY,,,,,,,,,,,,,,,,,
capture_0023.pgm,Count,137,,,,,,,,,,,,,,,
capture_0023.pgm,Missed,1,,,,,,,,,,,,,,,
capture_0023.pgm,Mean,,,,,,,,0.2303,,,,,,,,
capture_0023.pgm,Median,,,,,,,,0.2249,,,,,,,,
capture_0023.pgm,StdDev,,,,,,,,0.0113,,,,,,,,
capture_0023.pgm,Min,,,,,,,,0.2054,,,,,,,,
capture_0023.pgm,Max,,,,,,,,0.2641,,,,,,,,
capture_0024.pgm,1,146,21,23,24,24,0.2347,24.0,0.2347,398,1.000,1.000,0,1,-0.3764,0.0748,0.3837,NO
capture_0024.pgm,2,557,22,21,22,22,0.2152,22.0,0.2152,338,1.000,1.000,0,5,-0.3589,0.0873,0.3693,NO
capture_0024.pgm,3,965,24,23,26,26,0.2543,26.0,0.2543,445,1.000,1.000,0,9,-0.3707,0.1096,0.3866,NO
capture_0024.pgm,4,1165,26,23,22,23,0.2249,23.0,0.2249,368,1.000,1.000,0,11,-0.4158,0.1305,0.4358,NO
capture_0024.pgm,5,359,28,24,25,25,0.2445,25.0,0.2445,446,1.000,1.000,0,3,-0.2943,0.1446,0.3279,NO
capture_0024.pgm,6,762,28,23,24,24,0.2347,24.0,0.2347,397,1.000,1.000,0,7,-0.3550,0.1474,0.3844,NO
capture_0024.pgm,7,1063,63,25,24,25,0.2445,25.0,0.2445,448,1.000,1.000,0,10,-0.4131,0.0744,0.4197,NO
capture_0024.pgm,8,860,65,21,22,22,0.2152,22.0,0.2152,338,1.000,1.000,0,8,-0.3974,0.0926,0.4080,NO
capture_0024.pgm,9,445,67,24,24,24,0.2347,24.0,0.2347,420,1.000,1.000,0,4,-0.4540,0.1094,0.4670,NO
capture_0024.pgm,10,657,67,24,24,24,0.2347,24.0,0.2347,427,1.000,1.000,0,6,-0.3817,0.1108,0.3974,NO
capture_0024.pgm,11,253,69,24,24,24,0.2347,24.0,0.2347,423,1.000,1.000,0,2,-0.3307,0.1276,0.3545,NO
capture_0024.pgm,12,44,70,25,23,25,0.2445,25.0,0.2445,430,1.000,1.000,0,0,-0.3737,0.1360,0.3977,NO
capture_0024.pgm,13,144,106,25,24,25,0.2445,25.0,0.2445,429,1.000,1.000,1,1,-0.3965,0.0552,0.4003,NO
capture_0024.pgm,14,553,108,22,22,22,0.2152,22.0,0.2152,353,1.000,1.000,1,5,-0.3986,0.0775,0.4060,NO
capture_0024.pgm,15,1160,108,24,22,24,0.2347,24.0,0.2347,390,1.000,1.000,1,11,-0.4653,0.0816,0.4724,NO
capture_0024.pgm,16,760,112,23,25,25,0.2445,25.0,0.2445,429,1.000,1.000,1,7,-0.3752,0.1180,0.3933,NO
capture_0024.pgm,17,964,112,22,23,23,0.2249,23.0,0.2249,375,1.000,1.000,1,9,-0.3811,0.1194,0.3994,NO
capture_0024.pgm,18,345,114,25,22,25,0.2445,25.0,0.2445,419,1.000,1.000,1,3,-0.4318,0.1348,0.4523,NO
capture_0024.pgm,19,861,150,24,24,24,0.2347,24.0,0.2347,404,1.000,1.000,1,8,-0.3882,0.0731,0.3950,NO
capture_0024.pgm,20,1267,151,23,24,24,0.2347,24.0,0.2347,414,1.000,1.000,1,12,-0.4196,0.0856,0.4282,NO
capture_0024.pgm,21,453,153,23,23,23,0.2249,23.0,0.2249,388,1.000,1.000,1,4,-0.3763,0.0997,0.3893,NO
capture_0024.pgm,22,657,154,23,25,25,0.2445,25.0,0.2445,430,1.000,1.000,1,6,-0.3823,0.1108,0.3980,NO
capture_0024.pgm,23,1064,154,25,24,25,0.2445,25.0,0.2445,440,1.000,1.000,1,10,-0.4039,0.1136,0.4196,NO
capture_0024.pgm,24,46,159,26,23,26,0.2543,26.0,0.2543,444,1.000,1.000,1,0,-0.3547,0.1556,0.3873,NO
capture_0024.pgm,25,351,194,22,22,22,0.2152,22.0,0.2152,353,1.000,1.000,2,3,-0.3737,0.0664,0.3795,NO
capture_0024.pgm,26,1164,195,22,23,23,0.2249,23.0,0.2249,382,1.000,1.000,2,11,-0.4267,0.0816,0.4345,NO
capture_0024.pgm,27,145,197,22,23,23,0.2249,23.0,0.2249,368,1.000,1.000,2,1,-0.3873,0.0943,0.3986,NO
capture_0024.pgm,28,757,198,23,25,25,0.2445,25.0,0.2445,419,1.000,1.000,2,7,-0.4051,0.1082,0.4193,NO
capture_0024.pgm,29,960,198,22,22,22,0.2152,22.0,0.2152,353,1.000,1.000,2,9,-0.4208,0.1096,0.4348,NO
capture_0024.pgm,30,548,200,23,21,23,0.2249,23.0,0.2249,359,1.000,1.000,2,5,-0.4481,0.1264,0.4656,NO
capture_0024.pgm,31,47,239,22,22,22,0.2152,22.0,0.2152,360,1.000,1.000,2,0,-0.3455,0.0871,0.3563,NO
capture_0024.pgm,32,249,239,22,22,22,0.2152,22.0,0.2152,353,1.000,1.000,2,2,-0.3710,0.0885,0.3814,NO
capture_0024.pgm,33,656,240,27,23,27,0.2641,27.0,0.2641,468,1.000,1.000,2,6,-0.3926,0.1010,0.4054,NO
capture_0024.pgm,34,861,240,22,22,22,0.2152,22.0,0.2152,353,1.000,1.000,2,8,-0.3888,0.1024,0.4020,NO
capture_0024.pgm,35,1065,240,22,22,22,0.2152,22.0,0.2152,353,1.000,1.000,2,10,-0.3947,0.1038,0.4081,NO
capture_0024.pgm,36,451,241,24,22,24,0.2347,24.0,0.2347,397,1.000,1.000,2,4,-0.3965,0.1094,0.4113,NO
capture_0024.pgm,37,146,281,23,23,23,0.2249,23.0,0.2249,391,1.000,1.000,3,1,-0.3781,0.0650,0.3837,NO
capture_0024.pgm,38,553,280,23,22,23,0.2249,23.0,0.2249,362,1.000,1.000,3,5,-0.3997,0.0580,0.4039,NO
capture_0024.pgm,39,1167,281,22,23,23,0.2249,23.0,0.2249,368,1.000,1.000,3,11,-0.3980,0.0719,0.4044,NO
capture_0024.pgm,40,758,281,21,22,22,0.2152,22.0,0.2152,338,1.000,1.000,3,7,-0.3959,0.0691,0.4019,NO
capture_0024.pgm,41,964,286,23,23,23,0.2249,23.0,0.2249,391,1.000,1.000,3,9,-0.3823,0.1194,0.4005,NO
capture_0024.pgm,42,347,288,25,23,25,0.2445,25.0,0.2445,426,1.000,1.000,3,3,-0.4134,0.1348,0.4348,NO
capture_0024.pgm,43,863,328,22,22,22,0.2152,22.0,0.2152,360,1.000,1.000,3,8,-0.3698,0.1122,0.3864,NO
capture_0024.pgm,44,451,330,22,23,23,0.2249,23.0,0.2249,375,1.000,1.000,3,4,-0.3971,0.1290,0.4175,NO
capture_0024.pgm,45,1068,329,21,22,22,0.2152,22.0,0.2152,338,1.000,1.000,3,10,-0.3659,0.1233,0.3862,NO
capture_0024.pgm,46,47,331,24,24,24,0.2347,24.0,0.2347,438,1.000,1.000,3,0,-0.3461,0.1360,0.3719,NO
capture_0024.pgm,47,250,330,22,22,22,0.2152,22.0,0.2152,353,1.000,1.000,3,2,-0.3618,0.1276,0.3837,NO
capture_0024.pgm,48,656,331,23,24,24,0.2347,24.0,0.2347,407,1.000,1.000,3,6,-0.3932,0.1401,0.4174,NO
capture_0024.pgm,49,1165,365,21,22,22,0.2152,22.0,0.2152,338,1.000,1.000,4,11,-0.4181,0.0425,0.4203,NO
capture_0024.pgm,50,349,368,23,23,23,0.2249,23.0,0.2249,398,1.000,1.000,4,3,-0.3944,0.0664,0.4000,NO
capture_0024.pgm,51,555,367,21,22,22,0.2152,22.0,0.2152,338,1.000,1.000,4,5,-0.3808,0.0580,0.3852,NO
capture_0024.pgm,52,758,368,23,22,23,0.2249,23.0,0.2249,368,1.000,1.000,4,7,-0.3965,0.0691,0.4025,NO
capture_0024.pgm,53,143,372,25,25,25,0.2445,25.0,0.2445,446,1.000,1.000,4,1,-0.4080,0.1041,0.4211,NO
capture_0024.pgm,54,964,371,21,22,22,0.2152,22.0,0.2152,338,1.000,1.000,4,9,-0.3828,0.0998,0.3956,NO
capture_0024.pgm,55,47,406,24,27,27,0.2641,27.0,0.2641,483,1.000,1.000,4,0,-0.3467,0.0187,0.3472,NO
capture_0024.pgm,56,457,413,26,23,26,0.2543,26.0,0.2543,444,1.000,1.000,4,4,-0.3390,0.0899,0.3507,NO
capture_0024.pgm,57,865,413,23,23,23,0.2249,23.0,0.2249,384,1.000,1.000,4,8,-0.3508,0.0926,0.3628,NO
capture_0024.pgm,58,252,414,21,22,22,0.2152,22.0,0.2152,338,1.000,1.000,4,2,-0.3428,0.0983,0.3566,NO
capture_0024.pgm,59,1066,414,22,22,22,0.2152,22.0,0.2152,360,1.000,1.000,4,10,-0.3861,0.1038,0.3998,NO
capture_0024.pgm,60,659,417,22,23,23,0.2249,23.0,0.2249,368,1.000,1.000,4,6,-0.3645,0.1304,0.3871,NO
capture_0024.pgm,61,1166,454,23,21,23,0.2249,23.0,0.2249,359,1.000,1.000,5,11,-0.4089,0.0621,0.4136,NO
capture_0024.pgm,62,346,455,24,22,24,0.2347,24.0,0.2347,397,1.000,1.000,5,3,-0.4243,0.0664,0.4295,NO
capture_0024.pgm,63,553,456,23,23,23,0.2249,23.0,0.2249,384,1.000,1.000,5,5,-0.4009,0.0775,0.4083,NO
capture_0024.pgm,64,964,455,21,22,22,0.2152,22.0,0.2152,338,1.000,1.000,5,9,-0.3834,0.0705,0.3899,NO
capture_0024.pgm,65,142,459,24,22,24,0.2347,24.0,0.2347,390,1.000,1.000,5,1,-0.4184,0.1041,0.4312,NO
capture_0024.pgm,66,760,460,22,23,23,0.2249,23.0,0.2249,375,1.000,1.000,5,7,-0.3775,0.1180,0.3955,NO
capture_0024.pgm,67,860,497,22,23,23,0.2249,23.0,0.2249,382,1.000,1.000,5,8,-0.4003,0.0633,0.4053,NO
capture_0024.pgm,68,456,500,22,22,22,0.2152,22.0,0.2152,353,1.000,1.000,5,4,-0.3493,0.0899,0.3607,NO
capture_0024.pgm,69,44,501,25,22,25,0.2445,25.0,0.2445,419,1.000,1.000,5,0,-0.3766,0.0969,0.3889,NO
capture_0024.pgm,70,251,501,23,23,23,0.2249,23.0,0.2249,391,1.000,1.000,5,2,-0.3532,0.0983,0.3666,NO
capture_0024.pgm,71,659,501,21,22,22,0.2152,22.0,0.2152,338,1.000,1.000,5,6,-0.3650,0.1010,0.3788,NO
capture_0024.pgm,72,1065,502,24,24,24,0.2347,24.0,0.2347,423,1.000,1.000,5,10,-0.3965,0.1136,0.4124,NO
capture_0024.pgm,73,553,542,23,22,23,0.2249,23.0,0.2249,375,1.000,1.000,6,5,-0.4015,0.0677,0.4072,NO
capture_0024.pgm,74,762,543,22,23,23,0.2249,23.0,0.2249,368,1.000,1.000,6,7,-0.3585,0.0789,0.3671,NO
capture_0024.pgm,75,964,543,24,23,24,0.2347,24.0,0.2347,401,1.000,1.000,6,9,-0.3840,0.0803,0.3923,NO
capture_0024.pgm,76,1166,544,23,24,24,0.2347,24.0,0.2347,400,1.000,1.000,6,11,-0.4095,0.0914,0.4196,NO
capture_0024.pgm,77,144,544,25,22,25,0.2445,25.0,0.2445,406,1.000,1.000,6,1,-0.3994,0.0846,0.4083,NO
capture_0024.pgm,78,350,546,24,22,24,0.2347,24.0,0.2347,387,1.000,1.000,6,3,-0.3858,0.1055,0.4000,NO
capture_0024.pgm,79,456,585,23,23,23,0.2249,23.0,0.2249,391,1.000,1.000,6,4,-0.3499,0.0703,0.3569,NO
capture_0024.pgm,80,45,586,24,24,24,0.2347,24.0,0.2347,416,1.000,1.000,6,0,-0.3674,0.0773,0.3755,NO
capture_0024.pgm,81,860,585,22,22,22,0.2152,22.0,0.2152,360,1.000,1.000,6,8,-0.4009,0.0731,0.4075,NO
capture_0024.pgm,82,1067,587,22,22,22,0.2152,22.0,0.2152,360,1.000,1.000,6,10,-0.3775,0.0940,0.3890,NO
capture_0024.pgm,83,653,589,24,24,24,0.2347,24.0,0.2347,420,1.000,1.000,6,6,-0.4243,0.1108,0.4385,NO
capture_0024.pgm,84,249,590,25,23,25,0.2445,25.0,0.2445,419,1.000,1.000,6,2,-0.3733,0.1178,0.3915,NO
capture_0024.pgm,85,351,630,23,24,24,0.2347,24.0,0.2347,414,1.000,1.000,7,3,-0.3766,0.0761,0.3842,NO
capture_0024.pgm,86,1167,630,23,23,23,0.2249,23.0,0.2249,384,1.000,1.000,7,11,-0.4003,0.0816,0.4085,NO
capture_0024.pgm,87,552,631,26,23,26,0.2543,26.0,0.2543,442,1.000,1.000,7,5,-0.4119,0.0873,0.4210,NO
capture_0024.pgm,88,144,633,24,23,24,0.2347,24.0,0.2347,414,1.000,1.000,7,1,-0.4000,0.1041,0.4133,NO
capture_0024.pgm,89,761,632,22,22,22,0.2152,22.0,0.2152,360,1.000,1.000,7,7,-0.3689,0.0985,0.3818,NO
capture_0024.pgm,90,968,637,25,24,25,0.2445,25.0,0.2445,439,1.000,1.000,7,9,-0.3455,0.1487,0.3761,NO
capture_0024.pgm,91,1265,669,24,25,25,0.2445,25.0,0.2445,446,1.000,1.000,7,12,-0.4427,0.0465,0.4451,NO
capture_0024.pgm,92,44,672,25,24,25,0.2445,25.0,0.2445,447,1.000,1.000,7,0,-0.3778,0.0676,0.3838,NO
capture_0024.pgm,93,252,674,23,24,24,0.2347,24.0,0.2347,414,1.000,1.000,7,2,-0.3446,0.0885,0.3558,NO
capture_0024.pgm,94,453,674,23,23,23,0.2249,23.0,0.2249,398,1.000,1.000,7,4,-0.3799,0.0899,0.3903,NO
capture_0024.pgm,95,657,677,22,22,22,0.2152,22.0,0.2152,360,1.000,1.000,7,6,-0.3858,0.1206,0.4042,NO
capture_0024.pgm,96,1069,677,21,22,22,0.2152,22.0,0.2152,338,1.000,1.000,7,10,-0.3585,0.1233,0.3791,NO
capture_0024.pgm,97,860,680,24,23,24,0.2347,24.0,0.2347,411,1.000,1.000,7,8,-0.4015,0.1513,0.4290,NO
capture_0024.pgm,98,1169,717,23,22,23,0.2249,23.0,0.2249,375,1.000,1.000,8,11,-0.3813,0.0816,0.3900,NO
capture_0024.pgm,99,554,719,22,24,24,0.2347,24.0,0.2347,390,1.000,1.000,8,5,-0.3929,0.0971,0.4047,NO
capture_0024.pgm,100,762,718,21,22,22,0.2152,22.0,0.2152,338,1.000,1.000,8,7,-0.3597,0.0887,0.3705,NO
capture_0024.pgm,101,351,721,25,24,25,0.2445,25.0,0.2445,427,1.000,1.000,8,3,-0.3772,0.1153,0.3944,NO
capture_0024.pgm,102,148,722,22,21,22,0.2152,22.0,0.2152,338,1.000,1.000,8,1,-0.3615,0.1237,0.3821,NO
capture_0024.pgm,103,965,723,22,23,23,0.2249,23.0,0.2249,375,1.000,1.000,8,9,-0.3754,0.1390,0.4003,NO
capture_0024.pgm,104,861,760,22,23,23,0.2249,23.0,0.2249,375,1.000,1.000,8,8,-0.3923,0.0828,0.4009,NO
capture_0024.pgm,105,49,762,27,24,27,0.2641,27.0,0.2641,474,1.000,1.000,8,0,-0.3295,0.0969,0.3434,NO
capture_0024.pgm,106,253,763,23,24,24,0.2347,24.0,0.2347,421,1.000,1.000,8,2,-0.3354,0.1081,0.3524,NO
capture_0024.pgm,107,452,763,23,23,23,0.2249,23.0,0.2249,384,1.000,1.000,8,4,-0.3902,0.1094,0.4053,NO
capture_0024.pgm,108,656,765,23,23,23,0.2249,23.0,0.2249,398,1.000,1.000,8,6,-0.3961,0.1304,0.4170,NO
capture_0024.pgm,109,1068,766,24,26,26,0.2543,26.0,0.2543,461,1.000,1.000,8,10,-0.3689,0.1429,0.3956,NO
capture_0024.pgm,110,1175,805,26,23,26,0.2543,26.0,0.2543,446,1.000,1.000,9,11,-0.3232,0.0914,0.3359,NO
capture_0024.pgm,111,354,807,22,22,22,0.2152,22.0,0.2152,353,1.000,1.000,9,3,-0.3484,0.1055,0.3640,NO
capture_0024.pgm,112,558,810,23,24,24,0.2347,24.0,0.2347,406,1.000,1.000,9,5,-0.3544,0.1362,0.3796,NO
capture_0024.pgm,113,757,811,22,25,25,0.2445,25.0,0.2445,419,1.000,1.000,9,7,-0.4092,0.1474,0.4349,NO
capture_0024.pgm,114,154,815,24,23,24,0.2347,24.0,0.2347,421,1.000,1.000,9,1,-0.3034,0.1824,0.3540,NO
capture_0024.pgm,115,861,845,23,24,24,0.2347,24.0,0.2347,411,1.000,1.000,9,8,-0.3929,0.0633,0.3979,NO
capture_0024.pgm,116,1201,848,23,28,28,0.2738,28.0,0.2738,480,1.000,1.000,10,11,-0.0695,-0.3389,0.3460,NO
capture_0024.pgm,117,658,846,23,23,23,0.2249,23.0,0.2249,398,1.000,1.000,9,6,-0.3772,0.0717,0.3839,NO
capture_0024.pgm,118,48,848,23,23,23,0.2249,23.0,0.2249,398,1.000,1.000,9,0,-0.3398,0.0871,0.3508,NO
capture_0024.pgm,119,453,850,23,23,23,0.2249,23.0,0.2249,391,1.000,1.000,9,4,-0.3810,0.1094,0.3964,NO
capture_0024.pgm,120,1067,850,21,22,22,0.2152,22.0,0.2152,338,1.000,1.000,9,10,-0.3792,0.1136,0.3959,NO
capture_0024.pgm,121,247,853,23,24,24,0.2347,24.0,0.2347,400,1.000,1.000,9,2,-0.3947,0.1374,0.4179,NO
capture_0024.pgm,122,965,890,21,23,23,0.2249,23.0,0.2249,359,1.000,1.000,10,9,-0.3766,0.0705,0.3831,NO
capture_0024.pgm,123,349,891,22,23,23,0.2249,23.0,0.2249,368,1.000,1.000,10,3,-0.3979,0.0761,0.4051,NO
capture_0024.pgm,124,553,891,24,22,24,0.2347,24.0,0.2347,397,1.000,1.000,10,5,-0.4038,0.0775,0.4112,NO
capture_0024.pgm,125,150,892,21,22,22,0.2152,22.0,0.2152,338,1.000,1.000,10,1,-0.3431,0.0846,0.3534,NO
capture_0024.pgm,126,763,893,21,22,22,0.2152,22.0,0.2152,338,1.000,1.000,10,7,-0.3511,0.0985,0.3646,NO
capture_0024.pgm,127,249,936,24,24,24,0.2347,24.0,0.2347,423,1.000,1.000,10,2,-0.3757,0.0983,0.3883,NO
capture_0024.pgm,128,862,935,22,23,23,0.2249,23.0,0.2249,375,1.000,1.000,10,8,-0.3837,0.0926,0.3947,NO
capture_0024.pgm,129,1067,935,24,23,24,0.2347,24.0,0.2347,407,1.000,1.000,10,10,-0.3798,0.0940,0.3913,NO
capture_0024.pgm,130,50,939,24,25,25,0.2445,25.0,0.2445,447,1.000,1.000,10,0,-0.3209,0.1262,0.3448,NO
capture_0024.pgm,131,454,940,26,25,26,0.2543,26.0,0.2543,477,1.000,1.000,10,4,-0.3718,0.1388,0.3969,NO
capture_0024.pgm,132,659,942,23,23,23,0.2249,23.0,0.2249,398,1.000,1.000,10,6,-0.3680,0.1597,0.4011,NO
capture_0024.pgm,133,753,973,24,23,24,0.2347,24.0,0.2347,398,1.000,1.000,11,7,-0.4495,0.0300,0.4505,NO
capture_0024.pgm,134,344,974,22,24,24,0.2347,24.0,0.2347,397,1.000,1.000,11,3,-0.4474,0.0370,0.4489,NO
capture_0024.pgm,135,1161,974,23,23,23,0.2249,23.0,0.2249,384,1.000,1.000,11,11,-0.4613,0.0425,0.4633,NO
capture_0024.pgm,136,958,975,21,22,22,0.2152,22.0,0.2152,338,1.000,1.000,11,9,-0.4456,0.0509,0.4485,NO
capture_0024.pgm,137,546,982,23,24,24,0.2347,24.0,0.2347,414,1.000,1.000,11,5,-0.4729,0.1166,0.4871,NO
capture_0024.pgm,138,139,982,23,22,23,0.2249,23.0,0.2249,382,1.000,1.000,11,1,-0.4513,0.1139,0.4654,NO
capture_0024.pgm,SUMMARY,,,,,,,,,,,,,,,,,
capture_0024.pgm,Count,138,,,,,,,,,,,,,,,
capture_0024.pgm,Missed,2,,,,,,,,,,,,,,,
capture_0024.pgm,Mean,,,,,,,,0.2306,,,,,,,,
capture_0024.pgm,Median,,,,,,,,0.2249,,,,,,,,
capture_0024.pgm,StdDev,,,,,,,,0.0128,,,,,,,,
capture_0024.pgm,Min,,,,,,,,0.2152,,,,,,,,
capture_0024.pgm,Max,,,,,,,,0.2738,,,,,,,,
capture_0025.pgm,1,686,20,23,23,23,0.2249,23.0,0.2249,388,1.000,1.000,0,6,-0.0981,-0.3488,0.3624,NO
capture_0025.pgm,2,280,20,23,23,23,0.2249,23.0,0.2249,388,1.000,1.000,0,2,-0.0667,-0.3516,0.3579,NO
capture_0025.pgm,3,485,22,23,23,23,0.2249,23.0,0.2249,388,1.000,1.000,0,4,-0.0628,-0.3307,0.3366,NO
capture_0025.pgm,4,74,25,25,24,25,0.2445,25.0,0.2445,437,1.000,1.000,0,0,-0.0803,-0.3041,0.3145,NO
capture_0025.pgm,5,892,25,23,24,24,0.2347,24.0,0.2347,413,1.000,1.000,0,8,-0.0844,-0.2986,0.3103,NO
capture_0025.pgm,6,1096,27,23,23,23,0.2249,23.0,0.2249,405,1.000,1.000,0,10,-0.0904,-0.2776,0.2920,NO
capture_0025.pgm,7,1198,62,22,24,24,0.2347,24.0,0.2347,390,1.000,1.000,1,11,-0.0936,-0.3682,0.3799,NO
capture_0025.pgm,8,788,62,22,23,23,0.2249,23.0,0.2249,372,1.000,1.000,1,7,-0.1013,-0.3710,0.3846,NO
capture_0025.pgm,9,584,64,23,24,24,0.2347,24.0,0.2347,407,1.000,1.000,1,5,-0.0954,-0.3528,0.3655,NO
capture_0025.pgm,10,995,65,24,24,24,0.2347,24.0,0.2347,430,1.000,1.000,1,9,-0.0779,-0.3403,0.3491,NO
capture_0025.pgm,11,382,68,25,25,25,0.2445,25.0,0.2445,472,1.000,1.000,1,3,-0.0699,-0.3151,0.3227,NO
capture_0025.pgm,12,178,69,23,23,23,0.2249,23.0,0.2249,388,1.000,1.000,1,1,-0.0640,-0.3066,0.3133,NO
capture_0025.pgm,13,687,106,23,23,23,0.2249,23.0,0.2249,388,1.000,1.000,1,6,-0.0889,-0.3586,0.3695,NO
capture_0025.pgm,14,280,107,23,24,24,0.2347,24.0,0.2347,408,1.000,1.000,1,2,-0.0672,-0.3516,0.3580,NO
capture_0025.pgm,15,1098,108,22,23,23,0.2249,23.0,0.2249,368,1.000,1.000,1,10,-0.0714,-0.3363,0.3438,NO
capture_0025.pgm,16,75,109,23,22,23,0.2249,23.0,0.2249,368,1.000,1.000,1,0,-0.0711,-0.3334,0.3409,NO
capture_0025.pgm,17,486,109,22,22,22,0.2152,22.0,0.2152,353,1.000,1.000,1,4,-0.0536,-0.3307,0.3350,NO
capture_0025.pgm,18,899,113,24,23,24,0.2347,24.0,0.2347,407,1.000,1.000,1,8,-0.0166,-0.2888,0.2893,NO
capture_0025.pgm,19,1201,148,24,23,24,0.2347,24.0,0.2347,406,1.000,1.000,2,11,-0.0649,-0.3780,0.3835,NO
capture_0025.pgm,20,178,151,22,22,22,0.2152,22.0,0.2152,353,1.000,1.000,2,1,-0.0646,-0.3555,0.3614,NO
capture_0025.pgm,21,380,152,23,22,23,0.2249,23.0,0.2249,368,1.000,1.000,2,3,-0.0901,-0.3444,0.3560,NO
capture_0025.pgm,22,997,152,21,21,21,0.2054,21.0,0.2054,317,1.000,1.000,2,9,-0.0589,-0.3403,0.3453,NO
capture_0025.pgm,23,790,154,24,25,25,0.2445,25.0,0.2445,444,1.000,1.000,2,7,-0.0824,-0.3221,0.3324,NO
capture_0025.pgm,24,580,154,24,23,24,0.2347,24.0,0.2347,411,1.000,1.000,2,5,-0.1351,-0.3235,0.3505,NO
capture_0025.pgm,25,687,194,23,23,23,0.2249,23.0,0.2249,391,1.000,1.000,2,6,-0.0895,-0.3488,0.3601,NO
capture_0025.pgm,26,280,195,21,22,22,0.2152,22.0,0.2152,338,1.000,1.000,2,2,-0.0678,-0.3418,0.3485,NO
capture_0025.pgm,27,893,195,21,21,21,0.2054,21.0,0.2054,317,1.000,1.000,2,8,-0.0758,-0.3377,0.3461,NO
capture_0025.pgm,28,1100,196,21,22,22,0.2152,22.0,0.2152,338,1.000,1.000,2,10,-0.0524,-0.3265,0.3307,NO
capture_0025.pgm,29,77,199,24,24,24,0.2347,24.0,0.2347,416,1.000,1.000,2,0,-0.0521,-0.3041,0.3085,NO
capture_0025.pgm,30,488,198,21,21,21,0.2054,21.0,0.2054,317,1.000,1.000,2,4,-0.0346,-0.3111,0.3130,NO
capture_0025.pgm,31,1002,236,24,24,24,0.2347,24.0,0.2347,428,1.000,1.000,3,9,-0.0106,-0.3696,0.3698,NO
capture_0025.pgm,32,795,238,24,23,24,0.2347,24.0,0.2347,407,1.000,1.000,3,7,-0.0340,-0.3514,0.3531,NO
capture_0025.pgm,33,1197,240,24,23,24,0.2347,24.0,0.2347,403,1.000,1.000,3,11,-0.1046,-0.3291,0.3453,NO
capture_0025.pgm,34,380,243,23,24,24,0.2347,24.0,0.2347,406,1.000,1.000,3,3,-0.0906,-0.3053,0.3184,NO
capture_0025.pgm,35,583,243,25,23,25,0.2445,25.0,0.2445,437,1.000,1.000,3,5,-0.1063,-0.3039,0.3220,NO
capture_0025.pgm,36,178,248,23,23,23,0.2249,23.0,0.2249,391,1.000,1.000,3,1,-0.0652,-0.2577,0.2659,NO
capture_0025.pgm,37,687,279,23,22,23,0.2249,23.0,0.2249,372,1.000,1.000,3,6,-0.0900,-0.3684,0.3793,NO
capture_0025.pgm,38,280,280,21,21,21,0.2054,21.0,0.2054,317,1.000,1.000,3,2,-0.0684,-0.3614,0.3678,NO
capture_0025.pgm,39,75,283,23,22,23,0.2249,23.0,0.2249,368,1.000,1.000,3,0,-0.0723,-0.3334,0.3412,NO
capture_0025.pgm,40,1100,283,22,23,23,0.2249,23.0,0.2249,365,1.000,1.000,3,10,-0.0530,-0.3265,0.3308,NO
capture_0025.pgm,41,489,289,23,23,23,0.2249,23.0,0.2249,398,1.000,1.000,3,4,-0.0254,-0.2720,0.2732,NO
capture_0025.pgm,42,1199,324,23,24,24,0.2347,24.0,0.2347,408,1.000,1.000,4,11,-0.0856,-0.3585,0.3685,NO
capture_0025.pgm,43,998,325,24,23,24,0.2347,24.0,0.2347,404,1.000,1.000,4,9,-0.0503,-0.3500,0.3536,NO
capture_0025.pgm,44,382,326,24,24,24,0.2347,24.0,0.2347,428,1.000,1.000,4,3,-0.0717,-0.3444,0.3518,NO
capture_0025.pgm,45,178,326,25,22,25,0.2445,25.0,0.2445,412,1.000,1.000,4,1,-0.0657,-0.3458,0.3520,NO
capture_0025.pgm,46,584,326,23,22,23,0.2249,23.0,0.2249,368,1.000,1.000,4,5,-0.0972,-0.3430,0.3565,NO
capture_0025.pgm,47,793,330,21,21,21,0.2054,21.0,0.2054,317,1.000,1.000,4,7,-0.0542,-0.3025,0.3073,NO
capture_0025.pgm,48,278,369,24,24,24,0.2347,24.0,0.2347,421,1.000,1.000,4,2,-0.0886,-0.3418,0.3531,NO
capture_0025.pgm,49,686,368,21,21,21,0.2054,21.0,0.2054,317,1.000,1.000,4,6,-0.1004,-0.3488,0.3630,NO
capture_0025.pgm,50,1097,369,21,22,22,0.2152,22.0,0.2152,338,1.000,1.000,4,10,-0.0829,-0.3363,0.3464,NO
capture_0025.pgm,51,75,372,23,22,23,0.2249,23.0,0.2249,375,1.000,1.000,4,0,-0.0728,-0.3139,0.3222,NO
capture_0025.pgm,52,486,375,25,23,25,0.2445,25.0,0.2445,441,1.000,1.000,4,4,-0.0554,-0.2818,0.2871,NO
capture_0025.pgm,53,893,374,23,23,23,0.2249,23.0,0.2249,398,1.000,1.000,4,8,-0.0770,-0.2888,0.2989,NO
capture_0025.pgm,54,588,413,24,24,24,0.2347,24.0,0.2347,431,1.000,1.000,5,5,-0.0586,-0.3430,0.3480,NO
capture_0025.pgm,55,992,412,25,22,25,0.2445,25.0,0.2445,412,1.000,1.000,5,9,-0.1096,-0.3500,0.3668,NO
capture_0025.pgm,56,791,414,25,24,25,0.2445,25.0,0.2445,444,1.000,1.000,5,7,-0.0743,-0.3319,0.3401,NO
capture_0025.pgm,57,1196,414,25,23,25,0.2445,25.0,0.2445,426,1.000,1.000,5,11,-0.1155,-0.3291,0.3488,NO
capture_0025.pgm,58,180,415,25,24,25,0.2445,25.0,0.2445,462,1.000,1.000,5,1,-0.0468,-0.3262,0.3295,NO
capture_0025.pgm,59,388,418,22,24,24,0.2347,24.0,0.2347,397,1.000,1.000,5,3,-0.0136,-0.2955,0.2958,NO
capture_0025.pgm,60,277,457,24,23,24,0.2347,24.0,0.2347,404,1.000,1.000,5,2,-0.0989,-0.3320,0.3465,NO
capture_0025.pgm,61,1094,456,24,21,24,0.2347,24.0,0.2347,380,1.000,1.000,5,10,-0.1128,-0.3363,0.3547,NO
capture_0025.pgm,62,479,458,24,24,24,0.2347,24.0,0.2347,424,1.000,1.000,5,4,-0.1244,-0.3209,0.3442,NO
capture_0025.pgm,63,73,459,26,23,26,0.2543,26.0,0.2543,453,1.000,1.000,5,0,-0.0930,-0.3139,0.3273,NO
capture_0025.pgm,64,690,459,21,22,22,0.2152,22.0,0.2152,338,1.000,1.000,5,6,-0.0619,-0.3097,0.3158,NO
capture_0025.pgm,65,889,462,22,22,22,0.2152,22.0,0.2152,346,1.000,1.000,5,8,-0.1167,-0.2790,0.3024,NO
capture_0025.pgm,66,996,498,22,23,23,0.2249,23.0,0.2249,382,1.000,1.000,6,9,-0.0711,-0.3598,0.3668,NO
capture_0025.pgm,67,791,500,23,23,23,0.2249,23.0,0.2249,391,1.000,1.000,6,7,-0.0749,-0.3416,0.3498,NO
capture_0025.pgm,68,179,500,24,23,24,0.2347,24.0,0.2347,407,1.000,1.000,6,1,-0.0571,-0.3458,0.3505,NO
capture_0025.pgm,69,586,501,21,22,22,0.2152,22.0,0.2152,338,1.000,1.000,6,5,-0.0788,-0.3332,0.3424,NO
capture_0025.pgm,70,1197,502,25,23,25,0.2445,25.0,0.2445,430,1.000,1.000,6,11,-0.1063,-0.3193,0.3366,NO
capture_0025.pgm,71,383,507,24,23,24,0.2347,24.0,0.2347,407,1.000,1.000,6,3,-0.0631,-0.2759,0.2830,NO
capture_0025.pgm,72,276,542,24,22,24,0.2347,24.0,0.2347,397,1.000,1.000,6,2,-0.1093,-0.3516,0.3682,NO
capture_0025.pgm,73,686,544,25,23,25,0.2445,25.0,0.2445,422,1.000,1.000,6,6,-0.1016,-0.3293,0.3446,NO
capture_0025.pgm,74,1095,544,23,22,23,0.2249,23.0,0.2249,382,1.000,1.000,6,10,-0.1036,-0.3265,0.3426,NO
capture_0025.pgm,75,74,546,22,21,22,0.2152,22.0,0.2152,338,1.000,1.000,6,0,-0.0838,-0.3139,0.3248,NO
capture_0025.pgm,76,898,549,24,22,24,0.2347,24.0,0.2347,397,1.000,1.000,6,8,-0.0293,-0.2790,0.2805,NO
capture_0025.pgm,77,484,550,24,22,24,0.2347,24.0,0.2347,397,1.000,1.000,6,4,-0.0761,-0.2720,0.2824,NO
capture_0025.pgm,78,996,583,23,22,23,0.2249,23.0,0.2249,382,1.000,1.000,7,9,-0.0716,-0.3794,0.3861,NO
capture_0025.pgm,79,794,585,23,23,23,0.2249,23.0,0.2249,384,1.000,1.000,7,7,-0.0462,-0.3612,0.3641,NO
capture_0025.pgm,80,1200,585,23,22,23,0.2249,23.0,0.2249,382,1.000,1.000,7,11,-0.0776,-0.3585,0.3667,NO
capture_0025.pgm,81,177,586,23,22,23,0.2249,23.0,0.2249,375,1.000,1.000,7,1,-0.0773,-0.3555,0.3638,NO
capture_0025.pgm,82,587,587,25,22,25,0.2445,25.0,0.2445,419,1.000,1.000,7,5,-0.0696,-0.3430,0.3500,NO
capture_0025.pgm,83,385,593,23,24,24,0.2347,24.0,0.2347,414,1.000,1.000,7,3,-0.0441,-0.2857,0.2891,NO
capture_0025.pgm,84,893,627,23,24,24,0.2347,24.0,0.2347,396,1.000,1.000,7,8,-0.0787,-0.3670,0.3754,NO
capture_0025.pgm,85,279,631,22,23,23,0.2249,23.0,0.2249,368,1.000,1.000,7,2,-0.0805,-0.3320,0.3417,NO
capture_0025.pgm,86,1094,632,24,23,24,0.2347,24.0,0.2347,414,1.000,1.000,7,10,-0.1140,-0.3168,0.3366,NO
capture_0025.pgm,87,75,633,24,23,24,0.2347,24.0,0.2347,414,1.000,1.000,7,0,-0.0746,-0.3139,0.3226,NO
capture_0025.pgm,88,687,636,22,23,23,0.2249,23.0,0.2249,382,1.000,1.000,7,6,-0.0924,-0.2804,0.2952,NO
capture_0025.pgm,89,484,637,23,25,25,0.2445,25.0,0.2445,444,1.000,1.000,7,4,-0.0767,-0.2720,0.2826,NO
capture_0025.pgm,90,997,674,22,24,24,0.2347,24.0,0.2347,397,1.000,1.000,8,9,-0.0624,-0.3403,0.3459,NO
capture_0025.pgm,91,179,675,24,24,24,0.2347,24.0,0.2347,438,1.000,1.000,8,1,-0.0583,-0.3360,0.3410,NO
capture_0025.pgm,92,383,676,24,24,24,0.2347,24.0,0.2347,423,1.000,1.000,8,3,-0.0642,-0.3248,0.3311,NO
capture_0025.pgm,93,1199,675,24,22,24,0.2347,24.0,0.2347,397,1.000,1.000,8,11,-0.0879,-0.3291,0.3407,NO
capture_0025.pgm,94,795,679,21,25,25,0.2445,25.0,0.2445,401,1.000,1.000,8,7,-0.0370,-0.2927,0.2951,NO
capture_0025.pgm,95,589,679,23,23,23,0.2249,23.0,0.2249,388,1.000,1.000,8,5,-0.0506,-0.2941,0.2984,NO
capture_0025.pgm,96,280,720,24,25,25,0.2445,25.0,0.2445,432,1.000,1.000,8,2,-0.0713,-0.3125,0.3205,NO
capture_0025.pgm,97,895,718,22,22,22,0.2152,22.0,0.2152,353,1.000,1.000,8,8,-0.0598,-0.3279,0.3333,NO
capture_0025.pgm,98,1096,722,23,26,26,0.2543,26.0,0.2543,439,1.000,1.000,8,10,-0.0950,-0.2874,0.3027,NO
capture_0025.pgm,99,74,721,23,22,23,0.2249,23.0,0.2249,375,1.000,1.000,8,0,-0.0850,-0.3041,0.3157,NO
capture_0025.pgm,100,485,723,23,23,23,0.2249,23.0,0.2249,391,1.000,1.000,8,4,-0.0675,-0.2818,0.2897,NO
capture_0025.pgm,101,686,723,23,23,23,0.2249,23.0,0.2249,383,1.000,1.000,8,6,-0.1027,-0.2804,0.2986,NO
capture_0025.pgm,102,995,758,22,23,23,0.2249,23.0,0.2249,375,1.000,1.000,9,9,-0.0826,-0.3696,0.3787,NO
capture_0025.pgm,103,178,760,24,23,24,0.2347,24.0,0.2347,414,1.000,1.000,9,1,-0.0687,-0.3555,0.3621,NO
capture_0025.pgm,104,383,761,23,26,26,0.2543,26.0,0.2543,464,1.000,1.000,9,3,-0.0648,-0.3444,0.3504,NO
capture_0025.pgm,105,795,760,24,25,25,0.2445,25.0,0.2445,437,1.000,1.000,9,7,-0.0375,-0.3514,0.3534,NO
capture_0025.pgm,106,587,762,24,23,24,0.2347,24.0,0.2347,414,1.000,1.000,9,5,-0.0707,-0.3332,0.3407,NO
capture_0025.pgm,107,1202,765,25,25,25,0.2445,25.0,0.2445,468,1.000,1.000,9,11,-0.0592,-0.2998,0.3056,NO
capture_0025.pgm,108,1099,806,22,22,22,0.2152,22.0,0.2152,346,1.000,1.000,9,10,-0.0663,-0.3168,0.3236,NO
capture_0025.pgm,109,898,807,23,22,23,0.2249,23.0,0.2249,375,1.000,1.000,9,8,-0.0310,-0.3084,0.3099,NO
capture_0025.pgm,110,691,809,24,24,24,0.2347,24.0,0.2347,423,1.000,1.000,9,6,-0.0544,-0.2902,0.2952,NO
capture_0025.pgm,111,281,810,23,23,23,0.2249,23.0,0.2249,391,1.000,1.000,9,2,-0.0621,-0.2831,0.2899,NO
capture_0025.pgm,112,73,814,27,23,27,0.2641,27.0,0.2641,460,1.000,1.000,9,0,-0.0953,-0.2454,0.2633,NO
capture_0025.pgm,113,485,817,24,24,24,0.2347,24.0,0.2347,424,1.000,1.000,9,4,-0.0681,-0.2133,0.2239,NO
capture_0025.pgm,114,996,845,22,22,22,0.2152,22.0,0.2152,360,1.000,1.000,10,9,-0.0734,-0.3696,0.3768,NO
capture_0025.pgm,115,380,847,26,24,26,0.2543,26.0,0.2543,466,1.000,1.000,10,3,-0.0947,-0.3542,0.3666,NO
capture_0025.pgm,116,793,848,26,23,26,0.2543,26.0,0.2543,444,1.000,1.000,10,7,-0.0577,-0.3416,0.3465,NO
capture_0025.pgm,117,1209,850,25,24,25,0.2445,25.0,0.2445,444,1.000,1.000,10,11,0.0087,-0.3193,0.3194,NO
capture_0025.pgm,118,585,852,23,23,23,0.2249,23.0,0.2249,391,1.000,1.000,10,5,-0.0909,-0.3039,0.3172,NO
capture_0025.pgm,119,177,852,26,22,26,0.2543,26.0,0.2543,438,1.000,1.000,10,1,-0.0790,-0.3066,0.3167,NO
capture_0025.pgm,120,282,891,23,25,25,0.2445,25.0,0.2445,421,1.000,1.000,10,2,-0.0529,-0.3418,0.3459,NO
capture_0025.pgm,121,484,890,24,22,24,0.2347,24.0,0.2347,397,1.000,1.000,10,4,-0.0784,-0.3502,0.3589,NO
capture_0025.pgm,122,898,893,26,23,26,0.2543,26.0,0.2543,444,1.000,1.000,10,8,-0.0316,-0.3181,0.3197,NO
capture_0025.pgm,123,1098,892,24,23,24,0.2347,24.0,0.2347,407,1.000,1.000,10,10,-0.0766,-0.3265,0.3354,NO
capture_0025.pgm,124,82,897,22,26,26,0.2543,26.0,0.2543,438,1.000,1.000,10,0,-0.0079,-0.2845,0.2846,NO
capture_0025.pgm,125,1206,936,23,25,25,0.2445,25.0,0.2445,437,1.000,1.000,11,11,-0.0212,-0.3291,0.3298,NO
capture_0025.pgm,126,179,935,23,22,23,0.2249,23.0,0.2249,375,1.000,1.000,11,1,-0.0601,-0.3458,0.3509,NO
capture_0025.pgm,127,382,937,24,23,24,0.2347,24.0,0.2347,400,1.000,1.000,11,3,-0.0758,-0.3248,0.3335,NO
capture_0025.pgm,128,996,937,23,24,24,0.2347,24.0,0.2347,421,1.000,1.000,11,9,-0.0740,-0.3207,0.3291,NO
capture_0025.pgm,129,595,938,25,25,25,0.2445,25.0,0.2445,473,1.000,1.000,11,5,0.0063,-0.3137,0.3137,NO
capture_0025.pgm,130,791,940,25,26,26,0.2543,26.0,0.2543,473,1.000,1.000,11,7,-0.0778,-0.2927,0.3029,NO
capture_0025.pgm,131,475,973,25,24,25,0.2445,25.0,0.2445,439,1.000,1.000,11,4,-0.1670,-0.3893,0.4237,NO
capture_0025.pgm,132,1088,974,22,24,24,0.2347,24.0,0.2347,397,1.000,1.000,11,10,-0.1750,-0.3754,0.4142,NO
capture_0025.pgm,133,66,979,25,24,25,0.2445,25.0,0.2445,444,1.000,1.000,11,0,-0.1650,-0.3334,0.3720,NO
capture_0025.pgm,134,679,979,23,23,23,0.2249,23.0,0.2249,390,1.000,1.000,11,6,-0.1730,-0.3293,0.3719,NO
capture_0025.pgm,135,268,982,23,24,24,0.2347,24.0,0.2347,409,1.000,1.000,11,2,-0.1904,-0.3027,0.3576,NO
capture_0025.pgm,136,888,982,21,23,23,0.2249,23.0,0.2249,359,1.000,1.000,11,8,-0.1300,-0.2986,0.3256,NO
capture_0025.pgm,SUMMARY,,,,,,,,,,,,,,,,,
capture_0025.pgm,Count,136,,,,,,,,,,,,,,,
capture_0025.pgm,Missed,2,,,,,,,,,,,,,,,
capture_0025.pgm,Mean,,,,,,,,0.2321,,,,,,,,
capture_0025.pgm,Median,,,,,,,,0.2347,,,,,,,,
capture_0025.pgm,StdDev,,,,,,,,0.0119,,,,,,,,
capture_0025.pgm,Min,,,,,,,,0.2054,,,,,,,,
capture_0025.pgm,Max,,,,,,,,0.2641,,,,,,,,
capture_0026.pgm,1,483,38,24,25,25,0.2445,25.0,0.2445,441,1.000,1.000,0,4,-0.0824,-0.1742,0.1927,NO
capture_0026.pgm,2,77,40,23,24,24,0.2347,24.0,0.2347,414,1.000,1.000,0,0,-0.0509,-0.1574,0.1654,NO
capture_0026.pgm,3,283,40,23,23,23,0.2249,23.0,0.2249,398,1.000,1.000,0,2,-0.0373,-0.1560,0.1604,NO
capture_0026.pgm,4,895,40,23,24,24,0.2347,24.0,0.2347,414,1.000,1.000,0,8,-0.0551,-0.1519,0.1616,NO
capture_0026.pgm,5,1097,39,21,21,21,0.2054,21.0,0.2054,317,1.000,1.000,0,10,-0.0806,-0.1603,0.1794,NO
capture_0026.pgm,6,687,43,26,25,26,0.2543,26.0,0.2543,478,1.000,1.000,0,6,-0.0883,-0.1239,0.1521,NO
capture_0026.pgm,7,791,80,22,23,23,0.2249,23.0,0.2249,375,1.000,1.000,1,7,-0.0720,-0.1949,0.2078,NO
capture_0026.pgm,8,992,79,22,22,22,0.2152,22.0,0.2152,360,1.000,1.000,1,9,-0.1073,-0.2034,0.2299,NO
capture_0026.pgm,9,586,80,25,23,25,0.2445,25.0,0.2445,429,1.000,1.000,1,5,-0.0758,-0.1963,0.2105,NO
capture_0026.pgm,10,380,82,23,23,23,0.2249,23.0,0.2249,398,1.000,1.000,1,3,-0.0895,-0.1781,0.1993,NO
capture_0026.pgm,11,179,82,23,22,23,0.2249,23.0,0.2249,375,1.000,1.000,1,1,-0.0542,-0.1795,0.1875,NO
capture_0026.pgm,12,1202,86,22,21,22,0.2152,22.0,0.2152,338,1.000,1.000,1,11,-0.0545,-0.1335,0.1442,NO
capture_0026.pgm,13,1096,122,25,24,25,0.2445,25.0,0.2445,431,1.000,1.000,1,10,-0.0909,-0.1994,0.2192,NO
capture_0026.pgm,14,283,124,24,24,24,0.2347,24.0,0.2347,410,1.000,1.000,1,2,-0.0379,-0.1853,0.1892,NO
capture_0026.pgm,15,485,124,21,21,21,0.2054,21.0,0.2054,317,1.000,1.000,1,4,-0.0634,-0.1840,0.1946,NO
capture_0026.pgm,16,684,125,23,23,23,0.2249,23.0,0.2249,384,1.000,1.000,1,6,-0.1182,-0.1728,0.2094,NO
capture_0026.pgm,17,77,127,25,24,25,0.2445,25.0,0.2445,447,1.000,1.000,1,0,-0.0515,-0.1574,0.1656,NO
capture_0026.pgm,18,891,127,25,23,25,0.2445,25.0,0.2445,421,1.000,1.000,1,8,-0.0948,-0.1519,0.1790,NO
capture_0026.pgm,19,787,166,25,28,28,0.2738,28.0,0.2738,533,1.000,1.000,2,7,-0.1117,-0.2047,0.2332,NO
capture_0026.pgm,20,379,168,24,22,24,0.2347,24.0,0.2347,387,1.000,1.000,2,3,-0.0998,-0.1879,0.2128,NO
capture_0026.pgm,21,995,170,22,25,25,0.2445,25.0,0.2445,416,1.000,1.000,2,9,-0.0785,-0.1642,0.1820,NO
capture_0026.pgm,22,178,169,23,22,23,0.2249,23.0,0.2249,375,1.000,1.000,2,1,-0.0646,-0.1795,0.1908,NO
capture_0026.pgm,23,585,170,22,22,22,0.2152,22.0,0.2152,353,1.000,1.000,2,5,-0.0862,-0.1670,0.1879,NO
capture_0026.pgm,24,1203,170,23,23,23,0.2249,23.0,0.2249,384,1.000,1.000,2,11,-0.0453,-0.1629,0.1690,NO
capture_0026.pgm,25,76,210,23,23,23,0.2249,23.0,0.2249,388,1.000,1.000,2,0,-0.0619,-0.1965,0.2060,NO
capture_0026.pgm,26,484,211,22,22,22,0.2152,22.0,0.2152,353,1.000,1.000,2,4,-0.0737,-0.1840,0.1982,NO
capture_0026.pgm,27,895,213,22,25,25,0.2445,25.0,0.2445,406,1.000,1.000,2,8,-0.0563,-0.1617,0.1712,NO
capture_0026.pgm,28,690,212,24,23,24,0.2347,24.0,0.2347,421,1.000,1.000,2,6,-0.0601,-0.1728,0.1830,NO
capture_0026.pgm,29,285,214,22,24,24,0.2347,24.0,0.2347,390,1.000,1.000,2,2,-0.0189,-0.1560,0.1571,NO
capture_0026.pgm,30,1099,213,23,22,23,0.2249,23.0,0.2249,375,1.000,1.000,2,10,-0.0622,-0.1603,0.1719,NO
capture_0026.pgm,31,589,251,22,23,23,0.2249,23.0,0.2249,368,1.000,1.000,3,5,-0.0477,-0.2257,0.2306,NO
capture_0026.pgm,32,178,254,23,22,23,0.2249,23.0,0.2249,375,1.000,1.000,3,1,-0.0652,-0.1991,0.2095,NO
capture_0026.pgm,33,1202,256,22,23,23,0.2249,23.0,0.2249,375,1.000,1.000,3,11,-0.0557,-0.1726,0.1814,NO
capture_0026.pgm,34,786,258,24,23,24,0.2347,24.0,0.2347,400,1.000,1.000,3,7,-0.1221,-0.1558,0.1979,NO
capture_0026.pgm,35,997,257,23,23,23,0.2249,23.0,0.2249,398,1.000,1.000,3,9,-0.0595,-0.1642,0.1747,NO
capture_0026.pgm,36,391,265,25,23,25,0.2445,25.0,0.2445,437,1.000,1.000,3,3,0.0169,-0.0901,0.0917,NO
capture_0026.pgm,37,687,297,23,23,23,0.2249,23.0,0.2249,388,1.000,1.000,3,6,-0.0900,-0.1924,0.2124,NO
capture_0026.pgm,38,283,298,23,23,23,0.2249,23.0,0.2249,398,1.000,1.000,3,2,-0.0391,-0.1853,0.1894,NO
capture_0026.pgm,39,1098,299,22,22,22,0.2152,22.0,0.2152,360,1.000,1.000,3,10,-0.0726,-0.1701,0.1849,NO
capture_0026.pgm,40,73,301,23,23,23,0.2249,23.0,0.2249,391,1.000,1.000,3,0,-0.0918,-0.1574,0.1822,NO
capture_0026.pgm,41,484,301,23,23,23,0.2249,23.0,0.2249,391,1.000,1.000,3,4,-0.0743,-0.1546,0.1716,NO
capture_0026.pgm,42,893,301,24,22,24,0.2347,24.0,0.2347,397,1.000,1.000,3,8,-0.0764,-0.1519,0.1700,NO
capture_0026.pgm,43,1201,340,23,24,24,0.2347,24.0,0.2347,414,1.000,1.000,4,11,-0.0660,-0.2020,0.2125,NO
capture_0026.pgm,44,587,342,24,24,24,0.2347,24.0,0.2347,425,1.000,1.000,4,5,-0.0678,-0.1865,0.1985,NO
capture_0026.pgm,45,175,343,24,25,25,0.2445,25.0,0.2445,447,1.000,1.000,4,1,-0.0951,-0.1795,0.2031,NO
capture_0026.pgm,46,788,345,23,22,23,0.2249,23.0,0.2249,368,1.000,1.000,4,7,-0.1031,-0.1558,0.1868,NO
capture_0026.pgm,47,996,347,23,23,23,0.2249,23.0,0.2249,395,1.000,1.000,4,9,-0.0699,-0.1349,0.1519,NO
capture_0026.pgm,48,382,348,24,23,24,0.2347,24.0,0.2347,399,1.000,1.000,4,3,-0.0717,-0.1292,0.1478,NO
capture_0026.pgm,49,684,385,24,22,24,0.2347,24.0,0.2347,397,1.000,1.000,4,6,-0.1200,-0.1826,0.2185,NO
capture_0026.pgm,50,893,387,24,24,24,0.2347,24.0,0.2347,422,1.000,1.000,4,8,-0.0770,-0.1617,0.1791,NO
capture_0026.pgm,51,1098,386,21,22,22,0.2152,22.0,0.2152,338,1.000,1.000,4,10,-0.0731,-0.1701,0.1851,NO
capture_0026.pgm,52,282,387,23,22,23,0.2249,23.0,0.2249,375,1.000,1.000,4,2,-0.0494,-0.1658,0.1730,NO
capture_0026.pgm,53,484,388,26,22,26,0.2543,26.0,0.2543,438,1.000,1.000,4,4,-0.0749,-0.1546,0.1718,NO
capture_0026.pgm,54,74,389,24,22,24,0.2347,24.0,0.2347,397,1.000,1.000,4,0,-0.0826,-0.1476,0.1691,NO
capture_0026.pgm,55,382,430,22,22,22,0.2152,22.0,0.2152,360,1.000,1.000,5,3,-0.0723,-0.1781,0.1922,NO
capture_0026.pgm,56,584,430,23,22,23,0.2249,23.0,0.2249,375,1.000,1.000,5,5,-0.0977,-0.1768,0.2020,NO
capture_0026.pgm,57,787,432,24,24,24,0.2347,24.0,0.2347,431,1.000,1.000,5,7,-0.1134,-0.1558,0.1927,NO
capture_0026.pgm,58,993,432,24,23,24,0.2347,24.0,0.2347,400,1.000,1.000,5,9,-0.0998,-0.1544,0.1839,NO
capture_0026.pgm,59,1202,432,23,24,24,0.2347,24.0,0.2347,400,1.000,1.000,5,11,-0.0568,-0.1531,0.1633,NO
capture_0026.pgm,60,180,432,23,22,23,0.2249,23.0,0.2249,368,1.000,1.000,5,1,-0.0468,-0.1599,0.1666,NO
capture_0026.pgm,61,468,453,31,38,38,0.3716,38.0,0.3716,817,1.000,1.000,5,4,-0.2320,-0.3698,0.4365,NO
capture_0026.pgm,62,75,474,23,23,23,0.2249,23.0,0.2249,405,1.000,1.000,5,0,-0.0734,-0.1672,0.1826,NO
capture_0026.pgm,63,486,473,21,21,21,0.2054,21.0,0.2054,317,1.000,1.000,5,4,-0.0559,-0.1742,0.1829,NO
capture_0026.pgm,64,1100,474,22,23,23,0.2249,23.0,0.2249,382,1.000,1.000,5,10,-0.0542,-0.1603,0.1692,NO
capture_0026.pgm,65,686,475,24,24,24,0.2347,24.0,0.2347,421,1.000,1.000,5,6,-0.1010,-0.1532,0.1835,NO
capture_0026.pgm,66,892,474,23,22,23,0.2249,23.0,0.2249,375,1.000,1.000,5,8,-0.0874,-0.1617,0.1837,NO
capture_0026.pgm,67,288,475,25,23,25,0.2445,25.0,0.2445,441,1.000,1.000,5,2,0.0087,-0.1560,0.1562,NO
capture_0026.pgm,68,999,512,23,23,23,0.2249,23.0,0.2249,398,1.000,1.000,6,9,-0.0417,-0.2229,0.2268,NO
capture_0026.pgm,69,791,514,22,22,22,0.2152,22.0,0.2152,360,1.000,1.000,6,7,-0.0749,-0.2047,0.2180,NO
capture_0026.pgm,70,178,517,23,23,23,0.2249,23.0,0.2249,384,1.000,1.000,6,1,-0.0669,-0.1795,0.1916,NO
capture_0026.pgm,71,1201,520,22,23,23,0.2249,23.0,0.2249,375,1.000,1.000,6,11,-0.0672,-0.1433,0.1583,NO
capture_0026.pgm,72,384,521,22,23,23,0.2249,23.0,0.2249,368,1.000,1.000,6,3,-0.0533,-0.1390,0.1489,NO
capture_0026.pgm,73,590,522,23,24,24,0.2347,24.0,0.2347,421,1.000,1.000,6,5,-0.0396,-0.1279,0.1339,NO
capture_0026.pgm,74,686,557,24,22,24,0.2347,24.0,0.2347,387,1.000,1.000,6,6,-0.1016,-0.2021,0.2262,NO
capture_0026.pgm,75,892,558,23,23,23,0.2249,23.0,0.2249,391,1.000,1.000,6,8,-0.0879,-0.1910,0.2103,NO
capture_0026.pgm,76,1098,560,23,24,24,0.2347,24.0,0.2347,403,1.000,1.000,6,10,-0.0743,-0.1701,0.1856,NO
capture_0026.pgm,77,74,562,24,24,24,0.2347,24.0,0.2347,415,1.000,1.000,6,0,-0.0838,-0.1574,0.1783,NO
capture_0026.pgm,78,279,563,23,23,23,0.2249,23.0,0.2249,391,1.000,1.000,6,2,-0.0799,-0.1462,0.1666,NO
capture_0026.pgm,79,491,567,23,24,24,0.2347,24.0,0.2347,421,1.000,1.000,6,4,-0.0076,-0.1057,0.1060,NO
capture_0026.pgm,80,997,601,23,22,23,0.2249,23.0,0.2249,368,1.000,1.000,7,9,-0.0619,-0.2033,0.2125,NO
capture_0026.pgm,81,791,603,24,23,24,0.2347,24.0,0.2347,407,1.000,1.000,7,7,-0.0755,-0.1852,0.2000,NO
capture_0026.pgm,82,1203,604,21,22,22,0.2152,22.0,0.2152,338,1.000,1.000,7,11,-0.0482,-0.1726,0.1792,NO
capture_0026.pgm,83,583,606,26,23,26,0.2543,26.0,0.2543,453,1.000,1.000,7,5,-0.1087,-0.1572,0.1911,NO
capture_0026.pgm,84,178,607,23,24,24,0.2347,24.0,0.2347,407,1.000,1.000,7,1,-0.0675,-0.1502,0.1646,NO
capture_0026.pgm,85,388,610,23,23,23,0.2249,23.0,0.2249,395,1.000,1.000,7,3,-0.0147,-0.1195,0.1204,NO
capture_0026.pgm,86,687,645,23,23,23,0.2249,23.0,0.2249,391,1.000,1.000,7,6,-0.0924,-0.1924,0.2134,NO
capture_0026.pgm,87,281,645,23,23,23,0.2249,23.0,0.2249,391,1.000,1.000,7,2,-0.0610,-0.1951,0.2044,NO
capture_0026.pgm,88,75,647,24,23,24,0.2347,24.0,0.2347,414,1.000,1.000,7,0,-0.0746,-0.1769,0.1920,NO
capture_0026.pgm,89,892,649,24,23,24,0.2347,24.0,0.2347,406,1.000,1.000,7,8,-0.0885,-0.1519,0.1758,NO
capture_0026.pgm,90,1102,649,21,22,22,0.2152,22.0,0.2152,338,1.000,1.000,7,10,-0.0358,-0.1505,0.1547,NO
capture_0026.pgm,91,481,653,23,22,23,0.2249,23.0,0.2249,382,1.000,1.000,7,4,-0.1060,-0.1155,0.1568,NO
capture_0026.pgm,92,998,691,23,23,23,0.2249,23.0,0.2249,405,1.000,1.000,8,9,-0.0527,-0.1740,0.1818,NO
capture_0026.pgm,93,181,691,23,23,23,0.2249,23.0,0.2249,395,1.000,1.000,8,1,-0.0387,-0.1795,0.1836,NO
capture_0026.pgm,94,587,692,23,23,23,0.2249,23.0,0.2249,383,1.000,1.000,8,5,-0.0702,-0.1670,0.1811,NO
capture_0026.pgm,95,790,692,22,23,23,0.2249,23.0,0.2249,368,1.000,1.000,8,7,-0.0859,-0.1656,0.1865,NO
capture_0026.pgm,96,1202,692,22,21,22,0.2152,22.0,0.2152,338,1.000,1.000,8,11,-0.0586,-0.1629,0.1731,NO
capture_0026.pgm,97,387,695,21,23,23,0.2249,23.0,0.2249,359,1.000,1.000,8,3,-0.0251,-0.1390,0.1413,NO
capture_0026.pgm,98,687,732,22,23,23,0.2249,23.0,0.2249,365,1.000,1.000,8,6,-0.0930,-0.1924,0.2137,NO
capture_0026.pgm,99,75,735,24,24,24,0.2347,24.0,0.2347,424,1.000,1.000,8,0,-0.0752,-0.1672,0.1833,NO
capture_0026.pgm,100,889,736,24,25,25,0.2445,25.0,0.2445,444,1.000,1.000,8,8,-0.1184,-0.1519,0.1926,NO
capture_0026.pgm,101,277,737,23,25,25,0.2445,25.0,0.2445,422,1.000,1.000,8,2,-0.1007,-0.1462,0.1775,NO
capture_0026.pgm,102,1095,736,23,22,23,0.2249,23.0,0.2249,375,1.000,1.000,8,10,-0.1048,-0.1505,0.1834,NO
capture_0026.pgm,103,482,739,23,25,25,0.2445,25.0,0.2445,422,1.000,1.000,8,4,-0.0968,-0.1253,0.1583,NO
capture_0026.pgm,104,1000,775,21,22,22,0.2152,22.0,0.2152,338,1.000,1.000,9,9,-0.0337,-0.2033,0.2061,NO
capture_0026.pgm,105,1202,778,22,23,23,0.2249,23.0,0.2249,375,1.000,1.000,9,11,-0.0592,-0.1726,0.1825,NO
capture_0026.pgm,106,385,778,21,22,22,0.2152,22.0,0.2152,338,1.000,1.000,9,3,-0.0453,-0.1781,0.1838,NO
capture_0026.pgm,107,181,781,24,24,24,0.2347,24.0,0.2347,431,1.000,1.000,9,1,-0.0393,-0.1502,0.1552,NO
capture_0026.pgm,108,588,782,24,24,24,0.2347,24.0,0.2347,430,1.000,1.000,9,5,-0.0610,-0.1376,0.1505,NO
capture_0026.pgm,109,794,783,24,25,25,0.2445,25.0,0.2445,440,1.000,1.000,9,7,-0.0473,-0.1265,0.1350,NO
capture_0026.pgm,110,690,820,23,23,23,0.2249,23.0,0.2249,398,1.000,1.000,9,6,-0.0642,-0.1826,0.1935,NO
capture_0026.pgm,111,75,822,22,23,23,0.2249,23.0,0.2249,375,1.000,1.000,9,0,-0.0758,-0.1672,0.1835,NO
capture_0026.pgm,112,1100,822,21,21,21,0.2054,21.0,0.2054,317,1.000,1.000,9,10,-0.0565,-0.1603,0.1699,NO
capture_0026.pgm,113,485,824,22,23,23,0.2249,23.0,0.2249,368,1.000,1.000,9,4,-0.0681,-0.1448,0.1600,NO
capture_0026.pgm,114,893,824,23,23,23,0.2249,23.0,0.2249,384,1.000,1.000,9,8,-0.0799,-0.1421,0.1630,NO
capture_0026.pgm,115,284,828,25,25,25,0.2445,25.0,0.2445,461,1.000,1.000,9,2,-0.0328,-0.1071,0.1120,NO
capture_0026.pgm,116,997,863,22,25,25,0.2445,25.0,0.2445,419,1.000,1.000,10,9,-0.0636,-0.1936,0.2038,NO
capture_0026.pgm,117,790,864,23,23,23,0.2249,23.0,0.2249,390,1.000,1.000,10,7,-0.0870,-0.1852,0.2046,NO
capture_0026.pgm,118,379,866,25,23,25,0.2445,25.0,0.2445,415,1.000,1.000,10,3,-0.1045,-0.1684,0.1982,NO
capture_0026.pgm,119,1202,865,22,22,22,0.2152,22.0,0.2152,353,1.000,1.000,10,11,-0.0598,-0.1726,0.1827,NO
capture_0026.pgm,120,587,866,22,23,23,0.2249,23.0,0.2249,375,1.000,1.000,10,5,-0.0713,-0.1670,0.1816,NO
capture_0026.pgm,121,180,872,25,24,25,0.2445,25.0,0.2445,449,1.000,1.000,10,1,-0.0497,-0.1110,0.1217,NO
capture_0026.pgm,122,165,917,46,57,57,0.5575,31.2,0.3054,1441,1.000,1.000,-1,-1,0.0000,0.0000,0.0000,YES
capture_0026.pgm,123,690,905,21,22,22,0.2152,22.0,0.2152,338,1.000,1.000,10,6,-0.0648,-0.2021,0.2123,NO
capture_0026.pgm,124,486,907,22,24,24,0.2347,24.0,0.2347,397,1.000,1.000,10,4,-0.0589,-0.1840,0.1931,NO
capture_0026.pgm,125,894,907,23,23,23,0.2249,23.0,0.2249,384,1.000,1.000,10,8,-0.0707,-0.1812,0.1945,NO
capture_0026.pgm,126,76,910,23,23,23,0.2249,23.0,0.2249,391,1.000,1.000,10,0,-0.0666,-0.1574,0.1709,NO
capture_0026.pgm,127,281,910,23,24,24,0.2347,24.0,0.2347,407,1.000,1.000,10,2,-0.0627,-0.1560,0.1681,NO
capture_0026.pgm,128,1100,911,22,23,23,0.2249,23.0,0.2249,375,1.000,1.000,10,10,-0.0571,-0.1407,0.1519,NO
capture_0026.pgm,129,789,950,26,24,26,0.2543,26.0,0.2543,468,1.000,1.000,11,7,-0.0974,-0.1949,0.2179,NO
capture_0026.pgm,130,995,952,24,25,25,0.2445,25.0,0.2445,444,1.000,1.000,11,9,-0.0838,-0.1740,0.1931,NO
capture_0026.pgm,131,1202,954,22,23,23,0.2249,23.0,0.2249,382,1.000,1.000,11,11,-0.0603,-0.1531,0.1645,NO
capture_0026.pgm,132,180,955,24,24,24,0.2347,24.0,0.2347,431,1.000,1.000,11,1,-0.0503,-0.1502,0.1584,NO
capture_0026.pgm,133,586,955,24,25,25,0.2445,25.0,0.2445,445,1.000,1.000,11,5,-0.0817,-0.1474,0.1685,NO
capture_0026.pgm,134,392,957,24,25,25,0.2445,25.0,0.2445,447,1.000,1.000,11,3,0.0220,-0.1292,0.1311,NO
capture_0026.pgm,135,119,981,41,52,52,0.5086,52.0,0.5086,1206,1.000,1.000,-1,-1,0.0000,0.0000,0.0000,YES
capture_0026.pgm,136,281,993,23,23,23,0.2249,23.0,0.2249,391,1.000,1.000,11,2,-0.0633,-0.1951,0.2051,NO
capture_0026.pgm,137,1098,994,23,23,23,0.2249,23.0,0.2249,391,1.000,1.000,11,10,-0.0772,-0.1798,0.1957,NO
capture_0026.pgm,138,688,996,22,24,24,0.2347,24.0,0.2347,390,1.000,1.000,11,6,-0.0849,-0.1630,0.1838,NO
capture_0026.pgm,139,495,1001,25,25,25,0.2445,25.0,0.2445,467,1.000,1.000,11,4,0.0286,-0.1155,0.1190,NO
capture_0026.pgm,140,899,1000,21,23,23,0.2249,23.0,0.2249,359,1.000,1.000,11,8,-0.0224,-0.1225,0.1246,NO
capture_0026.pgm,141,78,1001,25,24,25,0.2445,25.0,0.2445,441,1.000,1.000,11,0,-0.0476,-0.1183,0.1275,NO
capture_0026.pgm,SUMMARY,,,,,,,,,,,,,,,,,
capture_0026.pgm,Count,139,,,,,,,,,,,,,,,
capture_0026.pgm,Missed,0,,,,,,,,,,,,,,,
capture_0026.pgm,Mean,,,,,,,,0.2312,,,,,,,,
capture_0026.pgm,Median,,,,,,,,0.2249,,,,,,,,
capture_0026.pgm,StdDev,,,,,,,,0.0163,,,,,,,,
capture_0026.pgm,Min,,,,,,,,0.2054,,,,,,,,
capture_0026.pgm,Max,,,,,,,,0.3716,,,,,,,,
capture_0027.pgm,1,175,11,23,23,23,0.2249,23.0,0.2249,381,1.000,1.000,0,1,-0.0927,-0.0230,0.0956,NO
capture_0027.pgm,2,380,13,22,24,24,0.2347,24.0,0.2347,387,1.000,1.000,0,3,-0.0889,-0.0021,0.0889,NO
capture_0027.pgm,3,994,12,22,22,22,0.2152,22.0,0.2152,360,1.000,1.000,0,9,-0.0871,-0.0078,0.0875,NO
capture_0027.pgm,4,788,17,25,26,26,0.2543,26.0,0.2543,474,1.000,1.000,0,7,-0.1007,0.0398,0.1083,NO
capture_0027.pgm,5,1096,56,22,23,23,0.2249,23.0,0.2249,382,1.000,1.000,0,10,-0.0904,0.0060,0.0906,NO
capture_0027.pgm,6,79,57,25,24,25,0.2445,25.0,0.2445,466,1.000,1.000,0,0,-0.0314,0.0089,0.0326,NO
capture_0027.pgm,7,282,57,23,24,24,0.2347,24.0,0.2347,403,1.000,1.000,0,2,-0.0471,0.0103,0.0482,NO
capture_0027.pgm,8,893,56,21,22,22,0.2152,22.0,0.2152,338,1.000,1.000,0,8,-0.0747,0.0046,0.0748,NO
capture_0027.pgm,9,484,57,24,23,24,0.2347,24.0,0.2347,406,1.000,1.000,0,4,-0.0726,0.0116,0.0735,NO
capture_0027.pgm,10,688,57,21,22,22,0.2152,22.0,0.2152,338,1.000,1.000,0,6,-0.0785,0.0130,0.0796,NO
capture_0027.pgm,11,789,96,22,24,24,0.2347,24.0,0.2347,397,1.000,1.000,1,7,-0.0915,-0.0385,0.0993,NO
capture_0027.pgm,12,586,97,23,23,23,0.2249,23.0,0.2249,388,1.000,1.000,1,5,-0.0758,-0.0301,0.0816,NO
capture_0027.pgm,13,180,99,26,25,26,0.2543,26.0,0.2543,458,1.000,1.000,1,1,-0.0444,-0.0133,0.0464,NO
capture_0027.pgm,14,384,98,24,22,24,0.2347,24.0,0.2347,390,1.000,1.000,1,3,-0.0504,-0.0217,0.0548,NO
capture_0027.pgm,15,1201,98,22,23,23,0.2249,23.0,0.2249,375,1.000,1.000,1,11,-0.0643,-0.0162,0.0663,NO
capture_0027.pgm,16,1098,139,22,23,23,0.2249,23.0,0.2249,374,1.000,1.000,1,10,-0.0714,-0.0331,0.0787,NO
capture_0027.pgm,17,686,143,23,23,23,0.2249,23.0,0.2249,384,1.000,1.000,1,6,-0.0986,0.0032,0.0987,NO
capture_0027.pgm,18,894,143,23,22,23,0.2249,23.0,0.2249,368,1.000,1.000,1,8,-0.0655,0.0046,0.0656,NO
capture_0027.pgm,19,483,146,21,23,23,0.2249,23.0,0.2249,359,1.000,1.000,1,4,-0.0829,0.0312,0.0886,NO
capture_0027.pgm,20,78,148,23,23,23,0.2249,23.0,0.2249,391,1.000,1.000,1,0,-0.0418,0.0480,0.0636,NO
capture_0027.pgm,21,291,148,24,24,24,0.2347,24.0,0.2347,428,1.000,1.000,1,2,0.0403,0.0494,0.0638,NO
capture_0027.pgm,22,177,184,23,22,23,0.2249,23.0,0.2249,375,1.000,1.000,2,1,-0.0744,-0.0328,0.0813,NO
capture_0027.pgm,23,789,184,22,22,22,0.2152,22.0,0.2152,360,1.000,1.000,2,7,-0.0921,-0.0287,0.0965,NO
capture_0027.pgm,24,586,185,22,22,22,0.2152,22.0,0.2152,360,1.000,1.000,2,5,-0.0764,-0.0203,0.0791,NO
capture_0027.pgm,25,995,187,23,24,24,0.2347,24.0,0.2347,414,1.000,1.000,2,9,-0.0785,0.0020,0.0785,NO
capture_0027.pgm,26,383,187,21,22,22,0.2152,22.0,0.2152,338,1.000,1.000,2,3,-0.0607,-0.0021,0.0608,NO
capture_0027.pgm,27,687,227,23,23,23,0.2249,23.0,0.2249,398,1.000,1.000,2,6,-0.0895,-0.0261,0.0932,NO
capture_0027.pgm,28,76,230,22,23,23,0.2249,23.0,0.2249,368,1.000,1.000,2,0,-0.0619,-0.0009,0.0619,NO
capture_0027.pgm,29,281,230,24,22,24,0.2347,24.0,0.2347,390,1.000,1.000,2,2,-0.0580,0.0005,0.0580,NO
capture_0027.pgm,30,480,230,25,23,25,0.2445,25.0,0.2445,426,1.000,1.000,2,4,-0.1129,0.0019,0.1129,NO
capture_0027.pgm,31,1095,230,23,23,23,0.2249,23.0,0.2249,384,1.000,1.000,2,10,-0.1013,0.0060,0.1015,NO
capture_0027.pgm,32,894,234,22,23,23,0.2249,23.0,0.2249,382,1.000,1.000,2,8,-0.0660,0.0437,0.0792,NO
capture_0027.pgm,33,178,272,24,23,24,0.2347,24.0,0.2347,407,1.000,1.000,3,1,-0.0652,-0.0230,0.0691,NO
capture_0027.pgm,34,789,271,21,21,21,0.2054,21.0,0.2054,317,1.000,1.000,3,7,-0.0927,-0.0287,0.0971,NO
capture_0027.pgm,35,994,272,23,24,24,0.2347,24.0,0.2347,411,1.000,1.000,3,9,-0.0889,-0.0175,0.0906,NO
capture_0027.pgm,36,585,273,23,24,24,0.2347,24.0,0.2347,421,1.000,1.000,3,5,-0.0868,-0.0105,0.0874,NO
capture_0027.pgm,37,1199,272,21,21,21,0.2054,21.0,0.2054,317,1.000,1.000,3,11,-0.0850,-0.0162,0.0865,NO
capture_0027.pgm,38,381,274,23,23,23,0.2249,23.0,0.2249,383,1.000,1.000,3,3,-0.0809,-0.0021,0.0809,NO
capture_0027.pgm,39,278,315,22,23,23,0.2249,23.0,0.2249,375,1.000,1.000,3,2,-0.0880,-0.0191,0.0900,NO
capture_0027.pgm,40,686,314,24,22,24,0.2347,24.0,0.2347,397,1.000,1.000,3,6,-0.0998,-0.0261,0.1032,NO
capture_0027.pgm,41,81,318,27,24,27,0.2641,27.0,0.2641,475,1.000,1.000,3,0,-0.0136,0.0089,0.0162,NO
capture_0027.pgm,42,1099,317,22,22,22,0.2152,22.0,0.2152,353,1.000,1.000,3,10,-0.0628,0.0060,0.0631,NO
capture_0027.pgm,43,478,319,25,21,25,0.2445,25.0,0.2445,401,1.000,1.000,3,4,-0.1330,0.0214,0.1347,NO
capture_0027.pgm,44,893,321,23,25,25,0.2445,25.0,0.2445,437,1.000,1.000,3,8,-0.0764,0.0437,0.0880,NO
capture_0027.pgm,45,1202,357,23,23,23,0.2249,23.0,0.2249,384,1.000,1.000,4,11,-0.0563,-0.0357,0.0666,NO
capture_0027.pgm,46,383,359,23,23,23,0.2249,23.0,0.2249,391,1.000,1.000,4,3,-0.0619,-0.0217,0.0656,NO
capture_0027.pgm,47,995,360,23,24,24,0.2347,24.0,0.2347,407,1.000,1.000,4,9,-0.0797,-0.0077,0.0800,NO
capture_0027.pgm,48,175,361,23,22,23,0.2249,23.0,0.2249,368,1.000,1.000,4,1,-0.0951,-0.0035,0.0951,NO
capture_0027.pgm,49,790,363,22,25,25,0.2445,25.0,0.2445,409,1.000,1.000,4,7,-0.0835,0.0202,0.0859,NO
capture_0027.pgm,50,588,362,22,22,22,0.2152,22.0,0.2152,353,1.000,1.000,4,5,-0.0580,0.0091,0.0587,NO
capture_0027.pgm,51,892,400,22,22,22,0.2152,22.0,0.2152,353,1.000,1.000,4,8,-0.0868,-0.0345,0.0934,NO
capture_0027.pgm,52,1098,400,21,22,22,0.2152,22.0,0.2152,338,1.000,1.000,4,10,-0.0731,-0.0331,0.0803,NO
capture_0027.pgm,53,74,403,24,23,24,0.2347,24.0,0.2347,404,1.000,1.000,4,0,-0.0826,-0.0107,0.0833,NO
capture_0027.pgm,54,277,407,24,24,24,0.2347,24.0,0.2347,430,1.000,1.000,4,2,-0.0983,0.0298,0.1028,NO
capture_0027.pgm,55,484,407,23,22,23,0.2249,23.0,0.2249,382,1.000,1.000,4,4,-0.0749,0.0312,0.0812,NO
capture_0027.pgm,56,688,408,25,24,25,0.2445,25.0,0.2445,436,1.000,1.000,4,6,-0.0808,0.0424,0.0913,NO
capture_0027.pgm,57,588,445,21,22,22,0.2152,22.0,0.2152,338,1.000,1.000,5,5,-0.0586,-0.0301,0.0659,NO
capture_0027.pgm,58,1203,447,24,24,24,0.2347,24.0,0.2347,416,1.000,1.000,5,11,-0.0471,-0.0064,0.0475,NO
capture_0027.pgm,59,995,447,22,22,22,0.2152,22.0,0.2152,353,1.000,1.000,5,9,-0.0802,-0.0077,0.0806,NO
capture_0027.pgm,60,792,448,21,22,22,0.2152,22.0,0.2152,338,1.000,1.000,5,7,-0.0645,0.0007,0.0645,NO
capture_0027.pgm,61,382,449,23,22,23,0.2249,23.0,0.2249,368,1.000,1.000,5,3,-0.0723,0.0077,0.0727,NO
capture_0027.pgm,62,180,451,25,24,25,0.2445,25.0,0.2445,445,1.000,1.000,5,1,-0.0468,0.0259,0.0534,NO
capture_0027.pgm,63,1106,486,24,24,24,0.2347,24.0,0.2347,431,1.000,1.000,5,10,0.0045,-0.0429,0.0432,NO
capture_0027.pgm,64,691,489,22,23,23,0.2249,23.0,0.2249,368,1.000,1.000,5,6,-0.0521,-0.0163,0.0546,NO
capture_0027.pgm,65,278,491,22,23,23,0.2249,23.0,0.2249,375,1.000,1.000,5,2,-0.0891,0.0005,0.0891,NO
capture_0027.pgm,66,481,491,25,22,25,0.2445,25.0,0.2445,412,1.000,1.000,5,4,-0.1048,0.0019,0.1049,NO
capture_0027.pgm,67,74,494,26,23,26,0.2543,26.0,0.2543,447,1.000,1.000,5,0,-0.0832,0.0284,0.0879,NO
capture_0027.pgm,68,892,494,25,24,25,0.2445,25.0,0.2445,452,1.000,1.000,5,8,-0.0874,0.0339,0.0937,NO
capture_0027.pgm,69,176,532,23,23,23,0.2249,23.0,0.2249,390,1.000,1.000,6,1,-0.0865,-0.0328,0.0925,NO
capture_0027.pgm,70,792,534,23,24,24,0.2347,24.0,0.2347,400,1.000,1.000,6,7,-0.0651,-0.0091,0.0658,NO
capture_0027.pgm,71,995,533,22,22,22,0.2152,22.0,0.2152,360,1.000,1.000,6,9,-0.0808,-0.0175,0.0827,NO
capture_0027.pgm,72,1201,534,22,23,23,0.2249,23.0,0.2249,382,1.000,1.000,6,11,-0.0672,-0.0064,0.0675,NO
capture_0027.pgm,73,380,538,24,26,26,0.2543,26.0,0.2543,465,1.000,1.000,6,3,-0.0924,0.0272,0.0963,NO
capture_0027.pgm,74,586,539,24,25,25,0.2445,25.0,0.2445,440,1.000,1.000,6,5,-0.0788,0.0384,0.0876,NO
capture_0027.pgm,75,1095,575,22,23,23,0.2249,23.0,0.2249,368,1.000,1.000,6,10,-0.1036,-0.0234,0.1062,NO
capture_0027.pgm,76,277,575,23,22,23,0.2249,23.0,0.2249,375,1.000,1.000,6,2,-0.0995,-0.0289,0.1036,NO
capture_0027.pgm,77,480,577,25,23,25,0.2445,25.0,0.2445,424,1.000,1.000,6,4,-0.1152,-0.0079,0.1155,NO
capture_0027.pgm,78,895,579,23,23,23,0.2249,23.0,0.2249,388,1.000,1.000,6,8,-0.0586,0.0144,0.0603,NO
capture_0027.pgm,79,688,581,23,24,24,0.2347,24.0,0.2347,406,1.000,1.000,6,6,-0.0820,0.0326,0.0882,NO
capture_0027.pgm,80,76,583,25,24,25,0.2445,25.0,0.2445,439,1.000,1.000,6,0,-0.0642,0.0480,0.0802,NO
capture_0027.pgm,81,585,619,22,23,23,0.2249,23.0,0.2249,368,1.000,1.000,7,5,-0.0891,-0.0301,0.0941,NO
capture_0027.pgm,82,384,620,21,22,22,0.2152,22.0,0.2152,338,1.000,1.000,7,3,-0.0539,-0.0217,0.0581,NO
capture_0027.pgm,83,788,621,24,23,24,0.2347,24.0,0.2347,407,1.000,1.000,7,7,-0.1048,-0.0091,0.1052,NO
capture_0027.pgm,84,996,621,24,24,24,0.2347,24.0,0.2347,438,1.000,1.000,7,9,-0.0716,-0.0077,0.0721,NO
capture_0027.pgm,85,1202,623,21,22,22,0.2152,22.0,0.2152,338,1.000,1.000,7,11,-0.0580,0.0132,0.0595,NO
capture_0027.pgm,86,176,626,24,23,24,0.2347,24.0,0.2347,410,1.000,1.000,7,1,-0.0871,0.0357,0.0941,NO
capture_0027.pgm,87,281,663,22,23,23,0.2249,23.0,0.2249,375,1.000,1.000,7,2,-0.0610,-0.0191,0.0639,NO
capture_0027.pgm,88,688,663,22,23,23,0.2249,23.0,0.2249,368,1.000,1.000,7,6,-0.0826,-0.0163,0.0842,NO
capture_0027.pgm,89,1095,666,23,23,23,0.2249,23.0,0.2249,391,1.000,1.000,7,10,-0.1042,0.0158,0.1054,NO
capture_0027.pgm,90,895,667,22,23,23,0.2249,23.0,0.2249,375,1.000,1.000,7,8,-0.0592,0.0242,0.0639,NO
capture_0027.pgm,91,484,668,22,23,23,0.2249,23.0,0.2249,368,1.000,1.000,7,4,-0.0767,0.0312,0.0828,NO
capture_0027.pgm,92,78,671,29,25,29,0.2836,29.0,0.2836,540,1.000,1.000,7,0,-0.0453,0.0578,0.0734,NO
capture_0027.pgm,93,789,707,23,22,23,0.2249,23.0,0.2249,382,1.000,1.000,8,7,-0.0956,-0.0189,0.0975,NO
capture_0027.pgm,94,995,708,24,24,24,0.2347,24.0,0.2347,421,1.000,1.000,8,9,-0.0820,-0.0077,0.0824,NO
capture_0027.pgm,95,384,708,23,22,23,0.2249,23.0,0.2249,375,1.000,1.000,8,3,-0.0544,-0.0119,0.0557,NO
capture_0027.pgm,96,584,710,24,25,25,0.2445,25.0,0.2445,437,1.000,1.000,8,5,-0.0995,0.0091,0.0999,NO
capture_0027.pgm,97,1207,711,23,26,26,0.2543,26.0,0.2543,464,1.000,1.000,8,11,-0.0097,0.0230,0.0249,NO
capture_0027.pgm,98,181,713,24,24,24,0.2347,24.0,0.2347,431,1.000,1.000,8,1,-0.0387,0.0357,0.0526,NO
capture_0027.pgm,99,73,751,24,23,24,0.2347,24.0,0.2347,407,1.000,1.000,8,0,-0.0947,-0.0107,0.0953,NO
capture_0027.pgm,100,1103,752,24,25,25,0.2445,25.0,0.2445,440,1.000,1.000,8,10,-0.0266,0.0060,0.0272,NO
capture_0027.pgm,101,895,752,23,23,23,0.2249,23.0,0.2249,391,1.000,1.000,8,8,-0.0598,0.0046,0.0599,NO
capture_0027.pgm,102,278,752,24,22,24,0.2347,24.0,0.2347,397,1.000,1.000,8,2,-0.0909,0.0005,0.0909,NO
capture_0027.pgm,103,478,755,23,22,23,0.2249,23.0,0.2249,375,1.000,1.000,8,4,-0.1359,0.0312,0.1395,NO
capture_0027.pgm,104,687,757,24,23,24,0.2347,24.0,0.2347,411,1.000,1.000,8,6,-0.0930,0.0521,0.1066,NO
capture_0027.pgm,105,994,791,22,22,22,0.2152,22.0,0.2152,353,1.000,1.000,9,9,-0.0924,-0.0469,0.1036,NO
capture_0027.pgm,106,791,793,23,23,23,0.2249,23.0,0.2249,384,1.000,1.000,9,7,-0.0767,-0.0287,0.0819,NO
capture_0027.pgm,107,588,793,21,22,22,0.2152,22.0,0.2152,338,1.000,1.000,9,5,-0.0610,-0.0301,0.0680,NO
capture_0027.pgm,108,1199,796,24,23,24,0.2347,24.0,0.2347,421,1.000,1.000,9,11,-0.0885,0.0034,0.0886,NO
capture_0027.pgm,109,178,798,23,22,23,0.2249,23.0,0.2249,368,1.000,1.000,9,1,-0.0687,0.0161,0.0705,NO
capture_0027.pgm,110,383,799,25,24,25,0.2445,25.0,0.2445,437,1.000,1.000,9,3,-0.0648,0.0272,0.0703,NO
capture_0027.pgm,111,688,837,21,22,22,0.2152,22.0,0.2152,338,1.000,1.000,9,6,-0.0838,-0.0163,0.0853,NO
capture_0027.pgm,112,73,838,25,23,25,0.2445,25.0,0.2445,430,1.000,1.000,9,0,-0.0953,-0.0107,0.0959,NO
capture_0027.pgm,113,482,840,23,25,25,0.2445,25.0,0.2445,424,1.000,1.000,9,4,-0.0974,0.0116,0.0981,NO
capture_0027.pgm,114,891,838,22,22,22,0.2152,22.0,0.2152,353,1.000,1.000,9,8,-0.0995,-0.0052,0.0996,NO
capture_0027.pgm,115,1097,839,25,24,25,0.2445,25.0,0.2445,451,1.000,1.000,9,10,-0.0858,0.0060,0.0860,NO
capture_0027.pgm,116,275,842,23,24,24,0.2347,24.0,0.2347,406,1.000,1.000,9,2,-0.1208,0.0298,0.1244,NO
capture_0027.pgm,117,178,880,24,23,24,0.2347,24.0,0.2347,406,1.000,1.000,10,1,-0.0693,-0.0328,0.0766,NO
capture_0027.pgm,118,996,881,22,23,23,0.2249,23.0,0.2249,375,1.000,1.000,10,9,-0.0734,-0.0175,0.0755,NO
capture_0027.pgm,119,587,881,21,22,22,0.2152,22.0,0.2152,338,1.000,1.000,10,5,-0.0713,-0.0203,0.0741,NO
capture_0027.pgm,120,1200,881,22,23,23,0.2249,23.0,0.2249,375,1.000,1.000,10,11,-0.0793,-0.0162,0.0809,NO
capture_0027.pgm,121,382,882,22,22,22,0.2152,22.0,0.2152,353,1.000,1.000,10,3,-0.0752,-0.0119,0.0761,NO
capture_0027.pgm,122,792,884,23,25,25,0.2445,25.0,0.2445,430,1.000,1.000,10,7,-0.0675,0.0104,0.0683,NO
capture_0027.pgm,123,1096,922,23,23,23,0.2249,23.0,0.2249,398,1.000,1.000,10,10,-0.0962,-0.0331,0.1017,NO
capture_0027.pgm,124,684,924,25,24,25,0.2445,25.0,0.2445,447,1.000,1.000,10,6,-0.1235,-0.0163,0.1245,NO
capture_0027.pgm,125,282,926,23,24,24,0.2347,24.0,0.2347,414,1.000,1.000,10,2,-0.0529,0.0005,0.0529,NO
capture_0027.pgm,126,74,926,23,23,23,0.2249,23.0,0.2249,384,1.000,1.000,10,0,-0.0861,-0.0009,0.0861,NO
capture_0027.pgm,127,482,927,23,23,23,0.2249,23.0,0.2249,391,1.000,1.000,10,4,-0.0980,0.0116,0.0987,NO
capture_0027.pgm,128,894,927,24,24,24,0.2347,24.0,0.2347,428,1.000,1.000,10,8,-0.0707,0.0144,0.0722,NO
capture_0027.pgm,129,996,966,21,23,23,0.2249,23.0,0.2249,359,1.000,1.000,11,9,-0.0740,-0.0371,0.0828,NO
capture_0027.pgm,130,1200,968,23,26,26,0.2543,26.0,0.2543,464,1.000,1.000,11,11,-0.0799,-0.0162,0.0815,NO
capture_0027.pgm,131,176,968,25,24,25,0.2445,25.0,0.2445,439,1.000,1.000,11,1,-0.0894,-0.0230,0.0923,NO
capture_0027.pgm,132,787,968,24,23,24,0.2347,24.0,0.2347,406,1.000,1.000,11,7,-0.1170,-0.0189,0.1185,NO
capture_0027.pgm,133,380,971,23,25,25,0.2445,25.0,0.2445,430,1.000,1.000,11,3,-0.0953,0.0077,0.0956,NO
capture_0027.pgm,134,588,973,22,21,22,0.2152,22.0,0.2152,338,1.000,1.000,11,5,-0.0621,0.0286,0.0684,NO
capture_0027.pgm,SUMMARY,,,,,,,,,,,,,,,,,
capture_0027.pgm,Count,134,,,,,,,,,,,,,,,
capture_0027.pgm,Missed,2,,,,,,,,,,,,,,,
capture_0027.pgm,Mean,,,,,,,,0.2306,,,,,,,,
capture_0027.pgm,Median,,,,,,,,0.2249,,,,,,,,
capture_0027.pgm,StdDev,,,,,,,,0.0123,,,,,,,,
capture_0027.pgm,Min,,,,,,,,0.2054,,,,,,,,
capture_0027.pgm,Max,,,,,,,,0.2836,,,,,,,,
capture_0028.pgm,1,179,28,22,23,23,0.2249,23.0,0.2249,368,1.000,1.000,0,1,-0.0536,0.1432,0.1529,NO
capture_0028.pgm,2,1200,28,23,23,23,0.2249,23.0,0.2249,377,1.000,1.000,0,11,-0.0735,0.1501,0.1671,NO
capture_0028.pgm,3,382,29,25,24,25,0.2445,25.0,0.2445,447,1.000,1.000,0,3,-0.0693,0.1544,0.1692,NO
capture_0028.pgm,4,792,30,22,24,24,0.2347,24.0,0.2347,397,1.000,1.000,0,7,-0.0616,0.1669,0.1779,NO
capture_0028.pgm,5,589,32,23,24,24,0.2347,24.0,0.2347,416,1.000,1.000,0,5,-0.0459,0.1851,0.1907,NO
capture_0028.pgm,6,994,34,22,24,24,0.2347,24.0,0.2347,397,1.000,1.000,0,9,-0.0871,0.2074,0.2250,NO
capture_0028.pgm,7,1095,70,22,22,22,0.2152,22.0,0.2152,360,1.000,1.000,0,10,-0.1001,0.1429,0.1745,NO
capture_0028.pgm,8,75,73,23,25,25,0.2445,25.0,0.2445,430,1.000,1.000,0,0,-0.0705,0.1654,0.1798,NO
capture_0028.pgm,9,281,73,23,23,23,0.2249,23.0,0.2249,384,1.000,1.000,0,2,-0.0569,0.1667,0.1762,NO
capture_0028.pgm,10,685,73,23,24,24,0.2347,24.0,0.2347,400,1.000,1.000,0,6,-0.1078,0.1695,0.2009,NO
capture_0028.pgm,11,479,74,22,23,23,0.2249,23.0,0.2249,368,1.000,1.000,0,4,-0.1215,0.1779,0.2154,NO
capture_0028.pgm,12,894,73,21,22,22,0.2152,22.0,0.2152,338,1.000,1.000,0,8,-0.0649,0.1709,0.1828,NO
capture_0028.pgm,13,790,114,23,23,23,0.2249,23.0,0.2249,384,1.000,1.000,1,7,-0.0818,0.1376,0.1600,NO
capture_0028.pgm,14,178,115,22,21,22,0.2152,22.0,0.2152,338,1.000,1.000,1,1,-0.0640,0.1432,0.1569,NO
capture_0028.pgm,15,1199,115,22,22,22,0.2152,22.0,0.2152,360,1.000,1.000,1,11,-0.0838,0.1501,0.1719,NO
capture_0028.pgm,16,587,118,24,23,24,0.2347,24.0,0.2347,400,1.000,1.000,1,5,-0.0661,0.1753,0.1874,NO
capture_0028.pgm,17,995,118,22,22,22,0.2152,22.0,0.2152,360,1.000,1.000,1,9,-0.0779,0.1781,0.1944,NO
capture_0028.pgm,18,380,120,22,22,22,0.2152,22.0,0.2152,353,1.000,1.000,1,3,-0.0895,0.1935,0.2132,NO
capture_0028.pgm,19,75,160,23,23,23,0.2249,23.0,0.2249,377,1.000,1.000,1,0,-0.0711,0.1654,0.1800,NO
capture_0028.pgm,20,685,159,23,22,23,0.2249,23.0,0.2249,372,1.000,1.000,1,6,-0.1084,0.1597,0.1930,NO
capture_0028.pgm,21,482,160,23,23,23,0.2249,23.0,0.2249,398,1.000,1.000,1,4,-0.0927,0.1681,0.1920,NO
capture_0028.pgm,22,277,161,23,22,23,0.2249,23.0,0.2249,375,1.000,1.000,1,2,-0.0966,0.1765,0.2012,NO
capture_0028.pgm,23,890,162,22,23,23,0.2249,23.0,0.2249,382,1.000,1.000,1,8,-0.1046,0.1904,0.2172,NO
capture_0028.pgm,24,1099,164,24,24,24,0.2347,24.0,0.2347,428,1.000,1.000,1,10,-0.0616,0.2114,0.2202,NO
capture_0028.pgm,25,995,201,23,22,23,0.2249,23.0,0.2249,368,1.000,1.000,2,9,-0.0785,0.1389,0.1596,NO
capture_0028.pgm,26,176,202,23,22,23,0.2249,23.0,0.2249,368,1.000,1.000,2,1,-0.0841,0.1432,0.1661,NO
capture_0028.pgm,27,585,202,22,22,22,0.2152,22.0,0.2152,360,1.000,1.000,2,5,-0.0862,0.1460,0.1695,NO
capture_0028.pgm,28,789,203,21,22,22,0.2152,22.0,0.2152,338,1.000,1.000,2,7,-0.0921,0.1571,0.1822,NO
capture_0028.pgm,29,1203,206,23,23,23,0.2249,23.0,0.2249,391,1.000,1.000,2,11,-0.0453,0.1892,0.1946,NO
capture_0028.pgm,30,378,207,25,23,25,0.2445,25.0,0.2445,419,1.000,1.000,2,3,-0.1096,0.1935,0.2224,NO
capture_0028.pgm,31,77,247,23,24,24,0.2347,24.0,0.2347,406,1.000,1.000,2,0,-0.0521,0.1654,0.1734,NO
capture_0028.pgm,32,1095,246,23,22,23,0.2249,23.0,0.2249,375,1.000,1.000,2,10,-0.1013,0.1625,0.1915,NO
capture_0028.pgm,33,281,248,23,23,23,0.2249,23.0,0.2249,391,1.000,1.000,2,2,-0.0580,0.1765,0.1858,NO
capture_0028.pgm,34,690,250,23,24,24,0.2347,24.0,0.2347,407,1.000,1.000,2,6,-0.0601,0.1988,0.2077,NO
capture_0028.pgm,35,893,250,23,22,23,0.2249,23.0,0.2249,382,1.000,1.000,2,8,-0.0758,0.2002,0.2141,NO
capture_0028.pgm,36,177,288,22,22,22,0.2152,22.0,0.2152,360,1.000,1.000,3,1,-0.0749,0.1334,0.1531,NO
capture_0028.pgm,37,1199,290,23,25,25,0.2445,25.0,0.2445,444,1.000,1.000,3,11,-0.0850,0.1599,0.1811,NO
capture_0028.pgm,38,992,290,22,23,23,0.2249,23.0,0.2249,375,1.000,1.000,3,9,-0.1084,0.1585,0.1920,NO
capture_0028.pgm,39,586,291,22,22,22,0.2152,22.0,0.2152,353,1.000,1.000,3,5,-0.0770,0.1655,0.1826,NO
capture_0028.pgm,40,381,293,24,24,24,0.2347,24.0,0.2347,424,1.000,1.000,3,3,-0.0809,0.1837,0.2007,NO
capture_0028.pgm,41,790,293,22,23,23,0.2249,23.0,0.2249,368,1.000,1.000,3,7,-0.0829,0.1865,0.2041,NO
capture_0028.pgm,42,280,333,23,25,25,0.2445,25.0,0.2445,422,1.000,1.000,3,2,-0.0684,0.1570,0.1712,NO
capture_0028.pgm,43,687,331,22,22,22,0.2152,22.0,0.2152,346,1.000,1.000,3,6,-0.0900,0.1401,0.1666,NO
capture_0028.pgm,44,1098,337,26,23,26,0.2543,26.0,0.2543,452,1.000,1.000,3,10,-0.0726,0.2016,0.2142,NO
capture_0028.pgm,45,79,339,24,24,24,0.2347,24.0,0.2347,438,1.000,1.000,3,0,-0.0331,0.2143,0.2168,NO
capture_0028.pgm,46,893,338,22,22,22,0.2152,22.0,0.2152,353,1.000,1.000,3,8,-0.0764,0.2100,0.2235,NO
capture_0028.pgm,47,485,342,24,25,25,0.2445,25.0,0.2445,432,1.000,1.000,3,4,-0.0646,0.2464,0.2547,NO
capture_0028.pgm,48,1201,375,23,23,23,0.2249,23.0,0.2249,391,1.000,1.000,4,11,-0.0660,0.1403,0.1551,NO
capture_0028.pgm,49,179,376,24,23,24,0.2347,24.0,0.2347,411,1.000,1.000,4,1,-0.0560,0.1432,0.1538,NO
capture_0028.pgm,50,995,376,23,23,23,0.2249,23.0,0.2249,384,1.000,1.000,4,9,-0.0797,0.1487,0.1687,NO
capture_0028.pgm,51,378,377,25,23,25,0.2445,25.0,0.2445,422,1.000,1.000,4,3,-0.1108,0.1544,0.1900,NO
capture_0028.pgm,52,586,380,23,24,24,0.2347,24.0,0.2347,398,1.000,1.000,4,5,-0.0776,0.1851,0.2007,NO
capture_0028.pgm,53,788,382,22,22,22,0.2152,22.0,0.2152,360,1.000,1.000,4,7,-0.1031,0.2060,0.2304,NO
capture_0028.pgm,54,481,421,23,24,24,0.2347,24.0,0.2347,404,1.000,1.000,4,4,-0.1043,0.1681,0.1978,NO
capture_0028.pgm,55,76,421,24,23,24,0.2347,24.0,0.2347,414,1.000,1.000,4,0,-0.0631,0.1654,0.1770,NO
capture_0028.pgm,56,688,422,22,21,22,0.2152,22.0,0.2152,338,1.000,1.000,4,6,-0.0808,0.1793,0.1967,NO
capture_0028.pgm,57,895,423,23,24,24,0.2347,24.0,0.2347,411,1.000,1.000,4,8,-0.0574,0.1904,0.1989,NO
capture_0028.pgm,58,1093,422,23,22,23,0.2249,23.0,0.2249,375,1.000,1.000,4,10,-0.1220,0.1820,0.2191,NO
capture_0028.pgm,59,282,428,24,26,26,0.2543,26.0,0.2543,456,1.000,1.000,4,2,-0.0494,0.2352,0.2403,NO
capture_0028.pgm,60,179,463,23,26,26,0.2543,26.0,0.2543,452,1.000,1.000,5,1,-0.0565,0.1432,0.1540,NO
capture_0028.pgm,61,1204,463,25,22,25,0.2445,25.0,0.2445,407,1.000,1.000,5,11,-0.0373,0.1501,0.1547,NO
capture_0028.pgm,62,994,465,21,21,21,0.2054,21.0,0.2054,317,1.000,1.000,5,9,-0.0900,0.1683,0.1909,NO
capture_0028.pgm,63,585,469,23,23,23,0.2249,23.0,0.2249,391,1.000,1.000,5,5,-0.0880,0.2047,0.2228,NO
capture_0028.pgm,64,793,469,21,23,23,0.2249,23.0,0.2249,359,1.000,1.000,5,7,-0.0548,0.2060,0.2132,NO
capture_0028.pgm,65,382,470,25,24,25,0.2445,25.0,0.2445,455,1.000,1.000,5,3,-0.0723,0.2131,0.2250,NO
capture_0028.pgm,66,685,507,23,22,23,0.2249,23.0,0.2249,375,1.000,1.000,5,6,-0.1108,0.1597,0.1944,NO
capture_0028.pgm,67,74,508,23,22,23,0.2249,23.0,0.2249,375,1.000,1.000,5,0,-0.0832,0.1654,0.1851,NO
capture_0028.pgm,68,277,509,23,23,23,0.2249,23.0,0.2249,391,1.000,1.000,5,2,-0.0989,0.1765,0.2023,NO
capture_0028.pgm,69,892,508,23,23,23,0.2249,23.0,0.2249,383,1.000,1.000,5,8,-0.0874,0.1709,0.1919,NO
capture_0028.pgm,70,480,510,24,22,24,0.2347,24.0,0.2347,397,1.000,1.000,5,4,-0.1146,0.1877,0.2199,NO
capture_0028.pgm,71,1097,514,22,23,23,0.2249,23.0,0.2249,382,1.000,1.000,5,10,-0.0835,0.2309,0.2456,NO
capture_0028.pgm,72,179,549,22,23,23,0.2249,23.0,0.2249,372,1.000,1.000,6,1,-0.0571,0.1335,0.1452,NO
capture_0028.pgm,73,1201,550,21,21,21,0.2054,21.0,0.2054,317,1.000,1.000,6,11,-0.0672,0.1501,0.1645,NO
capture_0028.pgm,74,378,553,25,23,25,0.2445,25.0,0.2445,436,1.000,1.000,6,3,-0.1120,0.1739,0.2069,NO
capture_0028.pgm,75,588,554,24,25,25,0.2445,25.0,0.2445,445,1.000,1.000,6,5,-0.0592,0.1851,0.1943,NO
capture_0028.pgm,76,992,554,24,24,24,0.2347,24.0,0.2347,413,1.000,1.000,6,9,-0.1102,0.1878,0.2178,NO
capture_0028.pgm,77,791,555,22,22,22,0.2152,22.0,0.2152,353,1.000,1.000,6,7,-0.0749,0.1963,0.2101,NO
capture_0028.pgm,78,687,593,22,23,23,0.2249,23.0,0.2249,375,1.000,1.000,6,6,-0.0918,0.1499,0.1758,NO
capture_0028.pgm,79,479,593,23,23,23,0.2249,23.0,0.2249,384,1.000,1.000,6,4,-0.1250,0.1486,0.1941,NO
capture_0028.pgm,80,892,595,23,23,23,0.2249,23.0,0.2249,384,1.000,1.000,6,8,-0.0879,0.1709,0.1922,NO
capture_0028.pgm,81,1098,595,23,23,23,0.2249,23.0,0.2249,383,1.000,1.000,6,10,-0.0743,0.1722,0.1876,NO
capture_0028.pgm,82,72,597,26,24,26,0.2543,26.0,0.2543,458,1.000,1.000,6,0,-0.1034,0.1849,0.2118,NO
capture_0028.pgm,83,280,599,24,24,24,0.2347,24.0,0.2347,431,1.000,1.000,6,2,-0.0702,0.2059,0.2175,NO
capture_0028.pgm,84,1200,635,25,22,25,0.2445,25.0,0.2445,412,1.000,1.000,7,11,-0.0776,0.1305,0.1518,NO
capture_0028.pgm,85,381,638,22,21,22,0.2152,22.0,0.2152,338,1.000,1.000,7,3,-0.0832,0.1544,0.1754,NO
capture_0028.pgm,86,587,639,23,23,23,0.2249,23.0,0.2249,395,1.000,1.000,7,5,-0.0696,0.1655,0.1796,NO
capture_0028.pgm,87,179,641,23,23,23,0.2249,23.0,0.2249,398,1.000,1.000,7,1,-0.0577,0.1824,0.1913,NO
capture_0028.pgm,88,993,641,22,23,23,0.2249,23.0,0.2249,368,1.000,1.000,7,9,-0.1010,0.1879,0.2133,NO
capture_0028.pgm,89,790,644,25,25,25,0.2445,25.0,0.2445,450,1.000,1.000,7,7,-0.0853,0.2158,0.2321,NO
capture_0028.pgm,90,483,681,24,25,25,0.2445,25.0,0.2445,445,1.000,1.000,7,4,-0.0865,0.1583,0.1804,NO
capture_0028.pgm,91,1095,680,22,24,24,0.2347,24.0,0.2347,390,1.000,1.000,7,10,-0.1042,0.1527,0.1849,NO
capture_0028.pgm,92,280,681,22,23,23,0.2249,23.0,0.2249,368,1.000,1.000,7,2,-0.0707,0.1570,0.1722,NO
capture_0028.pgm,93,76,684,23,24,24,0.2347,24.0,0.2347,428,1.000,1.000,7,0,-0.0648,0.1849,0.1960,NO
capture_0028.pgm,94,689,685,24,24,24,0.2347,24.0,0.2347,428,1.000,1.000,7,6,-0.0728,0.1988,0.2117,NO
capture_0028.pgm,95,897,687,23,25,25,0.2445,25.0,0.2445,437,1.000,1.000,7,8,-0.0396,0.2198,0.2233,NO
capture_0028.pgm,96,1197,723,23,24,24,0.2347,24.0,0.2347,407,1.000,1.000,8,11,-0.1075,0.1403,0.1768,NO
capture_0028.pgm,97,795,725,23,24,24,0.2347,24.0,0.2347,414,1.000,1.000,8,7,-0.0370,0.1571,0.1614,NO
capture_0028.pgm,98,995,724,23,22,23,0.2249,23.0,0.2249,368,1.000,1.000,8,9,-0.0820,0.1487,0.1698,NO
capture_0028.pgm,99,379,725,24,22,24,0.2347,24.0,0.2347,390,1.000,1.000,8,3,-0.1033,0.1544,0.1858,NO
capture_0028.pgm,100,586,727,23,23,23,0.2249,23.0,0.2249,391,1.000,1.000,8,5,-0.0799,0.1753,0.1927,NO
capture_0028.pgm,101,179,728,24,24,24,0.2347,24.0,0.2347,425,1.000,1.000,8,1,-0.0583,0.1824,0.1914,NO
capture_0028.pgm,102,1097,765,22,23,23,0.2249,23.0,0.2249,365,1.000,1.000,8,10,-0.0853,0.1331,0.1581,NO
capture_0028.pgm,103,688,766,21,22,22,0.2152,22.0,0.2152,338,1.000,1.000,8,6,-0.0832,0.1402,0.1630,NO
capture_0028.pgm,104,74,771,23,24,24,0.2347,24.0,0.2347,418,1.000,1.000,8,0,-0.0850,0.1849,0.2035,NO
capture_0028.pgm,105,892,770,22,22,22,0.2152,22.0,0.2152,353,1.000,1.000,8,8,-0.0891,0.1806,0.2014,NO
capture_0028.pgm,106,280,773,22,24,24,0.2347,24.0,0.2347,390,1.000,1.000,8,2,-0.0713,0.2059,0.2179,NO
capture_0028.pgm,107,485,774,22,22,22,0.2152,22.0,0.2152,360,1.000,1.000,8,4,-0.0675,0.2170,0.2273,NO
capture_0028.pgm,108,587,810,22,24,24,0.2347,24.0,0.2347,397,1.000,1.000,9,5,-0.0707,0.1362,0.1535,NO
capture_0028.pgm,109,172,811,26,22,26,0.2543,26.0,0.2543,428,1.000,1.000,9,1,-0.1273,0.1432,0.1917,NO
capture_0028.pgm,110,381,812,23,23,23,0.2249,23.0,0.2249,395,1.000,1.000,9,3,-0.0844,0.1544,0.1759,NO
capture_0028.pgm,111,1202,814,24,26,26,0.2543,26.0,0.2543,468,1.000,1.000,9,11,-0.0592,0.1794,0.1890,NO
capture_0028.pgm,112,792,814,22,24,24,0.2347,24.0,0.2347,397,1.000,1.000,9,7,-0.0669,0.1767,0.1889,NO
capture_0028.pgm,113,993,815,21,21,21,0.2054,21.0,0.2054,317,1.000,1.000,9,9,-0.1021,0.1879,0.2138,NO
capture_0028.pgm,114,1096,853,23,23,23,0.2249,23.0,0.2249,375,1.000,1.000,9,10,-0.0956,0.1429,0.1719,NO
capture_0028.pgm,115,689,854,22,23,23,0.2249,23.0,0.2249,382,1.000,1.000,9,6,-0.0740,0.1499,0.1672,NO
capture_0028.pgm,116,894,855,23,23,23,0.2249,23.0,0.2249,391,1.000,1.000,9,8,-0.0701,0.1611,0.1757,NO
capture_0028.pgm,117,483,856,24,25,25,0.2445,25.0,0.2445,445,1.000,1.000,9,4,-0.0876,0.1681,0.1896,NO
capture_0028.pgm,118,75,857,23,23,23,0.2249,23.0,0.2249,395,1.000,1.000,9,0,-0.0758,0.1751,0.1908,NO
capture_0028.pgm,119,280,858,23,24,24,0.2347,24.0,0.2347,414,1.000,1.000,9,2,-0.0719,0.1863,0.1997,NO
capture_0028.pgm,120,587,897,21,22,22,0.2152,22.0,0.2152,338,1.000,1.000,10,5,-0.0713,0.1362,0.1537,NO
capture_0028.pgm,121,997,899,21,23,23,0.2249,23.0,0.2249,359,1.000,1.000,10,9,-0.0636,0.1585,0.1708,NO
capture_0028.pgm,122,177,899,23,23,23,0.2249,23.0,0.2249,391,1.000,1.000,10,1,-0.0790,0.1530,0.1722,NO
capture_0028.pgm,123,790,900,23,23,23,0.2249,23.0,0.2249,388,1.000,1.000,10,7,-0.0870,0.1669,0.1882,NO
capture_0028.pgm,124,1200,899,21,21,21,0.2054,21.0,0.2054,317,1.000,1.000,10,11,-0.0793,0.1599,0.1785,NO
capture_0028.pgm,125,380,902,24,24,24,0.2347,24.0,0.2347,428,1.000,1.000,10,3,-0.0947,0.1837,0.2067,NO
capture_0028.pgm,126,687,941,24,24,24,0.2347,24.0,0.2347,422,1.000,1.000,10,6,-0.0941,0.1499,0.1770,NO
capture_0028.pgm,127,282,942,22,24,24,0.2347,24.0,0.2347,390,1.000,1.000,10,2,-0.0529,0.1570,0.1657,NO
capture_0028.pgm,128,893,941,23,23,23,0.2249,23.0,0.2249,390,1.000,1.000,10,8,-0.0805,0.1513,0.1714,NO
capture_0028.pgm,129,76,945,26,26,26,0.2543,26.0,0.2543,484,1.000,1.000,10,0,-0.0666,0.1849,0.1965,NO
capture_0028.pgm,130,484,947,25,25,25,0.2445,25.0,0.2445,451,1.000,1.000,10,4,-0.0784,0.2072,0.2216,NO
capture_0028.pgm,131,1098,945,24,23,24,0.2347,24.0,0.2347,404,1.000,1.000,10,10,-0.0766,0.1918,0.2065,NO
capture_0028.pgm,132,1200,982,24,24,24,0.2347,24.0,0.2347,420,1.000,1.000,11,11,-0.0799,0.1208,0.1448,NO
capture_0028.pgm,133,587,984,22,23,23,0.2249,23.0,0.2249,375,1.000,1.000,11,5,-0.0719,0.1362,0.1540,NO
capture_0028.pgm,134,791,984,24,23,24,0.2347,24.0,0.2347,407,1.000,1.000,11,7,-0.0778,0.1376,0.1581,NO
capture_0028.pgm,135,997,985,22,23,23,0.2249,23.0,0.2249,375,1.000,1.000,11,9,-0.0642,0.1487,0.1620,NO
capture_0028.pgm,136,176,986,23,23,23,0.2249,23.0,0.2249,395,1.000,1.000,11,1,-0.0894,0.1530,0.1772,NO
capture_0028.pgm,137,381,987,22,23,23,0.2249,23.0,0.2249,382,1.000,1.000,11,3,-0.0855,0.1642,0.1851,NO
capture_0028.pgm,SUMMARY,,,,,,,,,,,,,,,,,
capture_0028.pgm,Count,137,,,,,,,,,,,,,,,
capture_0028.pgm,Missed,1,,,,,,,,,,,,,,,
capture_0028.pgm,Mean,,,,,,,,0.2294,,,,,,,,
capture_0028.pgm,Median,,,,,,,,0.2249,,,,,,,,
capture_0028.pgm,StdDev,,,,,,,,0.0110,,,,,,,,
capture_0028.pgm,Min,,,,,,,,0.2054,,,,,,,,
capture_0028.pgm,Max,,,,,,,,0.2543,,,,,,,,
capture_0029.pgm,1,1201,44,22,22,22,0.2152,22.0,0.2152,353,1.000,1.000,0,11,-0.0637,0.3066,0.3131,NO
capture_0029.pgm,2,379,47,22,22,22,0.2152,22.0,0.2152,353,1.000,1.000,0,3,-0.0987,0.3304,0.3448,NO
capture_0029.pgm,3,175,49,23,24,24,0.2347,24.0,0.2347,407,1.000,1.000,0,1,-0.0927,0.3486,0.3607,NO
capture_0029.pgm,4,583,48,22,23,23,0.2249,23.0,0.2249,375,1.000,1.000,0,5,-0.1046,0.3416,0.3572,NO
capture_0029.pgm,5,789,49,23,23,23,0.2249,23.0,0.2249,391,1.000,1.000,0,7,-0.0910,0.3527,0.3643,NO
capture_0029.pgm,6,993,48,21,21,21,0.2054,21.0,0.2054,317,1.000,1.000,0,9,-0.0969,0.3443,0.3577,NO
capture_0029.pgm,7,687,88,22,23,23,0.2249,23.0,0.2249,375,1.000,1.000,0,6,-0.0883,0.3162,0.3283,NO
capture_0029.pgm,8,1097,87,21,21,21,0.2054,21.0,0.2054,317,1.000,1.000,0,10,-0.0806,0.3092,0.3195,NO
capture_0029.pgm,9,481,90,24,23,24,0.2347,24.0,0.2347,414,1.000,1.000,0,4,-0.1019,0.3344,0.3496,NO
capture_0029.pgm,10,77,91,23,23,23,0.2249,23.0,0.2249,398,1.000,1.000,0,0,-0.0509,0.3414,0.3452,NO
capture_0029.pgm,11,277,91,24,22,24,0.2347,24.0,0.2347,397,1.000,1.000,0,2,-0.0960,0.3428,0.3560,NO
capture_0029.pgm,12,787,133,23,22,23,0.2249,23.0,0.2249,368,1.000,1.000,1,7,-0.1111,0.3234,0.3419,NO
capture_0029.pgm,13,380,135,21,22,22,0.2152,22.0,0.2152,338,1.000,1.000,1,3,-0.0895,0.3402,0.3518,NO
capture_0029.pgm,14,584,136,23,24,24,0.2347,24.0,0.2347,414,1.000,1.000,1,5,-0.0954,0.3514,0.3641,NO
capture_0029.pgm,15,996,137,21,24,24,0.2347,24.0,0.2347,380,1.000,1.000,1,9,-0.0681,0.3639,0.3702,NO
capture_0029.pgm,16,1196,136,22,22,22,0.2152,22.0,0.2152,353,1.000,1.000,1,11,-0.1132,0.3555,0.3731,NO
capture_0029.pgm,17,176,139,24,24,24,0.2347,24.0,0.2347,423,1.000,1.000,1,1,-0.0835,0.3779,0.3871,NO
capture_0029.pgm,18,485,174,23,25,25,0.2445,25.0,0.2445,434,1.000,1.000,1,4,-0.0634,0.3050,0.3115,NO
capture_0029.pgm,19,281,176,22,22,22,0.2152,22.0,0.2152,346,1.000,1.000,1,2,-0.0575,0.3232,0.3283,NO
capture_0029.pgm,20,1097,176,22,23,23,0.2249,23.0,0.2249,375,1.000,1.000,1,10,-0.0812,0.3287,0.3386,NO
capture_0029.pgm,21,895,179,24,23,24,0.2347,24.0,0.2347,404,1.000,1.000,1,8,-0.0557,0.3567,0.3610,NO
capture_0029.pgm,22,686,182,24,25,25,0.2445,25.0,0.2445,440,1.000,1.000,1,6,-0.0986,0.3846,0.3971,NO
capture_0029.pgm,23,73,182,24,22,24,0.2347,24.0,0.2347,390,1.000,1.000,1,0,-0.0907,0.3805,0.3912,NO
capture_0029.pgm,24,1197,220,22,21,22,0.2152,22.0,0.2152,338,1.000,1.000,2,11,-0.1040,0.3261,0.3423,NO
capture_0029.pgm,25,380,221,23,22,23,0.2249,23.0,0.2249,368,1.000,1.000,2,3,-0.0901,0.3304,0.3425,NO
capture_0029.pgm,26,583,222,21,21,21,0.2054,21.0,0.2054,317,1.000,1.000,2,5,-0.1058,0.3416,0.3576,NO
capture_0029.pgm,27,178,225,23,22,23,0.2249,23.0,0.2249,368,1.000,1.000,2,1,-0.0646,0.3682,0.3738,NO
capture_0029.pgm,28,791,225,21,22,22,0.2152,22.0,0.2152,338,1.000,1.000,2,7,-0.0726,0.3723,0.3793,NO
capture_0029.pgm,29,996,225,21,22,22,0.2152,22.0,0.2152,338,1.000,1.000,2,9,-0.0687,0.3737,0.3799,NO
capture_0029.pgm,30,482,262,21,23,23,0.2249,23.0,0.2249,359,1.000,1.000,2,4,-0.0933,0.3148,0.3284,NO
capture_0029.pgm,31,688,262,24,23,24,0.2347,24.0,0.2347,404,1.000,1.000,2,6,-0.0797,0.3162,0.3261,NO
capture_0029.pgm,32,890,261,24,23,24,0.2347,24.0,0.2347,403,1.000,1.000,2,8,-0.1052,0.3078,0.3253,NO
capture_0029.pgm,33,1098,262,23,23,23,0.2249,23.0,0.2249,384,1.000,1.000,2,10,-0.0720,0.3189,0.3270,NO
capture_0029.pgm,34,280,263,23,23,23,0.2249,23.0,0.2249,391,1.000,1.000,2,2,-0.0678,0.3232,0.3303,NO
capture_0029.pgm,35,74,265,24,23,24,0.2347,24.0,0.2347,407,1.000,1.000,2,0,-0.0815,0.3414,0.3510,NO
capture_0029.pgm,36,992,306,22,22,22,0.2152,22.0,0.2152,353,1.000,1.000,3,9,-0.1084,0.3150,0.3331,NO
capture_0029.pgm,37,1197,307,23,24,24,0.2347,24.0,0.2347,407,1.000,1.000,3,11,-0.1046,0.3261,0.3425,NO
capture_0029.pgm,38,176,307,23,22,23,0.2249,23.0,0.2249,368,1.000,1.000,3,1,-0.0847,0.3193,0.3303,NO
capture_0029.pgm,39,787,307,23,23,23,0.2249,23.0,0.2249,384,1.000,1.000,3,7,-0.1123,0.3234,0.3423,NO
capture_0029.pgm,40,379,308,22,22,22,0.2152,22.0,0.2152,360,1.000,1.000,3,3,-0.1004,0.3304,0.3453,NO
capture_0029.pgm,41,586,308,22,22,22,0.2152,22.0,0.2152,353,1.000,1.000,3,5,-0.0770,0.3318,0.3406,NO
capture_0029.pgm,42,1097,347,22,23,23,0.2249,23.0,0.2249,368,1.000,1.000,3,10,-0.0823,0.2994,0.3105,NO
capture_0029.pgm,43,898,349,26,24,26,0.2543,26.0,0.2543,453,1.000,1.000,3,8,-0.0275,0.3176,0.3188,NO
capture_0029.pgm,44,72,349,22,23,23,0.2249,23.0,0.2249,375,1.000,1.000,3,0,-0.1016,0.3121,0.3282,NO
capture_0029.pgm,45,687,350,23,22,23,0.2249,23.0,0.2249,375,1.000,1.000,3,6,-0.0900,0.3260,0.3382,NO
capture_0029.pgm,46,278,355,24,27,27,0.2641,27.0,0.2641,482,1.000,1.000,3,2,-0.0880,0.3721,0.3824,NO
capture_0029.pgm,47,485,355,22,22,22,0.2152,22.0,0.2152,360,1.000,1.000,3,4,-0.0646,0.3735,0.3790,NO
capture_0029.pgm,48,989,389,26,24,26,0.2543,26.0,0.2543,455,1.000,1.000,4,9,-0.1383,0.2759,0.3086,NO
capture_0029.pgm,49,1197,394,23,25,25,0.2445,25.0,0.2445,423,1.000,1.000,4,11,-0.1052,0.3261,0.3427,NO
capture_0029.pgm,50,588,395,21,21,21,0.2054,21.0,0.2054,317,1.000,1.000,4,5,-0.0580,0.3318,0.3368,NO
capture_0029.pgm,51,173,397,26,23,26,0.2543,26.0,0.2543,449,1.000,1.000,4,1,-0.1146,0.3486,0.3670,NO
capture_0029.pgm,52,382,396,21,21,21,0.2054,21.0,0.2054,317,1.000,1.000,4,3,-0.0717,0.3402,0.3477,NO
capture_0029.pgm,53,788,398,22,22,22,0.2152,22.0,0.2152,346,1.000,1.000,4,7,-0.1031,0.3625,0.3769,NO
capture_0029.pgm,54,1100,436,23,23,23,0.2249,23.0,0.2249,377,1.000,1.000,4,10,-0.0536,0.3189,0.3234,NO
capture_0029.pgm,55,894,436,22,22,22,0.2152,22.0,0.2152,360,1.000,1.000,4,8,-0.0672,0.3176,0.3246,NO
capture_0029.pgm,56,76,438,23,23,23,0.2249,23.0,0.2249,391,1.000,1.000,4,0,-0.0631,0.3316,0.3376,NO
capture_0029.pgm,57,279,438,22,23,23,0.2249,23.0,0.2249,368,1.000,1.000,4,2,-0.0788,0.3330,0.3422,NO
capture_0029.pgm,58,686,438,22,23,23,0.2249,23.0,0.2249,375,1.000,1.000,4,6,-0.1004,0.3357,0.3504,NO
capture_0029.pgm,59,476,439,23,21,23,0.2249,23.0,0.2249,359,1.000,1.000,4,4,-0.1532,0.3442,0.3767,NO
capture_0029.pgm,60,1196,480,22,23,23,0.2249,23.0,0.2249,382,1.000,1.000,5,11,-0.1155,0.3164,0.3368,NO
capture_0029.pgm,61,586,484,24,25,25,0.2445,25.0,0.2445,440,1.000,1.000,5,5,-0.0782,0.3514,0.3600,NO
capture_0029.pgm,62,383,484,25,24,25,0.2445,25.0,0.2445,439,1.000,1.000,5,3,-0.0625,0.3500,0.3555,NO
capture_0029.pgm,63,996,484,23,23,23,0.2249,23.0,0.2249,391,1.000,1.000,5,9,-0.0705,0.3541,0.3611,NO
capture_0029.pgm,64,791,486,24,25,25,0.2445,25.0,0.2445,455,1.000,1.000,5,7,-0.0743,0.3723,0.3796,NO
capture_0029.pgm,65,172,487,23,23,23,0.2249,23.0,0.2249,380,1.000,1.000,5,1,-0.1250,0.3779,0.3981,NO
capture_0029.pgm,66,1096,522,22,23,23,0.2249,23.0,0.2249,375,1.000,1.000,5,10,-0.0933,0.3092,0.3229,NO
capture_0029.pgm,67,688,523,23,24,24,0.2347,24.0,0.2347,407,1.000,1.000,5,6,-0.0814,0.3162,0.3265,NO
capture_0029.pgm,68,483,524,24,24,24,0.2347,24.0,0.2347,421,1.000,1.000,5,4,-0.0853,0.3246,0.3356,NO
capture_0029.pgm,69,893,523,21,22,22,0.2152,22.0,0.2152,338,1.000,1.000,5,8,-0.0776,0.3176,0.3269,NO
capture_0029.pgm,70,77,525,23,24,24,0.2347,24.0,0.2347,411,1.000,1.000,5,0,-0.0539,0.3316,0.3360,NO
capture_0029.pgm,71,278,530,24,25,25,0.2445,25.0,0.2445,452,1.000,1.000,5,2,-0.0891,0.3819,0.3922,NO
capture_0029.pgm,72,584,564,23,24,24,0.2347,24.0,0.2347,407,1.000,1.000,6,5,-0.0983,0.2829,0.2995,NO
capture_0029.pgm,73,993,567,22,22,22,0.2152,22.0,0.2152,353,1.000,1.000,6,9,-0.1004,0.3150,0.3306,NO
capture_0029.pgm,74,1198,567,23,22,23,0.2249,23.0,0.2249,382,1.000,1.000,6,11,-0.0965,0.3164,0.3308,NO
capture_0029.pgm,75,382,570,23,22,23,0.2249,23.0,0.2249,368,1.000,1.000,6,3,-0.0728,0.3402,0.3479,NO
capture_0029.pgm,76,178,572,23,23,23,0.2249,23.0,0.2249,391,1.000,1.000,6,1,-0.0669,0.3584,0.3646,NO
capture_0029.pgm,77,790,573,24,24,24,0.2347,24.0,0.2347,438,1.000,1.000,6,7,-0.0847,0.3723,0.3818,NO
capture_0029.pgm,78,1097,609,22,23,23,0.2249,23.0,0.2249,368,1.000,1.000,6,10,-0.0841,0.3092,0.3204,NO
capture_0029.pgm,79,279,610,22,23,23,0.2249,23.0,0.2249,368,1.000,1.000,6,2,-0.0799,0.3134,0.3235,NO
capture_0029.pgm,80,892,611,23,23,23,0.2249,23.0,0.2249,391,1.000,1.000,6,8,-0.0879,0.3273,0.3390,NO
capture_0029.pgm,81,481,611,25,23,25,0.2445,25.0,0.2445,427,1.000,1.000,6,4,-0.1054,0.3246,0.3413,NO
capture_0029.pgm,82,689,615,24,25,25,0.2445,25.0,0.2445,459,1.000,1.000,6,6,-0.0722,0.3651,0.3722,NO
capture_0029.pgm,83,75,615,22,22,22,0.2152,22.0,0.2152,360,1.000,1.000,6,0,-0.0740,0.3610,0.3685,NO
capture_0029.pgm,84,996,653,23,23,23,0.2249,23.0,0.2249,384,1.000,1.000,7,9,-0.0716,0.3052,0.3135,NO
capture_0029.pgm,85,1198,654,22,23,23,0.2249,23.0,0.2249,368,1.000,1.000,7,11,-0.0971,0.3164,0.3309,NO
capture_0029.pgm,86,177,654,23,22,23,0.2249,23.0,0.2249,375,1.000,1.000,7,1,-0.0773,0.3095,0.3190,NO
capture_0029.pgm,87,788,656,22,21,22,0.2152,22.0,0.2152,338,1.000,1.000,7,7,-0.1048,0.3332,0.3493,NO
capture_0029.pgm,88,588,659,23,23,23,0.2249,23.0,0.2249,398,1.000,1.000,7,5,-0.0598,0.3611,0.3661,NO
capture_0029.pgm,89,383,659,22,22,22,0.2152,22.0,0.2152,360,1.000,1.000,7,3,-0.0636,0.3598,0.3654,NO
capture_0029.pgm,90,1097,694,21,21,21,0.2054,21.0,0.2054,317,1.000,1.000,7,10,-0.0847,0.2896,0.3017,NO
capture_0029.pgm,91,686,696,23,23,23,0.2249,23.0,0.2249,380,1.000,1.000,7,6,-0.1022,0.3064,0.3230,NO
capture_0029.pgm,92,891,697,22,23,23,0.2249,23.0,0.2249,368,1.000,1.000,7,8,-0.0983,0.3176,0.3324,NO
capture_0029.pgm,93,279,699,24,24,24,0.2347,24.0,0.2347,431,1.000,1.000,7,2,-0.0805,0.3330,0.3426,NO
capture_0029.pgm,94,484,700,22,22,22,0.2152,22.0,0.2152,353,1.000,1.000,7,4,-0.0767,0.3442,0.3526,NO
capture_0029.pgm,95,76,705,24,22,24,0.2347,24.0,0.2347,397,1.000,1.000,7,0,-0.0648,0.3903,0.3957,NO
capture_0029.pgm,96,1198,738,23,23,23,0.2249,23.0,0.2249,391,1.000,1.000,8,11,-0.0977,0.2870,0.3032,NO
capture_0029.pgm,97,993,741,24,24,24,0.2347,24.0,0.2347,416,1.000,1.000,8,9,-0.1016,0.3150,0.3310,NO
capture_0029.pgm,98,789,742,21,21,21,0.2054,21.0,0.2054,317,1.000,1.000,8,7,-0.0956,0.3234,0.3372,NO
capture_0029.pgm,99,588,747,21,22,22,0.2152,22.0,0.2152,338,1.000,1.000,8,5,-0.0604,0.3709,0.3758,NO
capture_0029.pgm,100,177,748,25,23,25,0.2445,25.0,0.2445,422,1.000,1.000,8,1,-0.0779,0.3779,0.3859,NO
capture_0029.pgm,101,379,748,22,22,22,0.2152,22.0,0.2152,353,1.000,1.000,8,3,-0.1033,0.3793,0.3932,NO
capture_0029.pgm,102,1098,783,22,22,22,0.2152,22.0,0.2152,360,1.000,1.000,8,10,-0.0755,0.3092,0.3182,NO
capture_0029.pgm,103,892,787,23,23,23,0.2249,23.0,0.2249,405,1.000,1.000,8,8,-0.0891,0.3469,0.3582,NO
capture_0029.pgm,104,484,787,22,23,23,0.2249,23.0,0.2249,375,1.000,1.000,8,4,-0.0773,0.3442,0.3527,NO
capture_0029.pgm,105,685,789,24,24,24,0.2347,24.0,0.2347,425,1.000,1.000,8,6,-0.1125,0.3651,0.3820,NO
capture_0029.pgm,106,75,791,24,24,24,0.2347,24.0,0.2347,425,1.000,1.000,8,0,-0.0752,0.3805,0.3879,NO
capture_0029.pgm,107,281,792,23,25,25,0.2445,25.0,0.2445,430,1.000,1.000,8,2,-0.0616,0.3917,0.3965,NO
capture_0029.pgm,108,1201,827,23,24,24,0.2347,24.0,0.2347,407,1.000,1.000,9,11,-0.0690,0.3066,0.3142,NO
capture_0029.pgm,109,178,827,24,22,24,0.2347,24.0,0.2347,397,1.000,1.000,9,1,-0.0687,0.2997,0.3075,NO
capture_0029.pgm,110,994,828,22,22,22,0.2152,22.0,0.2152,346,1.000,1.000,9,9,-0.0924,0.3150,0.3283,NO
capture_0029.pgm,111,789,831,22,23,23,0.2249,23.0,0.2249,368,1.000,1.000,9,7,-0.0962,0.3430,0.3562,NO
capture_0029.pgm,112,382,832,22,24,24,0.2347,24.0,0.2347,397,1.000,1.000,9,3,-0.0746,0.3500,0.3578,NO
capture_0029.pgm,113,587,834,23,25,25,0.2445,25.0,0.2445,430,1.000,1.000,9,5,-0.0707,0.3709,0.3776,NO
capture_0029.pgm,114,892,870,21,21,21,0.2054,21.0,0.2054,317,1.000,1.000,9,8,-0.0897,0.3078,0.3206,NO
capture_0029.pgm,115,280,873,23,23,23,0.2249,23.0,0.2249,384,1.000,1.000,9,2,-0.0719,0.3330,0.3407,NO
capture_0029.pgm,116,79,875,23,22,23,0.2249,23.0,0.2249,382,1.000,1.000,9,0,-0.0367,0.3512,0.3531,NO
capture_0029.pgm,117,690,876,23,24,24,0.2347,24.0,0.2347,407,1.000,1.000,9,6,-0.0642,0.3651,0.3707,NO
capture_0029.pgm,118,1107,877,24,25,25,0.2445,25.0,0.2445,447,1.000,1.000,9,10,0.0120,0.3776,0.3778,NO
capture_0029.pgm,119,485,876,23,23,23,0.2249,23.0,0.2249,391,1.000,1.000,9,4,-0.0681,0.3637,0.3700,NO
capture_0029.pgm,120,1198,913,23,23,23,0.2249,23.0,0.2249,388,1.000,1.000,10,11,-0.0989,0.2968,0.3128,NO
capture_0029.pgm,121,587,915,22,23,23,0.2249,23.0,0.2249,368,1.000,1.000,10,5,-0.0713,0.3122,0.3203,NO
capture_0029.pgm,122,791,917,23,23,23,0.2249,23.0,0.2249,398,1.000,1.000,10,7,-0.0772,0.3332,0.3420,NO
capture_0029.pgm,123,993,919,23,25,25,0.2445,25.0,0.2445,432,1.000,1.000,10,9,-0.1027,0.3541,0.3687,NO
capture_0029.pgm,124,179,918,23,22,23,0.2249,23.0,0.2249,382,1.000,1.000,10,1,-0.0595,0.3388,0.3440,NO
capture_0029.pgm,125,385,922,23,24,24,0.2347,24.0,0.2347,401,1.000,1.000,10,3,-0.0458,0.3793,0.3821,NO
capture_0029.pgm,126,78,958,24,25,25,0.2445,25.0,0.2445,447,1.000,1.000,10,0,-0.0470,0.3121,0.3156,NO
capture_0029.pgm,127,892,957,22,24,24,0.2347,24.0,0.2347,386,1.000,1.000,10,8,-0.0903,0.3078,0.3208,NO
capture_0029.pgm,128,283,961,23,26,26,0.2543,26.0,0.2543,446,1.000,1.000,10,2,-0.0432,0.3428,0.3455,NO
capture_0029.pgm,129,483,960,23,24,24,0.2347,24.0,0.2347,407,1.000,1.000,10,4,-0.0882,0.3344,0.3458,NO
capture_0029.pgm,130,686,959,21,22,22,0.2152,22.0,0.2152,338,1.000,1.000,10,6,-0.1039,0.3260,0.3421,NO
capture_0029.pgm,131,1098,962,22,23,23,0.2249,23.0,0.2249,368,1.000,1.000,10,10,-0.0766,0.3581,0.3662,NO
capture_0029.pgm,132,796,1004,26,23,26,0.2543,26.0,0.2543,452,1.000,1.000,11,7,-0.0289,0.3332,0.3344,NO
capture_0029.pgm,133,992,1003,24,21,24,0.2347,24.0,0.2347,378,1.000,1.000,11,9,-0.1131,0.3248,0.3439,NO
capture_0029.pgm,134,179,1004,23,23,23,0.2249,23.0,0.2249,383,1.000,1.000,11,1,-0.0601,0.3291,0.3345,NO
capture_0029.pgm,SUMMARY,,,,,,,,,,,,,,,,,
capture_0029.pgm,Count,134,,,,,,,,,,,,,,,
capture_0029.pgm,Missed,4,,,,,,,,,,,,,,,
capture_0029.pgm,Mean,,,,,,,,0.2277,,,,,,,,
capture_0029.pgm,Median,,,,,,,,0.2249,,,,,,,,
capture_0029.pgm,StdDev,,,,,,,,0.0119,,,,,,,,
capture_0029.pgm,Min,,,,,,,,0.2054,,,,,,,,
capture_0029.pgm,Max,,,,,,,,0.2641,,,,,,,,
capture_0030.pgm,1,280,17,26,26,26,0.2543,26.0,0.2543,490,1.000,1.000,0,2,-0.0667,-0.3809,0.3867,NO
capture_0030.pgm,2,690,20,22,23,23,0.2249,23.0,0.2249,382,1.000,1.000,0,6,-0.0589,-0.3488,0.3538,NO
capture_0030.pgm,3,898,21,25,25,25,0.2445,25.0,0.2445,459,1.000,1.000,0,8,-0.0258,-0.3377,0.3387,NO
capture_0030.pgm,4,1097,19,23,23,23,0.2249,23.0,0.2249,391,1.000,1.000,0,10,-0.0806,-0.3559,0.3649,NO
capture_0030.pgm,5,75,20,23,23,23,0.2249,23.0,0.2249,390,1.000,1.000,0,0,-0.0705,-0.3530,0.3599,NO
capture_0030.pgm,6,479,20,22,22,22,0.2152,22.0,0.2152,353,1.000,1.000,0,4,-0.1215,-0.3502,0.3707,NO
capture_0030.pgm,7,1008,55,24,24,24,0.2347,24.0,0.2347,431,1.000,1.000,0,9,0.0498,0.4128,0.4158,NO
capture_0030.pgm,8,388,55,23,23,23,0.2249,23.0,0.2249,384,1.000,1.000,0,3,-0.0107,0.4087,0.4088,NO
capture_0030.pgm,9,1209,55,24,23,24,0.2347,24.0,0.2347,407,1.000,1.000,0,11,0.0145,0.4142,0.4144,NO
capture_0030.pgm,10,186,58,26,25,26,0.2543,26.0,0.2543,474,1.000,1.000,1,1,0.0143,-0.4142,0.4145,NO
capture_0030.pgm,11,600,59,24,24,24,0.2347,24.0,0.2347,424,1.000,1.000,1,5,0.0611,-0.4017,0.4063,NO
capture_0030.pgm,12,801,60,24,24,24,0.2347,24.0,0.2347,435,1.000,1.000,1,7,0.0258,-0.3905,0.3914,NO
capture_0030.pgm,13,1092,103,24,22,24,0.2347,24.0,0.2347,390,1.000,1.000,1,10,-0.1301,-0.3852,0.4066,NO
capture_0030.pgm,14,480,105,21,21,21,0.2054,21.0,0.2054,317,1.000,1.000,1,4,-0.1123,-0.3698,0.3865,NO
capture_0030.pgm,15,892,105,21,22,22,0.2152,22.0,0.2152,338,1.000,1.000,1,8,-0.0850,-0.3670,0.3768,NO
capture_0030.pgm,16,688,107,25,23,25,0.2445,25.0,0.2445,419,1.000,1.000,1,6,-0.0791,-0.3488,0.3577,NO
capture_0030.pgm,17,72,108,25,23,25,0.2445,25.0,0.2445,419,1.000,1.000,1,0,-0.1004,-0.3432,0.3576,NO
capture_0030.pgm,18,272,108,23,23,23,0.2249,23.0,0.2249,384,1.000,1.000,1,2,-0.1455,-0.3418,0.3715,NO
capture_0030.pgm,19,1201,147,22,23,23,0.2249,23.0,0.2249,368,1.000,1.000,2,11,-0.0649,-0.3878,0.3932,NO
capture_0030.pgm,20,176,148,23,23,23,0.2249,23.0,0.2249,381,1.000,1.000,2,1,-0.0841,-0.3849,0.3940,NO
capture_0030.pgm,21,585,147,22,21,22,0.2152,22.0,0.2152,338,1.000,1.000,2,5,-0.0862,-0.3919,0.4013,NO
capture_0030.pgm,22,789,149,23,23,23,0.2249,23.0,0.2249,398,1.000,1.000,2,7,-0.0921,-0.3710,0.3823,NO
capture_0030.pgm,23,994,149,22,22,22,0.2152,22.0,0.2152,346,1.000,1.000,2,9,-0.0883,-0.3696,0.3800,NO
capture_0030.pgm,24,385,154,24,24,24,0.2347,24.0,0.2347,425,1.000,1.000,2,3,-0.0412,-0.3248,0.3274,NO
capture_0030.pgm,25,893,193,22,23,23,0.2249,23.0,0.2249,382,1.000,1.000,2,8,-0.0758,-0.3573,0.3652,NO
capture_0030.pgm,26,73,194,23,23,23,0.2249,23.0,0.2249,375,1.000,1.000,2,0,-0.0912,-0.3530,0.3646,NO
capture_0030.pgm,27,481,194,22,21,22,0.2152,22.0,0.2152,338,1.000,1.000,2,4,-0.1031,-0.3502,0.3651,NO
capture_0030.pgm,28,1098,194,22,22,22,0.2152,22.0,0.2152,353,1.000,1.000,2,10,-0.0720,-0.3461,0.3535,NO
capture_0030.pgm,29,688,195,21,21,21,0.2054,21.0,0.2054,317,1.000,1.000,2,6,-0.0797,-0.3391,0.3483,NO
capture_0030.pgm,30,279,198,25,24,25,0.2445,25.0,0.2445,439,1.000,1.000,2,2,-0.0776,-0.3125,0.3220,NO
capture_0030.pgm,31,787,242,21,21,21,0.2054,21.0,0.2054,317,1.000,1.000,3,7,-0.1123,-0.3123,0.3319,NO
capture_0030.pgm,32,377,245,23,24,24,0.2347,24.0,0.2347,398,1.000,1.000,3,3,-0.1200,-0.2857,0.3099,NO
capture_0030.pgm,33,481,278,24,22,24,0.2347,24.0,0.2347,387,1.000,1.000,3,4,-0.1037,-0.3796,0.3935,NO
capture_0030.pgm,34,277,280,24,23,24,0.2347,24.0,0.2347,404,1.000,1.000,3,2,-0.0977,-0.3614,0.3744,NO
capture_0030.pgm,35,1097,280,23,22,23,0.2249,23.0,0.2249,368,1.000,1.000,3,10,-0.0823,-0.3559,0.3653,NO
capture_0030.pgm,36,889,282,24,23,24,0.2347,24.0,0.2347,410,1.000,1.000,3,8,-0.1155,-0.3377,0.3569,NO
capture_0030.pgm,37,689,284,22,23,23,0.2249,23.0,0.2249,382,1.000,1.000,3,6,-0.0705,-0.3195,0.3272,NO
capture_0030.pgm,38,71,285,24,25,25,0.2445,25.0,0.2445,443,1.000,1.000,3,0,-0.1114,-0.3139,0.3330,NO
capture_0030.pgm,39,172,326,22,22,22,0.2152,22.0,0.2152,353,1.000,1.000,4,1,-0.1244,-0.3458,0.3675,NO
capture_0030.pgm,40,1198,326,21,21,21,0.2054,21.0,0.2054,317,1.000,1.000,4,11,-0.0954,-0.3389,0.3521,NO
capture_0030.pgm,41,787,328,22,22,22,0.2152,22.0,0.2152,360,1.000,1.000,4,7,-0.1129,-0.3221,0.3413,NO
capture_0030.pgm,42,381,329,21,21,21,0.2054,21.0,0.2054,317,1.000,1.000,4,3,-0.0814,-0.3151,0.3254,NO
capture_0030.pgm,43,995,330,22,23,23,0.2249,23.0,0.2249,368,1.000,1.000,4,9,-0.0797,-0.3011,0.3115,NO
capture_0030.pgm,44,685,366,22,23,23,0.2249,23.0,0.2249,368,1.000,1.000,4,6,-0.1102,-0.3684,0.3845,NO
capture_0030.pgm,45,1096,365,24,22,24,0.2347,24.0,0.2347,397,1.000,1.000,4,10,-0.0927,-0.3754,0.3867,NO
capture_0030.pgm,46,276,366,24,22,24,0.2347,24.0,0.2347,394,1.000,1.000,4,2,-0.1081,-0.3712,0.3866,NO
capture_0030.pgm,47,889,367,24,24,24,0.2347,24.0,0.2347,413,1.000,1.000,4,8,-0.1161,-0.3573,0.3756,NO
capture_0030.pgm,48,482,368,23,23,23,0.2249,23.0,0.2249,388,1.000,1.000,4,4,-0.0945,-0.3502,0.3627,NO
capture_0030.pgm,49,74,371,23,23,23,0.2249,23.0,0.2249,391,1.000,1.000,4,0,-0.0826,-0.3236,0.3340,NO
capture_0030.pgm,50,586,409,22,21,22,0.2152,22.0,0.2152,338,1.000,1.000,5,5,-0.0782,-0.3821,0.3901,NO
capture_0030.pgm,51,383,410,24,23,24,0.2347,24.0,0.2347,403,1.000,1.000,5,3,-0.0625,-0.3737,0.3789,NO
capture_0030.pgm,52,790,414,22,23,23,0.2249,23.0,0.2249,382,1.000,1.000,5,7,-0.0841,-0.3319,0.3424,NO
capture_0030.pgm,53,1203,415,23,24,24,0.2347,24.0,0.2347,414,1.000,1.000,5,11,-0.0471,-0.3193,0.3228,NO
capture_0030.pgm,54,995,416,25,23,25,0.2445,25.0,0.2445,422,1.000,1.000,5,9,-0.0802,-0.3109,0.3211,NO
capture_0030.pgm,55,176,420,23,23,23,0.2249,23.0,0.2249,380,1.000,1.000,5,1,-0.0859,-0.2773,0.2903,NO
capture_0030.pgm,56,892,452,22,22,22,0.2152,22.0,0.2152,346,1.000,1.000,5,8,-0.0874,-0.3768,0.3868,NO
capture_0030.pgm,57,71,454,27,24,27,0.2641,27.0,0.2641,477,1.000,1.000,5,0,-0.1126,-0.3628,0.3798,NO
capture_0030.pgm,58,279,454,23,23,23,0.2249,23.0,0.2249,391,1.000,1.000,5,2,-0.0794,-0.3614,0.3700,NO
capture_0030.pgm,59,1097,454,23,23,23,0.2249,23.0,0.2249,391,1.000,1.000,5,10,-0.0835,-0.3559,0.3655,NO
capture_0030.pgm,60,482,456,24,23,24,0.2347,24.0,0.2347,404,1.000,1.000,5,4,-0.0951,-0.3404,0.3535,NO
capture_0030.pgm,61,689,458,25,24,25,0.2445,25.0,0.2445,431,1.000,1.000,5,6,-0.0716,-0.3195,0.3274,NO
capture_0030.pgm,62,790,494,23,23,23,0.2249,23.0,0.2249,381,1.000,1.000,6,7,-0.0847,-0.4003,0.4092,NO
capture_0030.pgm,63,381,496,22,22,22,0.2152,22.0,0.2152,353,1.000,1.000,6,3,-0.0826,-0.3835,0.3923,NO
capture_0030.pgm,64,584,496,22,21,22,0.2152,22.0,0.2152,338,1.000,1.000,6,5,-0.0983,-0.3821,0.3946,NO
capture_0030.pgm,65,176,499,24,23,24,0.2347,24.0,0.2347,407,1.000,1.000,6,1,-0.0865,-0.3555,0.3659,NO
capture_0030.pgm,66,996,499,22,22,22,0.2152,22.0,0.2152,353,1.000,1.000,6,9,-0.0711,-0.3500,0.3572,NO
capture_0030.pgm,67,1200,499,22,22,22,0.2152,22.0,0.2152,353,1.000,1.000,6,11,-0.0770,-0.3487,0.3571,NO
capture_0030.pgm,68,1094,538,24,22,24,0.2347,24.0,0.2347,397,1.000,1.000,6,10,-0.1134,-0.3852,0.4016,NO
capture_0030.pgm,69,895,540,21,22,22,0.2152,22.0,0.2152,338,1.000,1.000,6,8,-0.0586,-0.3670,0.3717,NO
capture_0030.pgm,70,685,541,23,22,23,0.2249,23.0,0.2249,368,1.000,1.000,6,6,-0.1114,-0.3586,0.3755,NO
capture_0030.pgm,71,481,544,22,25,25,0.2445,25.0,0.2445,412,1.000,1.000,6,4,-0.1054,-0.3307,0.3471,NO
capture_0030.pgm,72,73,545,25,26,26,0.2543,26.0,0.2543,467,1.000,1.000,6,0,-0.0936,-0.3236,0.3369,NO
capture_0030.pgm,73,274,544,26,22,26,0.2543,26.0,0.2543,441,1.000,1.000,6,2,-0.1288,-0.3320,0.3562,NO
capture_0030.pgm,74,585,585,21,22,22,0.2152,22.0,0.2152,338,1.000,1.000,7,5,-0.0891,-0.3626,0.3734,NO
capture_0030.pgm,75,993,585,23,22,23,0.2249,23.0,0.2249,375,1.000,1.000,7,9,-0.1010,-0.3598,0.3737,NO
capture_0030.pgm,76,380,586,22,21,22,0.2152,22.0,0.2152,338,1.000,1.000,7,3,-0.0930,-0.3542,0.3662,NO
capture_0030.pgm,77,178,587,22,21,22,0.2152,22.0,0.2152,338,1.000,1.000,7,1,-0.0675,-0.3458,0.3523,NO
capture_0030.pgm,78,1197,588,22,23,23,0.2249,23.0,0.2249,368,1.000,1.000,7,11,-0.1069,-0.3291,0.3460,NO
capture_0030.pgm,79,792,590,23,24,24,0.2347,24.0,0.2347,400,1.000,1.000,7,7,-0.0657,-0.3123,0.3191,NO
capture_0030.pgm,80,281,627,23,24,24,0.2347,24.0,0.2347,400,1.000,1.000,7,2,-0.0610,-0.3712,0.3761,NO
capture_0030.pgm,81,75,628,24,24,24,0.2347,24.0,0.2347,424,1.000,1.000,7,0,-0.0746,-0.3628,0.3703,NO
capture_0030.pgm,82,688,627,21,22,22,0.2152,22.0,0.2152,338,1.000,1.000,7,6,-0.0826,-0.3684,0.3776,NO
capture_0030.pgm,83,1094,628,23,23,23,0.2249,23.0,0.2249,398,1.000,1.000,7,10,-0.1140,-0.3559,0.3737,NO
capture_0030.pgm,84,893,628,22,23,23,0.2249,23.0,0.2249,375,1.000,1.000,7,8,-0.0787,-0.3573,0.3658,NO
capture_0030.pgm,85,482,631,23,24,24,0.2347,24.0,0.2347,414,1.000,1.000,7,4,-0.0962,-0.3307,0.3444,NO
capture_0030.pgm,86,1201,670,24,23,24,0.2347,24.0,0.2347,406,1.000,1.000,8,11,-0.0684,-0.3780,0.3841,NO
capture_0030.pgm,87,179,671,23,24,24,0.2347,24.0,0.2347,406,1.000,1.000,8,1,-0.0583,-0.3751,0.3796,NO
capture_0030.pgm,88,996,671,22,23,23,0.2249,23.0,0.2249,375,1.000,1.000,8,9,-0.0722,-0.3696,0.3766,NO
capture_0030.pgm,89,588,673,22,23,23,0.2249,23.0,0.2249,375,1.000,1.000,8,5,-0.0604,-0.3528,0.3579,NO
capture_0030.pgm,90,788,673,23,23,23,0.2249,23.0,0.2249,384,1.000,1.000,8,7,-0.1054,-0.3514,0.3669,NO
capture_0030.pgm,91,382,675,21,21,21,0.2054,21.0,0.2054,317,1.000,1.000,8,3,-0.0740,-0.3346,0.3427,NO
capture_0030.pgm,92,278,714,24,22,24,0.2347,24.0,0.2347,397,1.000,1.000,8,2,-0.0909,-0.3712,0.3821,NO
capture_0030.pgm,93,687,716,22,25,25,0.2445,25.0,0.2445,412,1.000,1.000,8,6,-0.0930,-0.3488,0.3610,NO
capture_0030.pgm,94,482,716,23,24,24,0.2347,24.0,0.2347,408,1.000,1.000,8,4,-0.0968,-0.3502,0.3634,NO
capture_0030.pgm,95,892,717,25,24,25,0.2445,25.0,0.2445,442,1.000,1.000,8,8,-0.0891,-0.3377,0.3492,NO
capture_0030.pgm,96,1094,716,22,22,22,0.2152,22.0,0.2152,360,1.000,1.000,8,10,-0.1146,-0.3461,0.3646,NO
capture_0030.pgm,97,75,718,24,25,25,0.2445,25.0,0.2445,447,1.000,1.000,8,0,-0.0752,-0.3334,0.3418,NO
capture_0030.pgm,98,994,755,26,22,26,0.2543,26.0,0.2543,431,1.000,1.000,9,9,-0.0924,-0.3989,0.4095,NO
capture_0030.pgm,99,380,758,23,22,23,0.2249,23.0,0.2249,375,1.000,1.000,9,3,-0.0942,-0.3737,0.3854,NO
capture_0030.pgm,100,584,758,26,22,26,0.2543,26.0,0.2543,438,1.000,1.000,9,5,-0.1001,-0.3724,0.3856,NO
capture_0030.pgm,101,1199,759,26,22,26,0.2543,26.0,0.2543,431,1.000,1.000,9,11,-0.0885,-0.3585,0.3692,NO
capture_0030.pgm,102,789,762,22,22,22,0.2152,22.0,0.2152,353,1.000,1.000,9,7,-0.0962,-0.3319,0.3455,NO
capture_0030.pgm,103,176,764,23,23,23,0.2249,23.0,0.2249,388,1.000,1.000,9,1,-0.0882,-0.3164,0.3285,NO
capture_0030.pgm,104,1097,800,23,24,24,0.2347,24.0,0.2347,414,1.000,1.000,9,10,-0.0858,-0.3754,0.3851,NO
capture_0030.pgm,105,278,802,22,24,24,0.2347,24.0,0.2347,390,1.000,1.000,9,2,-0.0915,-0.3614,0.3728,NO
capture_0030.pgm,106,893,802,23,23,23,0.2249,23.0,0.2249,398,1.000,1.000,9,8,-0.0799,-0.3573,0.3661,NO
capture_0030.pgm,107,487,804,23,25,25,0.2445,25.0,0.2445,430,1.000,1.000,9,4,-0.0485,-0.3404,0.3439,NO
capture_0030.pgm,108,692,803,24,23,24,0.2347,24.0,0.2347,407,1.000,1.000,9,6,-0.0446,-0.3488,0.3517,NO
capture_0030.pgm,109,76,806,24,24,24,0.2347,24.0,0.2347,413,1.000,1.000,9,0,-0.0660,-0.3236,0.3303,NO
capture_0030.pgm,110,384,846,22,23,23,0.2249,23.0,0.2249,382,1.000,1.000,10,3,-0.0556,-0.3640,0.3682,NO
capture_0030.pgm,111,1200,845,21,22,22,0.2152,22.0,0.2152,338,1.000,1.000,10,11,-0.0793,-0.3682,0.3767,NO
capture_0030.pgm,112,180,848,23,22,23,0.2249,23.0,0.2249,368,1.000,1.000,10,1,-0.0497,-0.3458,0.3493,NO
capture_0030.pgm,113,996,849,22,23,23,0.2249,23.0,0.2249,375,1.000,1.000,10,9,-0.0734,-0.3305,0.3385,NO
capture_0030.pgm,114,585,850,23,24,24,0.2347,24.0,0.2347,414,1.000,1.000,10,5,-0.0909,-0.3235,0.3360,NO
capture_0030.pgm,115,789,849,21,22,22,0.2152,22.0,0.2152,338,1.000,1.000,10,7,-0.0968,-0.3319,0.3457,NO
capture_0030.pgm,116,893,884,24,24,24,0.2347,24.0,0.2347,435,1.000,1.000,10,8,-0.0805,-0.4061,0.4140,NO
capture_0030.pgm,117,1097,887,23,26,26,0.2543,26.0,0.2543,442,1.000,1.000,10,10,-0.0864,-0.3754,0.3853,NO
capture_0030.pgm,118,279,890,23,24,24,0.2347,24.0,0.2347,407,1.000,1.000,10,2,-0.0823,-0.3516,0.3611,NO
capture_0030.pgm,119,78,893,23,27,27,0.2641,27.0,0.2641,477,1.000,1.000,10,0,-0.0470,-0.3236,0.3270,NO
capture_0030.pgm,120,483,892,23,22,23,0.2249,23.0,0.2249,382,1.000,1.000,10,4,-0.0882,-0.3307,0.3422,NO
capture_0030.pgm,121,686,895,22,23,23,0.2249,23.0,0.2249,368,1.000,1.000,10,6,-0.1039,-0.2999,0.3174,NO
capture_0030.pgm,122,788,927,22,24,24,0.2347,24.0,0.2347,390,1.000,1.000,11,7,-0.1072,-0.4199,0.4333,NO
capture_0030.pgm,123,996,931,23,23,23,0.2249,23.0,0.2249,391,1.000,1.000,11,9,-0.0740,-0.3794,0.3865,NO
capture_0030.pgm,124,178,932,22,22,22,0.2152,22.0,0.2152,346,1.000,1.000,11,1,-0.0698,-0.3751,0.3816,NO
capture_0030.pgm,125,380,933,24,24,24,0.2347,24.0,0.2347,425,1.000,1.000,11,3,-0.0953,-0.3640,0.3762,NO
capture_0030.pgm,126,1201,932,21,22,22,0.2152,22.0,0.2152,338,1.000,1.000,11,11,-0.0701,-0.3682,0.3748,NO
capture_0030.pgm,127,587,934,23,24,24,0.2347,24.0,0.2347,395,1.000,1.000,11,5,-0.0719,-0.3528,0.3600,NO
capture_0030.pgm,128,1095,973,22,23,23,0.2249,23.0,0.2249,368,1.000,1.000,11,10,-0.1066,-0.3852,0.3997,NO
capture_0030.pgm,129,280,977,24,23,24,0.2347,24.0,0.2347,411,1.000,1.000,11,2,-0.0731,-0.3516,0.3591,NO
capture_0030.pgm,130,484,978,23,23,23,0.2249,23.0,0.2249,391,1.000,1.000,11,4,-0.0790,-0.3404,0.3495,NO
capture_0030.pgm,131,686,980,22,23,23,0.2249,23.0,0.2249,375,1.000,1.000,11,6,-0.1045,-0.3195,0.3362,NO
capture_0030.pgm,132,890,980,23,23,23,0.2249,23.0,0.2249,398,1.000,1.000,11,8,-0.1104,-0.3181,0.3367,NO
capture_0030.pgm,133,78,982,23,23,23,0.2249,23.0,0.2249,398,1.000,1.000,11,0,-0.0476,-0.3041,0.3078,NO
capture_0030.pgm,SUMMARY,,,,,,,,,,,,,,,,,
capture_0030.pgm,Count,133,,,,,,,,,,,,,,,
capture_0030.pgm,Missed,8,,,,,,,,,,,,,,,
capture_0030.pgm,Mean,,,,,,,,0.2291,,,,,,,,
capture_0030.pgm,Median,,,,,,,,0.2249,,,,,,,,
capture_0030.pgm,StdDev,,,,,,,,0.0124,,,,,,,,
capture_0030.pgm,Min,,,,,,,,0.2054,,,,,,,,
capture_0030.pgm,Max,,,,,,,,0.2641,,,,,,,,
capture_0031.pgm,1,214,20,24,25,25,0.2445,25.0,0.2445,451,1.000,1.000,0,1,0.2887,0.0650,0.2959,NO
capture_0031.pgm,2,1024,21,21,21,21,0.2054,21.0,0.2054,317,1.000,1.000,0,9,0.2063,0.0803,0.2214,NO
capture_0031.pgm,3,821,23,22,23,23,0.2249,23.0,0.2249,372,1.000,1.000,0,7,0.2220,0.0985,0.2428,NO
capture_0031.pgm,4,1231,24,23,23,23,0.2249,23.0,0.2249,405,1.000,1.000,0,11,0.2297,0.1110,0.2551,NO
capture_0031.pgm,5,418,25,24,25,25,0.2445,25.0,0.2445,445,1.000,1.000,0,3,0.2827,0.1153,0.3053,NO
capture_0031.pgm,6,619,24,21,22,22,0.2152,22.0,0.2152,338,1.000,1.000,0,5,0.2475,0.1069,0.2696,NO
capture_0031.pgm,7,732,54,24,28,28,0.2738,28.0,0.2738,509,1.000,1.000,0,6,0.3518,-0.0163,0.3522,NO
capture_0031.pgm,8,117,56,25,26,26,0.2543,26.0,0.2543,479,1.000,1.000,0,0,0.3402,-0.0009,0.3403,NO
capture_0031.pgm,9,525,55,23,24,24,0.2347,24.0,0.2347,421,1.000,1.000,0,4,0.3284,-0.0079,0.3285,NO
capture_0031.pgm,10,1141,54,22,23,23,0.2249,23.0,0.2249,372,1.000,1.000,0,10,0.3497,-0.0136,0.3500,NO
capture_0031.pgm,11,935,56,24,24,24,0.2347,24.0,0.2347,427,1.000,1.000,0,8,0.3361,0.0046,0.3361,NO
capture_0031.pgm,12,323,59,23,25,25,0.2445,25.0,0.2445,434,1.000,1.000,0,2,0.3539,0.0298,0.3551,NO
capture_0031.pgm,13,1024,103,25,24,25,0.2445,25.0,0.2445,442,1.000,1.000,1,9,0.2057,0.0314,0.2081,NO
capture_0031.pgm,14,412,106,22,23,23,0.2249,23.0,0.2249,368,1.000,1.000,1,3,0.2235,0.0566,0.2305,NO
capture_0031.pgm,15,621,107,24,25,25,0.2445,25.0,0.2445,425,1.000,1.000,1,5,0.2665,0.0677,0.2749,NO
capture_0031.pgm,16,210,107,22,22,22,0.2152,22.0,0.2152,353,1.000,1.000,1,1,0.2490,0.0650,0.2573,NO
capture_0031.pgm,17,821,108,24,23,24,0.2347,24.0,0.2347,398,1.000,1.000,1,7,0.2214,0.0789,0.2350,NO
capture_0031.pgm,18,1233,108,22,23,23,0.2249,23.0,0.2249,375,1.000,1.000,1,11,0.2487,0.0816,0.2617,NO
capture_0031.pgm,19,109,148,22,22,22,0.2152,22.0,0.2152,360,1.000,1.000,1,0,0.2614,0.0480,0.2658,NO
capture_0031.pgm,20,718,148,22,22,22,0.2152,22.0,0.2152,360,1.000,1.000,1,6,0.2143,0.0521,0.2206,NO
capture_0031.pgm,21,515,151,23,23,23,0.2249,23.0,0.2249,384,1.000,1.000,1,4,0.2300,0.0801,0.2436,NO
capture_0031.pgm,22,319,153,23,23,23,0.2249,23.0,0.2249,383,1.000,1.000,1,2,0.3142,0.0983,0.3292,NO
capture_0031.pgm,23,1027,192,22,22,22,0.2152,22.0,0.2152,353,1.000,1.000,2,9,0.2345,0.0509,0.2399,NO
capture_0031.pgm,24,208,193,22,22,22,0.2152,22.0,0.2152,353,1.000,1.000,2,1,0.2288,0.0552,0.2354,NO
capture_0031.pgm,25,823,194,23,23,23,0.2249,23.0,0.2249,384,1.000,1.000,2,7,0.2404,0.0691,0.2501,NO
capture_0031.pgm,26,1231,195,23,23,23,0.2249,23.0,0.2249,391,1.000,1.000,2,11,0.2285,0.0816,0.2427,NO
capture_0031.pgm,27,622,196,22,22,22,0.2152,22.0,0.2152,360,1.000,1.000,2,5,0.2757,0.0873,0.2891,NO
capture_0031.pgm,28,412,197,24,22,24,0.2347,24.0,0.2347,397,1.000,1.000,2,3,0.2229,0.0957,0.2426,NO
capture_0031.pgm,29,513,240,22,22,22,0.2152,22.0,0.2152,346,1.000,1.000,2,4,0.2099,0.0997,0.2323,NO
capture_0031.pgm,30,917,241,22,21,22,0.2152,22.0,0.2152,338,1.000,1.000,2,8,0.1589,0.1122,0.1945,NO
capture_0031.pgm,31,1128,241,23,23,23,0.2249,23.0,0.2249,380,1.000,1.000,2,10,0.2214,0.1136,0.2489,NO
capture_0031.pgm,32,313,242,21,22,22,0.2152,22.0,0.2152,338,1.000,1.000,2,2,0.2549,0.1178,0.2808,NO
capture_0031.pgm,33,102,244,23,23,23,0.2249,23.0,0.2249,391,1.000,1.000,2,0,0.1924,0.1360,0.2356,NO
capture_0031.pgm,34,717,247,23,23,23,0.2249,23.0,0.2249,383,1.000,1.000,2,6,0.2039,0.1695,0.2652,NO
capture_0031.pgm,35,213,281,26,23,26,0.2543,26.0,0.2543,445,1.000,1.000,3,1,0.2771,0.0650,0.2847,NO
capture_0031.pgm,36,1232,281,22,21,22,0.2152,22.0,0.2152,338,1.000,1.000,3,11,0.2377,0.0719,0.2484,NO
capture_0031.pgm,37,1026,283,25,23,25,0.2445,25.0,0.2445,426,1.000,1.000,3,9,0.2241,0.0900,0.2415,NO
capture_0031.pgm,38,623,284,23,23,23,0.2249,23.0,0.2249,405,1.000,1.000,3,5,0.2848,0.0971,0.3009,NO
capture_0031.pgm,39,415,285,24,24,24,0.2347,24.0,0.2347,428,1.000,1.000,3,3,0.2517,0.1055,0.2729,NO
capture_0031.pgm,40,825,285,24,24,24,0.2347,24.0,0.2347,424,1.000,1.000,3,7,0.2594,0.1082,0.2810,NO
capture_0031.pgm,41,923,326,22,22,22,0.2152,22.0,0.2152,360,1.000,1.000,3,8,0.2170,0.0926,0.2359,NO
capture_0031.pgm,42,516,329,22,21,22,0.2152,22.0,0.2152,338,1.000,1.000,3,4,0.2386,0.1192,0.2667,NO
capture_0031.pgm,43,1129,329,21,21,21,0.2054,21.0,0.2054,317,1.000,1.000,3,10,0.2306,0.1233,0.2615,NO
capture_0031.pgm,44,104,330,25,22,25,0.2445,25.0,0.2445,412,1.000,1.000,3,0,0.2114,0.1262,0.2462,NO
capture_0031.pgm,45,718,331,23,23,23,0.2249,23.0,0.2249,391,1.000,1.000,3,6,0.2131,0.1401,0.2551,NO
capture_0031.pgm,46,315,332,21,21,21,0.2054,21.0,0.2054,317,1.000,1.000,3,2,0.2739,0.1472,0.3109,NO
capture_0031.pgm,47,210,369,24,24,24,0.2347,24.0,0.2347,431,1.000,1.000,4,1,0.2472,0.0748,0.2583,NO
capture_0031.pgm,48,1231,370,22,23,23,0.2249,23.0,0.2249,382,1.000,1.000,4,11,0.2274,0.0914,0.2451,NO
capture_0031.pgm,49,415,370,24,22,24,0.2347,24.0,0.2347,397,1.000,1.000,4,3,0.2511,0.0859,0.2654,NO
capture_0031.pgm,50,623,370,23,22,23,0.2249,23.0,0.2249,382,1.000,1.000,4,5,0.2843,0.0873,0.2974,NO
capture_0031.pgm,51,823,370,25,23,25,0.2445,25.0,0.2445,423,1.000,1.000,4,7,0.2392,0.0887,0.2551,NO
capture_0031.pgm,52,1027,371,22,22,22,0.2152,22.0,0.2152,360,1.000,1.000,4,9,0.2333,0.0998,0.2538,NO
capture_0031.pgm,53,927,411,21,21,21,0.2054,21.0,0.2054,317,1.000,1.000,4,8,0.2555,0.0731,0.2658,NO
capture_0031.pgm,54,320,413,24,23,24,0.2347,24.0,0.2347,413,1.000,1.000,4,2,0.3222,0.0885,0.3341,NO
capture_0031.pgm,55,104,414,23,22,23,0.2249,23.0,0.2249,368,1.000,1.000,4,0,0.2108,0.0969,0.2320,NO
capture_0031.pgm,56,515,414,23,21,23,0.2249,23.0,0.2249,359,1.000,1.000,4,4,0.2283,0.0997,0.2491,NO
capture_0031.pgm,57,722,414,23,23,23,0.2249,23.0,0.2249,381,1.000,1.000,4,6,0.2517,0.1010,0.2712,NO
capture_0031.pgm,58,1137,416,25,23,25,0.2445,25.0,0.2445,430,1.000,1.000,4,10,0.3083,0.1233,0.3320,NO
capture_0031.pgm,59,208,452,23,22,23,0.2249,23.0,0.2249,368,1.000,1.000,5,1,0.2271,0.0357,0.2299,NO
capture_0031.pgm,60,1233,454,23,22,23,0.2249,23.0,0.2249,375,1.000,1.000,5,11,0.2463,0.0621,0.2540,NO
capture_0031.pgm,61,1027,455,21,21,21,0.2054,21.0,0.2054,317,1.000,1.000,5,9,0.2327,0.0705,0.2432,NO
capture_0031.pgm,62,416,457,22,22,22,0.2152,22.0,0.2152,360,1.000,1.000,5,3,0.2603,0.0859,0.2741,NO
capture_0031.pgm,63,824,457,21,21,21,0.2054,21.0,0.2054,317,1.000,1.000,5,7,0.2484,0.0887,0.2638,NO
capture_0031.pgm,64,621,458,22,23,23,0.2249,23.0,0.2249,375,1.000,1.000,5,5,0.2641,0.0971,0.2814,NO
capture_0031.pgm,65,921,497,24,24,24,0.2347,24.0,0.2347,423,1.000,1.000,5,8,0.1963,0.0633,0.2062,NO
capture_0031.pgm,66,1130,499,22,24,24,0.2347,24.0,0.2347,387,1.000,1.000,5,10,0.2392,0.0842,0.2536,NO
capture_0031.pgm,67,725,500,23,24,24,0.2347,24.0,0.2347,413,1.000,1.000,5,6,0.2804,0.0913,0.2949,NO
capture_0031.pgm,68,314,500,21,22,22,0.2152,22.0,0.2152,338,1.000,1.000,5,2,0.2629,0.0885,0.2774,NO
capture_0031.pgm,69,516,501,23,24,24,0.2347,24.0,0.2347,398,1.000,1.000,5,4,0.2375,0.0997,0.2575,NO
capture_0031.pgm,70,106,502,23,23,23,0.2249,23.0,0.2249,377,1.000,1.000,5,0,0.2297,0.1067,0.2533,NO
capture_0031.pgm,71,415,543,22,22,22,0.2152,22.0,0.2152,353,1.000,1.000,6,3,0.2499,0.0761,0.2612,NO
capture_0031.pgm,72,621,543,22,22,22,0.2152,22.0,0.2152,360,1.000,1.000,6,5,0.2635,0.0775,0.2747,NO
capture_0031.pgm,73,1028,544,23,24,24,0.2347,24.0,0.2347,407,1.000,1.000,6,9,0.2419,0.0901,0.2581,NO
capture_0031.pgm,74,1232,543,22,22,22,0.2152,22.0,0.2152,360,1.000,1.000,6,11,0.2360,0.0816,0.2497,NO
capture_0031.pgm,75,208,545,22,22,22,0.2152,22.0,0.2152,360,1.000,1.000,6,1,0.2265,0.0943,0.2453,NO
capture_0031.pgm,76,827,546,24,23,24,0.2347,24.0,0.2347,414,1.000,1.000,6,7,0.2772,0.1082,0.2976,NO
capture_0031.pgm,77,920,585,25,22,25,0.2445,25.0,0.2445,419,1.000,1.000,6,8,0.1859,0.0731,0.1997,NO
capture_0031.pgm,78,1129,586,26,23,26,0.2543,26.0,0.2543,444,1.000,1.000,6,10,0.2289,0.0842,0.2439,NO
capture_0031.pgm,79,313,586,23,22,23,0.2249,23.0,0.2249,372,1.000,1.000,6,2,0.2526,0.0787,0.2646,NO
capture_0031.pgm,80,515,586,22,22,22,0.2152,22.0,0.2152,360,1.000,1.000,6,4,0.2271,0.0801,0.2408,NO
capture_0031.pgm,81,106,590,24,23,24,0.2347,24.0,0.2347,401,1.000,1.000,6,0,0.2292,0.1165,0.2571,NO
capture_0031.pgm,82,723,589,22,22,22,0.2152,22.0,0.2152,353,1.000,1.000,6,6,0.2603,0.1108,0.2829,NO
capture_0031.pgm,83,415,629,22,22,22,0.2152,22.0,0.2152,346,1.000,1.000,7,3,0.2493,0.0664,0.2580,NO
capture_0031.pgm,84,1234,629,21,22,22,0.2152,22.0,0.2152,338,1.000,1.000,7,11,0.2550,0.0719,0.2649,NO
capture_0031.pgm,85,211,631,23,23,23,0.2249,23.0,0.2249,405,1.000,1.000,7,1,0.2552,0.0846,0.2689,NO
capture_0031.pgm,86,821,631,24,24,24,0.2347,24.0,0.2347,431,1.000,1.000,7,7,0.2179,0.0887,0.2353,NO
capture_0031.pgm,87,623,632,22,24,24,0.2347,24.0,0.2347,397,1.000,1.000,7,5,0.2825,0.0971,0.2987,NO
capture_0031.pgm,88,1027,633,24,23,24,0.2347,24.0,0.2347,400,1.000,1.000,7,9,0.2315,0.1096,0.2562,NO
capture_0031.pgm,89,320,671,25,22,25,0.2445,25.0,0.2445,419,1.000,1.000,7,2,0.3205,0.0592,0.3259,NO
capture_0031.pgm,90,516,672,21,22,22,0.2152,22.0,0.2152,338,1.000,1.000,7,4,0.2363,0.0703,0.2465,NO
capture_0031.pgm,91,923,673,22,21,22,0.2152,22.0,0.2152,338,1.000,1.000,7,8,0.2147,0.0828,0.2301,NO
capture_0031.pgm,92,1133,673,21,21,21,0.2054,21.0,0.2054,317,1.000,1.000,7,10,0.2674,0.0842,0.2804,NO
capture_0031.pgm,93,725,674,22,21,22,0.2152,22.0,0.2152,338,1.000,1.000,7,6,0.2793,0.0913,0.2938,NO
capture_0031.pgm,94,109,675,23,22,23,0.2249,23.0,0.2249,375,1.000,1.000,7,0,0.2579,0.0969,0.2755,NO
capture_0031.pgm,95,1028,714,22,24,24,0.2347,24.0,0.2347,397,1.000,1.000,8,9,0.2407,0.0509,0.2461,NO
capture_0031.pgm,96,208,716,24,23,24,0.2347,24.0,0.2347,404,1.000,1.000,8,1,0.2253,0.0650,0.2345,NO
capture_0031.pgm,97,414,717,24,22,24,0.2347,24.0,0.2347,390,1.000,1.000,8,3,0.2390,0.0761,0.2508,NO
capture_0031.pgm,98,619,718,23,24,24,0.2347,24.0,0.2347,404,1.000,1.000,8,5,0.2428,0.0873,0.2580,NO
capture_0031.pgm,99,822,718,24,23,24,0.2347,24.0,0.2347,414,1.000,1.000,8,7,0.2271,0.0887,0.2438,NO
capture_0031.pgm,100,1233,721,23,23,23,0.2249,23.0,0.2249,398,1.000,1.000,8,11,0.2446,0.1208,0.2728,NO
capture_0031.pgm,101,514,758,23,22,23,0.2249,23.0,0.2249,375,1.000,1.000,8,4,0.2161,0.0605,0.2245,NO
capture_0031.pgm,102,316,760,22,22,22,0.2152,22.0,0.2152,353,1.000,1.000,8,2,0.2807,0.0787,0.2916,NO
capture_0031.pgm,103,726,761,23,23,23,0.2249,23.0,0.2249,395,1.000,1.000,8,6,0.2885,0.0913,0.3025,NO
capture_0031.pgm,104,923,760,24,22,24,0.2347,24.0,0.2347,390,1.000,1.000,8,8,0.2141,0.0828,0.2295,NO
capture_0031.pgm,105,1129,761,23,24,24,0.2347,24.0,0.2347,414,1.000,1.000,8,10,0.2277,0.0940,0.2463,NO
capture_0031.pgm,106,107,761,23,22,23,0.2249,23.0,0.2249,372,1.000,1.000,8,0,0.2378,0.0871,0.2532,NO
capture_0031.pgm,107,212,803,22,22,22,0.2152,22.0,0.2152,360,1.000,1.000,9,1,0.2639,0.0650,0.2717,NO
capture_0031.pgm,108,1027,805,24,24,24,0.2347,24.0,0.2347,431,1.000,1.000,9,9,0.2304,0.0901,0.2473,NO
capture_0031.pgm,109,1230,805,24,24,24,0.2347,24.0,0.2347,423,1.000,1.000,9,11,0.2147,0.0914,0.2333,NO
capture_0031.pgm,110,414,806,22,22,22,0.2152,22.0,0.2152,353,1.000,1.000,9,3,0.2384,0.0957,0.2569,NO
capture_0031.pgm,111,620,807,22,23,23,0.2249,23.0,0.2249,375,1.000,1.000,9,5,0.2520,0.1069,0.2737,NO
capture_0031.pgm,112,824,809,24,24,24,0.2347,24.0,0.2347,420,1.000,1.000,9,7,0.2461,0.1278,0.2773,NO
capture_0031.pgm,113,314,846,23,21,23,0.2249,23.0,0.2249,359,1.000,1.000,9,2,0.2606,0.0689,0.2696,NO
capture_0031.pgm,114,923,846,23,22,23,0.2249,23.0,0.2249,365,1.000,1.000,9,8,0.2135,0.0731,0.2256,NO
capture_0031.pgm,115,1127,848,23,22,23,0.2249,23.0,0.2249,368,1.000,1.000,9,10,0.2076,0.0940,0.2279,NO
capture_0031.pgm,116,722,850,24,22,24,0.2347,24.0,0.2347,394,1.000,1.000,9,6,0.2488,0.1108,0.2723,NO
capture_0031.pgm,117,516,852,25,24,25,0.2445,25.0,0.2445,434,1.000,1.000,9,4,0.2351,0.1290,0.2682,NO
capture_0031.pgm,118,1028,886,22,23,23,0.2249,23.0,0.2249,368,1.000,1.000,10,9,0.2396,0.0314,0.2416,NO
capture_0031.pgm,119,212,889,23,22,23,0.2249,23.0,0.2249,382,1.000,1.000,10,1,0.2633,0.0552,0.2690,NO
capture_0031.pgm,120,624,892,24,24,24,0.2347,24.0,0.2347,428,1.000,1.000,10,5,0.2905,0.0873,0.3034,NO
capture_0031.pgm,121,823,892,23,24,24,0.2347,24.0,0.2347,421,1.000,1.000,10,7,0.2357,0.0887,0.2518,NO
capture_0031.pgm,122,418,897,25,25,25,0.2445,25.0,0.2445,462,1.000,1.000,10,3,0.2769,0.1348,0.3080,NO
capture_0031.pgm,123,1235,897,25,25,25,0.2445,25.0,0.2445,463,1.000,1.000,10,11,0.2630,0.1403,0.2981,NO
capture_0031.pgm,124,316,934,23,22,23,0.2249,23.0,0.2249,368,1.000,1.000,10,2,0.2796,0.0787,0.2904,NO
capture_0031.pgm,125,922,935,23,23,23,0.2249,23.0,0.2249,388,1.000,1.000,10,8,0.2031,0.0926,0.2232,NO
capture_0031.pgm,126,105,935,24,22,24,0.2347,24.0,0.2347,394,1.000,1.000,10,0,0.2170,0.0871,0.2339,NO
capture_0031.pgm,127,517,936,22,25,25,0.2445,25.0,0.2445,409,1.000,1.000,10,4,0.2443,0.0997,0.2639,NO
capture_0031.pgm,128,1136,937,23,23,23,0.2249,23.0,0.2249,398,1.000,1.000,10,10,0.2950,0.1136,0.3161,NO
capture_0031.pgm,129,724,937,22,23,23,0.2249,23.0,0.2249,375,1.000,1.000,10,6,0.2677,0.1108,0.2898,NO
capture_0031.pgm,130,1030,977,23,24,24,0.2347,24.0,0.2347,418,1.000,1.000,11,9,0.2585,0.0705,0.2680,NO
capture_0031.pgm,131,213,978,24,23,24,0.2347,24.0,0.2347,414,1.000,1.000,11,1,0.2725,0.0748,0.2825,NO
capture_0031.pgm,132,620,977,21,22,22,0.2152,22.0,0.2152,338,1.000,1.000,11,5,0.2508,0.0677,0.2598,NO
capture_0031.pgm,133,821,978,22,22,22,0.2152,22.0,0.2152,346,1.000,1.000,11,7,0.2156,0.0789,0.2296,NO
capture_0031.pgm,134,1234,979,22,22,22,0.2152,22.0,0.2152,353,1.000,1.000,11,11,0.2526,0.0914,0.2687,NO
capture_0031.pgm,135,415,981,22,22,22,0.2152,22.0,0.2152,346,1.000,1.000,11,3,0.2470,0.1055,0.2686,NO
capture_0031.pgm,SUMMARY,,,,,,,,,,,,,,,,,
capture_0031.pgm,Count,135,,,,,,,,,,,,,,,
capture_0031.pgm,Missed,3,,,,,,,,,,,,,,,
capture_0031.pgm,Mean,,,,,,,,0.2272,,,,,,,,
capture_0031.pgm,Median,,,,,,,,0.2249,,,,,,,,
capture_0031.pgm,StdDev,,,,,,,,0.0120,,,,,,,,
capture_0031.pgm,Min,,,,,,,,0.2054,,,,,,,,
capture_0031.pgm,Max,,,,,,,,0.2738,,,,,,,,
capture_0032.pgm,1,311,45,22,23,23,0.2249,23.0,0.2249,375,1.000,1.000,0,2,0.2365,-0.1071,0.2596,NO
capture_0032.pgm,2,105,45,24,22,24,0.2347,24.0,0.2347,397,1.000,1.000,0,0,0.2229,-0.1085,0.2479,NO
capture_0032.pgm,3,1127,46,21,22,22,0.2152,22.0,0.2152,338,1.000,1.000,0,10,0.2128,-0.0918,0.2318,NO
capture_0032.pgm,4,518,48,23,23,23,0.2249,23.0,0.2249,381,1.000,1.000,0,4,0.2599,-0.0764,0.2709,NO
capture_0032.pgm,5,924,48,23,23,23,0.2249,23.0,0.2249,377,1.000,1.000,0,8,0.2285,-0.0736,0.2401,NO
capture_0032.pgm,6,723,49,22,22,22,0.2152,22.0,0.2152,360,1.000,1.000,0,6,0.2638,-0.0652,0.2717,NO
capture_0032.pgm,7,212,91,22,22,22,0.2152,22.0,0.2152,353,1.000,1.000,1,1,0.2685,-0.0915,0.2837,NO
capture_0032.pgm,8,412,91,23,22,23,0.2249,23.0,0.2249,375,1.000,1.000,1,3,0.2235,-0.0901,0.2410,NO
capture_0032.pgm,9,822,92,23,23,23,0.2249,23.0,0.2249,405,1.000,1.000,1,7,0.2312,-0.0776,0.2439,NO
capture_0032.pgm,10,1029,92,22,24,24,0.2347,24.0,0.2347,390,1.000,1.000,1,9,0.2546,-0.0762,0.2658,NO
capture_0032.pgm,11,1231,92,22,22,22,0.2152,22.0,0.2152,360,1.000,1.000,1,11,0.2291,-0.0748,0.2410,NO
capture_0032.pgm,12,618,94,22,22,22,0.2152,22.0,0.2152,360,1.000,1.000,1,5,0.2371,-0.0594,0.2444,NO
capture_0032.pgm,13,928,133,26,24,26,0.2543,26.0,0.2543,449,1.000,1.000,1,8,0.2671,-0.0932,0.2829,NO
capture_0032.pgm,14,309,134,23,22,23,0.2249,23.0,0.2249,382,1.000,1.000,1,2,0.2164,-0.0875,0.2334,NO
capture_0032.pgm,15,101,136,24,24,24,0.2347,24.0,0.2347,431,1.000,1.000,1,0,0.1832,-0.0694,0.1959,NO
capture_0032.pgm,16,516,135,24,23,24,0.2347,24.0,0.2347,407,1.000,1.000,1,4,0.2398,-0.0764,0.2517,NO
capture_0032.pgm,17,1124,136,23,23,23,0.2249,23.0,0.2249,375,1.000,1.000,1,10,0.1829,-0.0625,0.1933,NO
capture_0032.pgm,18,718,136,22,22,22,0.2152,22.0,0.2152,360,1.000,1.000,1,6,0.2143,-0.0652,0.2240,NO
capture_0032.pgm,19,821,177,22,22,22,0.2152,22.0,0.2152,353,1.000,1.000,2,7,0.2208,-0.0971,0.2413,NO
capture_0032.pgm,20,412,178,21,22,22,0.2152,22.0,0.2152,338,1.000,1.000,2,3,0.2229,-0.0901,0.2404,NO
capture_0032.pgm,21,1031,178,21,21,21,0.2054,21.0,0.2054,317,1.000,1.000,2,9,0.2736,-0.0860,0.2868,NO
capture_0032.pgm,22,620,179,23,22,23,0.2249,23.0,0.2249,375,1.000,1.000,2,5,0.2561,-0.0790,0.2680,NO
capture_0032.pgm,23,1232,179,22,22,22,0.2152,22.0,0.2152,360,1.000,1.000,2,11,0.2383,-0.0748,0.2498,NO
capture_0032.pgm,24,219,185,23,23,23,0.2249,23.0,0.2249,405,1.000,1.000,2,1,0.3364,-0.0230,0.3372,NO
capture_0032.pgm,25,513,219,23,21,23,0.2249,23.0,0.2249,359,1.000,1.000,2,4,0.2099,-0.1057,0.2350,NO
capture_0032.pgm,26,103,220,23,21,23,0.2249,23.0,0.2249,359,1.000,1.000,2,0,0.2022,-0.0987,0.2250,NO
capture_0032.pgm,27,729,223,23,25,25,0.2445,25.0,0.2445,427,1.000,1.000,2,6,0.3213,-0.0652,0.3279,NO
capture_0032.pgm,28,1126,222,24,22,24,0.2347,24.0,0.2347,397,1.000,1.000,2,10,0.2019,-0.0723,0.2144,NO
capture_0032.pgm,29,929,223,23,21,23,0.2249,23.0,0.2249,359,1.000,1.000,2,8,0.2763,-0.0639,0.2835,NO
capture_0032.pgm,30,310,225,24,24,24,0.2347,24.0,0.2347,428,1.000,1.000,2,2,0.2256,-0.0484,0.2307,NO
capture_0032.pgm,31,820,259,23,23,23,0.2249,23.0,0.2249,391,1.000,1.000,3,7,0.2105,-0.1460,0.2562,NO
capture_0032.pgm,32,615,264,22,22,22,0.2152,22.0,0.2152,353,1.000,1.000,3,5,0.2066,-0.0985,0.2289,NO
capture_0032.pgm,33,209,265,22,22,22,0.2152,22.0,0.2152,353,1.000,1.000,3,1,0.2380,-0.0915,0.2550,NO
capture_0032.pgm,34,1233,265,21,22,22,0.2152,22.0,0.2152,338,1.000,1.000,3,11,0.2475,-0.0846,0.2616,NO
capture_0032.pgm,35,414,271,24,23,24,0.2347,24.0,0.2347,421,1.000,1.000,3,3,0.2419,-0.0314,0.2439,NO
capture_0032.pgm,36,519,309,23,23,23,0.2249,23.0,0.2249,377,1.000,1.000,3,4,0.2680,-0.0764,0.2786,NO
capture_0032.pgm,37,723,308,21,22,22,0.2152,22.0,0.2152,338,1.000,1.000,3,6,0.2620,-0.0848,0.2754,NO
capture_0032.pgm,38,930,310,23,23,23,0.2249,23.0,0.2249,391,1.000,1.000,3,8,0.2855,-0.0639,0.2925,NO
capture_0032.pgm,39,311,310,23,22,23,0.2249,23.0,0.2249,375,1.000,1.000,3,2,0.2348,-0.0680,0.2444,NO
capture_0032.pgm,40,108,312,22,22,22,0.2152,22.0,0.2152,360,1.000,1.000,3,0,0.2505,-0.0498,0.2554,NO
capture_0032.pgm,41,1024,347,22,23,23,0.2249,23.0,0.2249,375,1.000,1.000,4,9,0.2040,-0.1349,0.2445,NO
capture_0032.pgm,42,209,350,22,26,26,0.2543,26.0,0.2543,430,1.000,1.000,4,1,0.2374,-0.1110,0.2621,NO
capture_0032.pgm,43,820,350,22,22,22,0.2152,22.0,0.2152,353,1.000,1.000,4,7,0.2099,-0.1069,0.2355,NO
capture_0032.pgm,44,412,351,22,23,23,0.2249,23.0,0.2249,375,1.000,1.000,4,3,0.2217,-0.0999,0.2432,NO
capture_0032.pgm,45,615,353,22,23,23,0.2249,23.0,0.2249,375,1.000,1.000,4,5,0.2060,-0.0790,0.2206,NO
capture_0032.pgm,46,1231,353,22,22,22,0.2152,22.0,0.2152,360,1.000,1.000,4,11,0.2274,-0.0748,0.2394,NO
capture_0032.pgm,47,719,394,23,24,24,0.2347,24.0,0.2347,400,1.000,1.000,4,6,0.2223,-0.0946,0.2416,NO
capture_0032.pgm,48,923,394,25,22,25,0.2445,25.0,0.2445,409,1.000,1.000,4,8,0.2164,-0.0932,0.2356,NO
capture_0032.pgm,49,310,395,23,22,23,0.2249,23.0,0.2249,375,1.000,1.000,4,2,0.2244,-0.0875,0.2409,NO
capture_0032.pgm,50,1139,397,24,24,24,0.2347,24.0,0.2347,428,1.000,1.000,4,10,0.3278,-0.0625,0.3337,NO
capture_0032.pgm,51,516,397,22,22,22,0.2152,22.0,0.2152,353,1.000,1.000,4,4,0.2380,-0.0666,0.2472,NO
capture_0032.pgm,52,106,399,25,23,25,0.2445,25.0,0.2445,430,1.000,1.000,4,0,0.2303,-0.0498,0.2357,NO
capture_0032.pgm,53,211,438,21,21,21,0.2054,21.0,0.2054,317,1.000,1.000,5,1,0.2564,-0.1013,0.2757,NO
capture_0032.pgm,54,411,439,24,23,24,0.2347,24.0,0.2347,414,1.000,1.000,5,3,0.2114,-0.0901,0.2298,NO
capture_0032.pgm,55,823,438,23,23,23,0.2249,23.0,0.2249,391,1.000,1.000,5,7,0.2386,-0.0971,0.2576,NO
capture_0032.pgm,56,1232,438,22,22,22,0.2152,22.0,0.2152,360,1.000,1.000,5,11,0.2366,-0.0944,0.2547,NO
capture_0032.pgm,57,1028,441,22,22,22,0.2152,22.0,0.2152,360,1.000,1.000,5,9,0.2425,-0.0664,0.2514,NO
capture_0032.pgm,58,618,443,23,23,23,0.2249,23.0,0.2249,405,1.000,1.000,5,5,0.2348,-0.0496,0.2400,NO
capture_0032.pgm,59,1135,479,24,22,24,0.2347,24.0,0.2347,397,1.000,1.000,5,10,0.2881,-0.1114,0.3089,NO
capture_0032.pgm,60,926,480,21,21,21,0.2054,21.0,0.2054,317,1.000,1.000,5,8,0.2452,-0.1030,0.2659,NO
capture_0032.pgm,61,107,481,23,22,23,0.2249,23.0,0.2249,382,1.000,1.000,5,0,0.2395,-0.0987,0.2591,NO
capture_0032.pgm,62,721,481,22,22,22,0.2152,22.0,0.2152,353,1.000,1.000,5,6,0.2413,-0.0946,0.2592,NO
capture_0032.pgm,63,516,482,23,22,23,0.2249,23.0,0.2249,382,1.000,1.000,5,4,0.2375,-0.0862,0.2526,NO
capture_0032.pgm,64,310,484,23,22,23,0.2249,23.0,0.2249,375,1.000,1.000,5,2,0.2238,-0.0680,0.2339,NO
capture_0032.pgm,65,412,525,22,22,22,0.2152,22.0,0.2152,360,1.000,1.000,6,3,0.2206,-0.0999,0.2421,NO
capture_0032.pgm,66,618,525,24,22,24,0.2347,24.0,0.2347,390,1.000,1.000,6,5,0.2342,-0.0985,0.2541,NO
capture_0032.pgm,67,1025,526,22,22,22,0.2152,22.0,0.2152,353,1.000,1.000,6,9,0.2126,-0.0860,0.2293,NO
capture_0032.pgm,68,822,528,22,24,24,0.2347,24.0,0.2347,397,1.000,1.000,6,7,0.2283,-0.0678,0.2381,NO
capture_0032.pgm,69,211,529,23,22,23,0.2249,23.0,0.2249,368,1.000,1.000,6,1,0.2558,-0.0621,0.2633,NO
capture_0032.pgm,70,1237,530,23,22,23,0.2249,23.0,0.2249,382,1.000,1.000,6,11,0.2849,-0.0455,0.2885,NO
capture_0032.pgm,71,516,567,22,22,22,0.2152,22.0,0.2152,353,1.000,1.000,6,4,0.2369,-0.1057,0.2594,NO
capture_0032.pgm,72,723,567,21,22,22,0.2152,22.0,0.2152,338,1.000,1.000,6,6,0.2603,-0.1043,0.2804,NO
capture_0032.pgm,73,923,568,21,21,21,0.2054,21.0,0.2054,317,1.000,1.000,6,8,0.2152,-0.0932,0.2345,NO
capture_0032.pgm,74,107,570,24,24,24,0.2347,24.0,0.2347,421,1.000,1.000,6,0,0.2389,-0.0791,0.2517,NO
capture_0032.pgm,75,1135,570,23,22,23,0.2249,23.0,0.2249,368,1.000,1.000,6,10,0.2876,-0.0723,0.2965,NO
capture_0032.pgm,76,312,577,21,21,21,0.2054,21.0,0.2054,317,1.000,1.000,6,2,0.2428,-0.0093,0.2430,NO
capture_0032.pgm,77,1232,610,23,22,23,0.2249,23.0,0.2249,375,1.000,1.000,7,11,0.2354,-0.1140,0.2615,NO
capture_0032.pgm,78,212,612,23,24,24,0.2347,24.0,0.2347,406,1.000,1.000,7,1,0.2650,-0.1013,0.2837,NO
capture_0032.pgm,79,412,615,22,23,23,0.2249,23.0,0.2249,382,1.000,1.000,7,3,0.2200,-0.0706,0.2310,NO
capture_0032.pgm,80,620,615,23,23,23,0.2249,23.0,0.2249,391,1.000,1.000,7,5,0.2532,-0.0692,0.2625,NO
capture_0032.pgm,81,822,617,23,24,24,0.2347,24.0,0.2347,406,1.000,1.000,7,7,0.2277,-0.0482,0.2327,NO
capture_0032.pgm,82,1030,616,21,22,22,0.2152,22.0,0.2152,338,1.000,1.000,7,9,0.2609,-0.0566,0.2670,NO
capture_0032.pgm,83,514,654,24,22,24,0.2347,24.0,0.2347,397,1.000,1.000,7,4,0.2167,-0.1057,0.2411,NO
capture_0032.pgm,84,1129,654,22,21,22,0.2152,22.0,0.2152,338,1.000,1.000,7,10,0.2283,-0.1016,0.2499,NO
capture_0032.pgm,85,107,655,24,22,24,0.2347,24.0,0.2347,390,1.000,1.000,7,0,0.2384,-0.0987,0.2580,NO
capture_0032.pgm,86,720,656,22,22,22,0.2152,22.0,0.2152,360,1.000,1.000,7,6,0.2304,-0.0848,0.2455,NO
capture_0032.pgm,87,927,659,23,24,24,0.2347,24.0,0.2347,411,1.000,1.000,7,8,0.2538,-0.0541,0.2595,NO
capture_0032.pgm,88,314,660,21,22,22,0.2152,22.0,0.2152,338,1.000,1.000,7,2,0.2618,-0.0484,0.2662,NO
capture_0032.pgm,89,1235,697,25,22,25,0.2445,25.0,0.2445,416,1.000,1.000,8,11,0.2641,-0.1140,0.2877,NO
capture_0032.pgm,90,824,698,22,22,22,0.2152,22.0,0.2152,360,1.000,1.000,8,7,0.2467,-0.1069,0.2688,NO
capture_0032.pgm,91,618,700,21,22,22,0.2152,22.0,0.2152,338,1.000,1.000,8,5,0.2330,-0.0887,0.2493,NO
capture_0032.pgm,92,410,701,23,22,23,0.2249,23.0,0.2249,375,1.000,1.000,8,3,0.1998,-0.0803,0.2154,NO
capture_0032.pgm,93,1030,703,21,21,21,0.2054,21.0,0.2054,317,1.000,1.000,8,9,0.2603,-0.0566,0.2664,NO
capture_0032.pgm,94,212,704,23,22,23,0.2249,23.0,0.2249,382,1.000,1.000,8,1,0.2644,-0.0524,0.2696,NO
capture_0032.pgm,95,107,742,24,23,24,0.2347,24.0,0.2347,407,1.000,1.000,8,0,0.2378,-0.0987,0.2574,NO
capture_0032.pgm,96,516,742,22,21,22,0.2152,22.0,0.2152,338,1.000,1.000,8,4,0.2357,-0.0959,0.2545,NO
capture_0032.pgm,97,925,743,22,23,23,0.2249,23.0,0.2249,375,1.000,1.000,8,8,0.2336,-0.0834,0.2481,NO
capture_0032.pgm,98,1129,743,22,22,22,0.2152,22.0,0.2152,360,1.000,1.000,8,10,0.2277,-0.0820,0.2420,NO
capture_0032.pgm,99,313,745,21,21,21,0.2054,21.0,0.2054,317,1.000,1.000,8,2,0.2514,-0.0680,0.2604,NO
capture_0032.pgm,100,718,745,22,22,22,0.2152,22.0,0.2152,353,1.000,1.000,8,6,0.2102,-0.0652,0.2201,NO
capture_0032.pgm,101,1026,783,22,22,22,0.2152,22.0,0.2152,346,1.000,1.000,9,9,0.2206,-0.1251,0.2536,NO
capture_0032.pgm,102,617,787,23,22,23,0.2249,23.0,0.2249,375,1.000,1.000,9,5,0.2227,-0.0887,0.2397,NO
capture_0032.pgm,103,1231,788,22,23,23,0.2249,23.0,0.2249,375,1.000,1.000,9,11,0.2244,-0.0748,0.2366,NO
capture_0032.pgm,104,211,789,24,24,24,0.2347,24.0,0.2347,424,1.000,1.000,9,1,0.2541,-0.0719,0.2641,NO
capture_0032.pgm,105,416,788,21,22,22,0.2152,22.0,0.2152,338,1.000,1.000,9,3,0.2579,-0.0803,0.2701,NO
capture_0032.pgm,106,823,790,24,24,24,0.2347,24.0,0.2347,422,1.000,1.000,9,7,0.2363,-0.0580,0.2433,NO
capture_0032.pgm,107,1129,826,21,21,21,0.2054,21.0,0.2054,317,1.000,1.000,9,10,0.2271,-0.1212,0.2574,NO
capture_0032.pgm,108,517,827,21,21,21,0.2054,21.0,0.2054,317,1.000,1.000,9,4,0.2449,-0.1155,0.2708,NO
capture_0032.pgm,109,310,830,24,25,25,0.2445,25.0,0.2445,440,1.000,1.000,9,2,0.2215,-0.0875,0.2382,NO
capture_0032.pgm,110,720,829,24,22,24,0.2347,24.0,0.2347,390,1.000,1.000,9,6,0.2292,-0.0946,0.2479,NO
capture_0032.pgm,111,109,830,22,23,23,0.2249,23.0,0.2249,375,1.000,1.000,9,0,0.2567,-0.0889,0.2717,NO
capture_0032.pgm,112,927,835,22,22,22,0.2152,22.0,0.2152,353,1.000,1.000,9,8,0.2526,-0.0345,0.2550,NO
capture_0032.pgm,113,1023,871,24,24,24,0.2347,24.0,0.2347,430,1.000,1.000,10,9,0.1907,-0.1153,0.2228,NO
capture_0032.pgm,114,210,872,22,23,23,0.2249,23.0,0.2249,372,1.000,1.000,10,1,0.2437,-0.1110,0.2678,NO
capture_0032.pgm,115,619,872,24,22,24,0.2347,24.0,0.2347,390,1.000,1.000,10,5,0.2416,-0.1083,0.2648,NO
capture_0032.pgm,116,822,875,24,24,24,0.2347,24.0,0.2347,426,1.000,1.000,10,7,0.2259,-0.0776,0.2389,NO
capture_0032.pgm,117,1230,878,22,23,23,0.2249,23.0,0.2249,375,1.000,1.000,10,11,0.2141,-0.0455,0.2189,NO
capture_0032.pgm,118,417,879,23,23,23,0.2249,23.0,0.2249,384,1.000,1.000,10,3,0.2671,-0.0412,0.2703,NO
capture_0032.pgm,119,517,915,22,24,24,0.2347,24.0,0.2347,404,1.000,1.000,10,4,0.2443,-0.1057,0.2662,NO
capture_0032.pgm,120,1130,915,21,21,21,0.2054,21.0,0.2054,317,1.000,1.000,10,10,0.2363,-0.1016,0.2572,NO
capture_0032.pgm,121,106,918,24,23,24,0.2347,24.0,0.2347,411,1.000,1.000,10,0,0.2268,-0.0791,0.2402,NO
capture_0032.pgm,122,722,917,21,22,22,0.2152,22.0,0.2152,338,1.000,1.000,10,6,0.2482,-0.0848,0.2623,NO
capture_0032.pgm,123,927,917,22,23,23,0.2249,23.0,0.2249,375,1.000,1.000,10,8,0.2520,-0.0834,0.2655,NO
capture_0032.pgm,124,312,918,22,21,22,0.2152,22.0,0.2152,338,1.000,1.000,10,2,0.2405,-0.0778,0.2527,NO
capture_0032.pgm,125,211,956,22,24,24,0.2347,24.0,0.2347,397,1.000,1.000,11,1,0.2529,-0.1404,0.2893,NO
capture_0032.pgm,126,1232,959,24,25,25,0.2445,25.0,0.2445,440,1.000,1.000,11,11,0.2331,-0.1042,0.2553,NO
capture_0032.pgm,127,821,958,22,23,23,0.2249,23.0,0.2249,375,1.000,1.000,11,7,0.2156,-0.1167,0.2451,NO
capture_0032.pgm,128,1030,960,26,23,26,0.2543,26.0,0.2543,438,1.000,1.000,11,9,0.2585,-0.0958,0.2757,NO
capture_0032.pgm,129,413,962,24,23,24,0.2347,24.0,0.2347,406,1.000,1.000,11,3,0.2274,-0.0803,0.2412,NO
capture_0032.pgm,130,619,965,23,23,23,0.2249,23.0,0.2249,405,1.000,1.000,11,5,0.2411,-0.0496,0.2461,NO
capture_0032.pgm,131,517,1004,23,24,24,0.2347,24.0,0.2347,421,1.000,1.000,11,4,0.2437,-0.0862,0.2585,NO
capture_0032.pgm,132,108,1004,23,22,23,0.2249,23.0,0.2249,375,1.000,1.000,11,0,0.2458,-0.0889,0.2614,NO
capture_0032.pgm,133,723,1004,22,22,22,0.2152,22.0,0.2152,360,1.000,1.000,11,6,0.2574,-0.0848,0.2710,NO
capture_0032.pgm,134,1128,1005,24,24,24,0.2347,24.0,0.2347,431,1.000,1.000,11,10,0.2162,-0.0723,0.2279,NO
capture_0032.pgm,135,309,1005,23,22,23,0.2249,23.0,0.2249,375,1.000,1.000,11,2,0.2105,-0.0778,0.2244,NO
capture_0032.pgm,136,927,1007,22,23,23,0.2249,23.0,0.2249,372,1.000,1.000,11,8,0.2514,-0.0541,0.2572,NO
capture_0032.pgm,SUMMARY,,,,,,,,,,,,,,,,,
capture_0032.pgm,Count,136,,,,,,,,,,,,,,,
capture_0032.pgm,Missed,2,,,,,,,,,,,,,,,
capture_0032.pgm,Mean,,,,,,,,0.2245,,,,,,,,
capture_0032.pgm,Median,,,,,,,,0.2249,,,,,,,,
capture_0032.pgm,StdDev,,,,,,,,0.0107,,,,,,,,
capture_0032.pgm,Min,,,,,,,,0.2054,,,,,,,,
capture_0032.pgm,Max,,,,,,,,0.2543,,,,,,,,
capture_0033.pgm,1,720,28,22,23,23,0.2249,23.0,0.2249,375,1.000,1.000,0,6,0.2345,-0.2706,0.3580,NO
capture_0033.pgm,2,1128,28,22,22,22,0.2152,22.0,0.2152,353,1.000,1.000,0,10,0.2226,-0.2679,0.3483,NO
capture_0033.pgm,3,515,29,22,21,22,0.2152,22.0,0.2152,338,1.000,1.000,0,4,0.2306,-0.2622,0.3492,NO
capture_0033.pgm,4,307,30,24,23,24,0.2347,24.0,0.2347,406,1.000,1.000,0,2,0.1974,-0.2538,0.3215,NO
capture_0033.pgm,5,109,31,22,22,22,0.2152,22.0,0.2152,353,1.000,1.000,0,0,0.2620,-0.2454,0.3590,NO
capture_0033.pgm,6,927,33,26,24,26,0.2543,26.0,0.2543,469,1.000,1.000,0,8,0.2579,-0.2203,0.3392,NO
capture_0033.pgm,7,411,72,26,23,26,0.2543,26.0,0.2543,439,1.000,1.000,1,3,0.2137,-0.2759,0.3490,NO
capture_0033.pgm,8,819,72,23,22,23,0.2249,23.0,0.2249,375,1.000,1.000,1,7,0.2019,-0.2732,0.3397,NO
capture_0033.pgm,9,616,74,24,24,24,0.2347,24.0,0.2347,416,1.000,1.000,1,5,0.2176,-0.2550,0.3352,NO
capture_0033.pgm,10,1234,75,23,23,23,0.2249,23.0,0.2249,377,1.000,1.000,1,11,0.2585,-0.2411,0.3535,NO
capture_0033.pgm,11,209,79,25,24,25,0.2445,25.0,0.2445,452,1.000,1.000,1,1,0.2392,-0.2088,0.3175,NO
capture_0033.pgm,12,1023,78,22,21,22,0.2152,22.0,0.2152,338,1.000,1.000,1,9,0.1959,-0.2131,0.2895,NO
capture_0033.pgm,13,924,115,22,22,22,0.2152,22.0,0.2152,360,1.000,1.000,1,8,0.2279,-0.2692,0.3528,NO
capture_0033.pgm,14,1132,115,22,22,22,0.2152,22.0,0.2152,360,1.000,1.000,1,10,0.2611,-0.2679,0.3741,NO
capture_0033.pgm,15,720,117,22,23,23,0.2249,23.0,0.2249,368,1.000,1.000,1,6,0.2339,-0.2510,0.3431,NO
capture_0033.pgm,16,514,117,23,21,23,0.2249,23.0,0.2249,359,1.000,1.000,1,4,0.2202,-0.2524,0.3350,NO
capture_0033.pgm,17,111,118,22,22,22,0.2152,22.0,0.2152,360,1.000,1.000,1,0,0.2810,-0.2454,0.3731,NO
capture_0033.pgm,18,310,123,23,25,25,0.2445,25.0,0.2445,437,1.000,1.000,1,2,0.2262,-0.1951,0.2987,NO
capture_0033.pgm,19,208,159,24,23,24,0.2347,24.0,0.2347,399,1.000,1.000,2,1,0.2288,-0.2773,0.3595,NO
capture_0033.pgm,20,820,160,22,22,22,0.2152,22.0,0.2152,360,1.000,1.000,2,7,0.2110,-0.2634,0.3375,NO
capture_0033.pgm,21,1026,161,23,23,23,0.2249,23.0,0.2249,384,1.000,1.000,2,9,0.2247,-0.2522,0.3378,NO
capture_0033.pgm,22,619,161,22,22,22,0.2152,22.0,0.2152,353,1.000,1.000,2,5,0.2463,-0.2550,0.3545,NO
capture_0033.pgm,23,1233,164,22,25,25,0.2445,25.0,0.2445,411,1.000,1.000,2,11,0.2481,-0.2215,0.3326,NO
capture_0033.pgm,24,412,164,23,23,23,0.2249,23.0,0.2249,384,1.000,1.000,2,3,0.2229,-0.2270,0.3182,NO
capture_0033.pgm,25,925,201,23,24,24,0.2347,24.0,0.2347,418,1.000,1.000,2,8,0.2371,-0.2790,0.3662,NO
capture_0033.pgm,26,308,204,22,22,22,0.2152,22.0,0.2152,353,1.000,1.000,2,2,0.2060,-0.2538,0.3269,NO
capture_0033.pgm,27,1127,205,23,23,23,0.2249,23.0,0.2249,375,1.000,1.000,2,10,0.2117,-0.2385,0.3189,NO
capture_0033.pgm,28,513,206,26,23,26,0.2543,26.0,0.2543,447,1.000,1.000,2,4,0.2099,-0.2329,0.3135,NO
capture_0033.pgm,29,112,208,25,23,25,0.2445,25.0,0.2445,427,1.000,1.000,2,0,0.2902,-0.2161,0.3618,NO
capture_0033.pgm,30,1025,247,23,23,23,0.2249,23.0,0.2249,384,1.000,1.000,3,9,0.2143,-0.2620,0.3385,NO
capture_0033.pgm,31,619,247,21,22,22,0.2152,22.0,0.2152,338,1.000,1.000,3,5,0.2457,-0.2648,0.3612,NO
capture_0033.pgm,32,819,247,23,22,23,0.2249,23.0,0.2249,382,1.000,1.000,3,7,0.2007,-0.2634,0.3311,NO
capture_0033.pgm,33,208,248,22,22,22,0.2152,22.0,0.2152,346,1.000,1.000,3,1,0.2282,-0.2577,0.3443,NO
capture_0033.pgm,34,1235,248,23,22,23,0.2249,23.0,0.2249,375,1.000,1.000,3,11,0.2671,-0.2509,0.3664,NO
capture_0033.pgm,35,313,288,23,24,24,0.2347,24.0,0.2347,407,1.000,1.000,3,2,0.2543,-0.2831,0.3806,NO
capture_0033.pgm,36,1128,287,22,22,22,0.2152,22.0,0.2152,353,1.000,1.000,3,10,0.2208,-0.2874,0.3625,NO
capture_0033.pgm,37,925,288,21,22,22,0.2152,22.0,0.2152,338,1.000,1.000,3,8,0.2366,-0.2790,0.3658,NO
capture_0033.pgm,38,515,292,22,21,22,0.2152,22.0,0.2152,338,1.000,1.000,3,4,0.2288,-0.2426,0.3335,NO
capture_0033.pgm,39,718,293,23,22,23,0.2249,23.0,0.2249,365,1.000,1.000,3,6,0.2131,-0.2315,0.3147,NO
capture_0033.pgm,40,105,295,23,24,24,0.2347,24.0,0.2347,395,1.000,1.000,3,0,0.2211,-0.2161,0.3092,NO
capture_0033.pgm,41,1024,332,22,22,22,0.2152,22.0,0.2152,353,1.000,1.000,4,9,0.2040,-0.2816,0.3477,NO
capture_0033.pgm,42,1232,332,21,22,22,0.2152,22.0,0.2152,338,1.000,1.000,4,11,0.2371,-0.2802,0.3671,NO
capture_0033.pgm,43,206,336,21,21,21,0.2054,21.0,0.2054,317,1.000,1.000,4,1,0.2081,-0.2480,0.3237,NO
capture_0033.pgm,44,413,338,22,22,22,0.2152,22.0,0.2152,360,1.000,1.000,4,3,0.2315,-0.2270,0.3243,NO
capture_0033.pgm,45,619,338,22,22,22,0.2152,22.0,0.2152,360,1.000,1.000,4,5,0.2451,-0.2257,0.3332,NO
capture_0033.pgm,46,823,340,25,23,25,0.2445,25.0,0.2445,437,1.000,1.000,4,7,0.2392,-0.2047,0.3149,NO
capture_0033.pgm,47,110,377,23,22,23,0.2249,23.0,0.2249,382,1.000,1.000,4,0,0.2695,-0.2650,0.3779,NO
capture_0033.pgm,48,1129,377,23,22,23,0.2249,23.0,0.2249,382,1.000,1.000,4,10,0.2300,-0.2581,0.3457,NO
capture_0033.pgm,49,518,379,22,21,22,0.2152,22.0,0.2152,338,1.000,1.000,4,4,0.2576,-0.2426,0.3539,NO
capture_0033.pgm,50,928,381,25,24,25,0.2445,25.0,0.2445,438,1.000,1.000,4,8,0.2653,-0.2203,0.3449,NO
capture_0033.pgm,51,312,381,23,22,23,0.2249,23.0,0.2249,375,1.000,1.000,4,2,0.2440,-0.2245,0.3315,NO
capture_0033.pgm,52,721,384,24,24,24,0.2347,24.0,0.2347,423,1.000,1.000,4,6,0.2419,-0.1924,0.3091,NO
capture_0033.pgm,53,1232,419,21,22,22,0.2152,22.0,0.2152,338,1.000,1.000,5,11,0.2366,-0.2802,0.3667,NO
capture_0033.pgm,54,1024,420,23,23,23,0.2249,23.0,0.2249,398,1.000,1.000,5,9,0.2034,-0.2718,0.3395,NO
capture_0033.pgm,55,822,421,22,22,22,0.2152,22.0,0.2152,360,1.000,1.000,5,7,0.2289,-0.2634,0.3489,NO
capture_0033.pgm,56,211,422,22,22,22,0.2152,22.0,0.2152,360,1.000,1.000,5,1,0.2564,-0.2577,0.3636,NO
capture_0033.pgm,57,617,422,22,21,22,0.2152,22.0,0.2152,338,1.000,1.000,5,5,0.2250,-0.2550,0.3401,NO
capture_0033.pgm,58,412,423,22,23,23,0.2249,23.0,0.2249,372,1.000,1.000,5,3,0.2211,-0.2466,0.3312,NO
capture_0033.pgm,59,1129,463,22,22,22,0.2152,22.0,0.2152,360,1.000,1.000,5,10,0.2295,-0.2679,0.3527,NO
capture_0033.pgm,60,718,465,25,24,25,0.2445,25.0,0.2445,440,1.000,1.000,5,6,0.2120,-0.2510,0.3286,NO
capture_0033.pgm,61,310,467,23,22,23,0.2249,23.0,0.2249,375,1.000,1.000,5,2,0.2238,-0.2342,0.3240,NO
capture_0033.pgm,62,520,467,22,22,22,0.2152,22.0,0.2152,360,1.000,1.000,5,4,0.2766,-0.2329,0.3616,NO
capture_0033.pgm,63,927,468,24,23,24,0.2347,24.0,0.2347,407,1.000,1.000,5,8,0.2549,-0.2203,0.3370,NO
capture_0033.pgm,64,108,468,23,22,23,0.2249,23.0,0.2249,382,1.000,1.000,5,0,0.2493,-0.2258,0.3364,NO
capture_0033.pgm,65,619,507,21,21,21,0.2054,21.0,0.2054,317,1.000,1.000,6,5,0.2440,-0.2746,0.3673,NO
capture_0033.pgm,66,1239,510,25,24,25,0.2445,25.0,0.2445,440,1.000,1.000,6,11,0.3044,-0.2411,0.3883,NO
capture_0033.pgm,67,1029,512,22,22,22,0.2152,22.0,0.2152,360,1.000,1.000,6,9,0.2517,-0.2229,0.3362,NO
capture_0033.pgm,68,209,514,24,24,24,0.2347,24.0,0.2347,428,1.000,1.000,6,1,0.2363,-0.2088,0.3153,NO
capture_0033.pgm,69,414,515,23,22,23,0.2249,23.0,0.2249,375,1.000,1.000,6,3,0.2401,-0.1977,0.3110,NO
capture_0033.pgm,70,823,516,24,24,24,0.2347,24.0,0.2347,424,1.000,1.000,6,7,0.2380,-0.1852,0.3016,NO
capture_0033.pgm,71,1132,548,21,22,22,0.2152,22.0,0.2152,338,1.000,1.000,6,10,0.2582,-0.2874,0.3864,NO
capture_0033.pgm,72,720,550,23,22,23,0.2249,23.0,0.2249,382,1.000,1.000,6,6,0.2309,-0.2706,0.3558,NO
capture_0033.pgm,73,516,554,23,23,23,0.2249,23.0,0.2249,380,1.000,1.000,6,4,0.2369,-0.2329,0.3322,NO
capture_0033.pgm,74,921,553,22,21,22,0.2152,22.0,0.2152,338,1.000,1.000,6,8,0.1957,-0.2399,0.3096,NO
capture_0033.pgm,75,110,556,25,24,25,0.2445,25.0,0.2445,447,1.000,1.000,6,0,0.2683,-0.2161,0.3445,NO
capture_0033.pgm,76,311,561,24,24,24,0.2347,24.0,0.2347,423,1.000,1.000,6,2,0.2330,-0.1658,0.2860,NO
capture_0033.pgm,77,209,594,23,24,24,0.2347,24.0,0.2347,421,1.000,1.000,7,1,0.2357,-0.2773,0.3639,NO
capture_0033.pgm,78,1230,593,22,23,23,0.2249,23.0,0.2249,375,1.000,1.000,7,11,0.2158,-0.2802,0.3537,NO
capture_0033.pgm,79,825,595,21,21,21,0.2054,21.0,0.2054,317,1.000,1.000,7,7,0.2570,-0.2634,0.3680,NO
capture_0033.pgm,80,618,597,24,24,24,0.2347,24.0,0.2347,420,1.000,1.000,7,5,0.2336,-0.2452,0.3387,NO
capture_0033.pgm,81,1028,597,22,23,23,0.2249,23.0,0.2249,368,1.000,1.000,7,9,0.2413,-0.2425,0.3421,NO
capture_0033.pgm,82,414,601,23,25,25,0.2445,25.0,0.2445,430,1.000,1.000,7,3,0.2395,-0.2075,0.3169,NO
capture_0033.pgm,83,516,639,21,21,21,0.2054,21.0,0.2054,317,1.000,1.000,7,4,0.2363,-0.2524,0.3458,NO
capture_0033.pgm,84,925,639,24,23,24,0.2347,24.0,0.2347,411,1.000,1.000,7,8,0.2342,-0.2497,0.3423,NO
capture_0033.pgm,85,312,642,28,24,28,0.2738,28.0,0.2738,496,1.000,1.000,7,2,0.2422,-0.2245,0.3302,NO
capture_0033.pgm,86,107,642,25,24,25,0.2445,25.0,0.2445,439,1.000,1.000,7,0,0.2384,-0.2258,0.3284,NO
capture_0033.pgm,87,717,642,23,23,23,0.2249,23.0,0.2249,384,1.000,1.000,7,6,0.2010,-0.2217,0.2993,NO
capture_0033.pgm,88,1130,641,22,21,22,0.2152,22.0,0.2152,338,1.000,1.000,7,10,0.2381,-0.2287,0.3301,NO
capture_0033.pgm,89,413,681,22,23,23,0.2249,23.0,0.2249,382,1.000,1.000,8,3,0.2292,-0.2759,0.3587,NO
capture_0033.pgm,90,209,683,24,23,24,0.2347,24.0,0.2347,400,1.000,1.000,8,1,0.2351,-0.2577,0.3489,NO
capture_0033.pgm,91,617,683,24,24,24,0.2347,24.0,0.2347,427,1.000,1.000,8,5,0.2232,-0.2550,0.3389,NO
capture_0033.pgm,92,1231,683,23,24,24,0.2347,24.0,0.2347,400,1.000,1.000,8,11,0.2250,-0.2509,0.3370,NO
capture_0033.pgm,93,1028,685,23,23,23,0.2249,23.0,0.2249,391,1.000,1.000,8,9,0.2407,-0.2327,0.3348,NO
capture_0033.pgm,94,824,687,22,22,22,0.2152,22.0,0.2152,353,1.000,1.000,8,7,0.2467,-0.2145,0.3269,NO
capture_0033.pgm,95,925,725,23,23,23,0.2249,23.0,0.2249,398,1.000,1.000,8,8,0.2336,-0.2595,0.3491,NO
capture_0033.pgm,96,1129,725,22,21,22,0.2152,22.0,0.2152,338,1.000,1.000,8,10,0.2277,-0.2581,0.3442,NO
capture_0033.pgm,97,314,727,22,23,23,0.2249,23.0,0.2249,375,1.000,1.000,8,2,0.2612,-0.2440,0.3574,NO
capture_0033.pgm,98,719,727,22,22,22,0.2152,22.0,0.2152,360,1.000,1.000,8,6,0.2200,-0.2413,0.3265,NO
capture_0033.pgm,99,517,728,23,22,23,0.2249,23.0,0.2249,368,1.000,1.000,8,4,0.2455,-0.2329,0.3384,NO
capture_0033.pgm,100,106,731,25,25,25,0.2445,25.0,0.2445,450,1.000,1.000,8,0,0.2280,-0.2063,0.3075,NO
capture_0033.pgm,101,1230,767,21,23,23,0.2249,23.0,0.2249,359,1.000,1.000,9,11,0.2147,-0.2802,0.3530,NO
capture_0033.pgm,102,616,768,23,23,23,0.2249,23.0,0.2249,398,1.000,1.000,9,5,0.2129,-0.2746,0.3474,NO
capture_0033.pgm,103,1029,768,21,22,22,0.2152,22.0,0.2152,338,1.000,1.000,9,9,0.2499,-0.2718,0.3692,NO
capture_0033.pgm,104,212,772,24,24,24,0.2347,24.0,0.2347,413,1.000,1.000,9,1,0.2639,-0.2382,0.3555,NO
capture_0033.pgm,105,825,771,23,22,23,0.2249,23.0,0.2249,382,1.000,1.000,9,7,0.2559,-0.2438,0.3534,NO
capture_0033.pgm,106,410,773,23,21,23,0.2249,23.0,0.2249,359,1.000,1.000,9,3,0.1992,-0.2270,0.3021,NO
capture_0033.pgm,107,926,811,21,22,22,0.2152,22.0,0.2152,338,1.000,1.000,9,8,0.2428,-0.2692,0.3626,NO
capture_0033.pgm,108,1128,811,24,21,24,0.2347,24.0,0.2347,380,1.000,1.000,9,10,0.2173,-0.2679,0.3449,NO
capture_0033.pgm,109,517,812,21,22,22,0.2152,22.0,0.2152,338,1.000,1.000,9,4,0.2449,-0.2622,0.3588,NO
capture_0033.pgm,110,312,814,21,21,21,0.2054,21.0,0.2054,317,1.000,1.000,9,2,0.2410,-0.2440,0.3430,NO
capture_0033.pgm,111,107,816,24,23,24,0.2347,24.0,0.2347,403,1.000,1.000,9,0,0.2372,-0.2258,0.3275,NO
capture_0033.pgm,112,721,817,24,24,24,0.2347,24.0,0.2347,431,1.000,1.000,9,6,0.2390,-0.2119,0.3194,NO
capture_0033.pgm,113,1231,854,22,23,23,0.2249,23.0,0.2249,375,1.000,1.000,10,11,0.2239,-0.2802,0.3587,NO
capture_0033.pgm,114,619,855,23,22,23,0.2249,23.0,0.2249,382,1.000,1.000,10,5,0.2416,-0.2746,0.3657,NO
capture_0033.pgm,115,1029,856,22,23,23,0.2249,23.0,0.2249,368,1.000,1.000,10,9,0.2493,-0.2620,0.3617,NO
capture_0033.pgm,116,827,858,23,23,23,0.2249,23.0,0.2249,381,1.000,1.000,10,7,0.2748,-0.2438,0.3674,NO
capture_0033.pgm,117,210,858,21,21,21,0.2054,21.0,0.2054,317,1.000,1.000,10,1,0.2437,-0.2480,0.3477,NO
capture_0033.pgm,118,422,860,22,22,22,0.2152,22.0,0.2152,360,1.000,1.000,10,3,0.3160,-0.2270,0.3891,NO
capture_0033.pgm,119,1130,898,22,23,23,0.2249,23.0,0.2249,382,1.000,1.000,10,10,0.2363,-0.2679,0.3572,NO
capture_0033.pgm,120,516,900,24,24,24,0.2347,24.0,0.2347,424,1.000,1.000,10,4,0.2345,-0.2524,0.3446,NO
capture_0033.pgm,121,719,901,25,25,25,0.2445,25.0,0.2445,451,1.000,1.000,10,6,0.2188,-0.2413,0.3257,NO
capture_0033.pgm,122,309,902,23,24,24,0.2347,24.0,0.2347,403,1.000,1.000,10,2,0.2111,-0.2342,0.3153,NO
capture_0033.pgm,123,926,905,23,25,25,0.2445,25.0,0.2445,430,1.000,1.000,10,8,0.2422,-0.2008,0.3146,NO
capture_0033.pgm,124,114,906,24,24,24,0.2347,24.0,0.2347,435,1.000,1.000,10,0,0.3051,-0.1965,0.3629,NO
capture_0033.pgm,125,614,943,24,23,24,0.2347,24.0,0.2347,406,1.000,1.000,11,5,0.1922,-0.2648,0.3272,NO
capture_0033.pgm,126,825,944,23,24,24,0.2347,24.0,0.2347,407,1.000,1.000,11,7,0.2547,-0.2536,0.3594,NO
capture_0033.pgm,127,209,947,33,28,33,0.3227,33.0,0.3227,649,1.000,1.000,11,1,0.2333,-0.2284,0.3265,NO
capture_0033.pgm,128,413,946,23,23,23,0.2249,23.0,0.2249,388,1.000,1.000,11,3,0.2274,-0.2368,0.3283,NO
capture_0033.pgm,129,1029,945,21,21,21,0.2054,21.0,0.2054,317,1.000,1.000,11,9,0.2488,-0.2425,0.3474,NO
capture_0033.pgm,130,1228,946,23,23,23,0.2249,23.0,0.2249,391,1.000,1.000,11,11,0.1939,-0.2313,0.3019,NO
capture_0033.pgm,131,186,982,21,21,21,0.2054,21.0,0.2054,317,1.000,1.000,11,1,0.0084,0.1139,0.1142,NO
capture_0033.pgm,132,718,987,25,23,25,0.2445,25.0,0.2445,437,1.000,1.000,11,6,0.2085,-0.2510,0.3263,NO
capture_0033.pgm,133,1130,987,22,23,23,0.2249,23.0,0.2249,375,1.000,1.000,11,10,0.2357,-0.2483,0.3424,NO
capture_0033.pgm,134,312,988,22,23,23,0.2249,23.0,0.2249,375,1.000,1.000,11,2,0.2399,-0.2440,0.3422,NO
capture_0033.pgm,135,517,987,23,23,23,0.2249,23.0,0.2249,384,1.000,1.000,11,4,0.2437,-0.2524,0.3509,NO
capture_0033.pgm,136,104,989,24,23,24,0.2347,24.0,0.2347,411,1.000,1.000,11,0,0.2067,-0.2356,0.3134,NO
capture_0033.pgm,137,924,989,22,21,22,0.2152,22.0,0.2152,338,1.000,1.000,11,8,0.2221,-0.2301,0.3198,NO
capture_0033.pgm,SUMMARY,,,,,,,,,,,,,,,,,
capture_0033.pgm,Count,137,,,,,,,,,,,,,,,
capture_0033.pgm,Missed,2,,,,,,,,,,,,,,,
capture_0033.pgm,Mean,,,,,,,,0.2269,,,,,,,,
capture_0033.pgm,Median,,,,,,,,0.2249,,,,,,,,
capture_0033.pgm,StdDev,,,,,,,,0.0146,,,,,,,,
capture_0033.pgm,Min,,,,,,,,0.2054,,,,,,,,
capture_0033.pgm,Max,,,,,,,,0.3227,,,,,,,,
capture_0034.pgm,1,107,13,26,24,26,0.2543,26.0,0.2543,463,1.000,1.000,0,0,0.2424,-0.4214,0.4862,NO
capture_0034.pgm,2,310,13,24,24,24,0.2347,24.0,0.2347,428,1.000,1.000,0,2,0.2267,-0.4201,0.4773,NO
capture_0034.pgm,3,925,15,24,26,26,0.2543,26.0,0.2543,458,1.000,1.000,0,8,0.2383,-0.3964,0.4625,NO
capture_0034.pgm,4,1129,14,23,23,23,0.2249,23.0,0.2249,391,1.000,1.000,0,10,0.2324,-0.4048,0.4667,NO
capture_0034.pgm,5,515,17,24,25,25,0.2445,25.0,0.2445,445,1.000,1.000,0,4,0.2306,-0.3796,0.4441,NO
capture_0034.pgm,6,1027,54,22,22,22,0.2152,22.0,0.2152,353,1.000,1.000,0,9,0.2356,0.4030,0.4668,NO
capture_0034.pgm,7,820,56,24,24,24,0.2347,24.0,0.2347,413,1.000,1.000,0,7,0.2122,0.4212,0.4716,NO
capture_0034.pgm,8,208,56,23,23,23,0.2249,23.0,0.2249,388,1.000,1.000,0,1,0.2300,0.4171,0.4763,NO
capture_0034.pgm,9,412,57,23,23,23,0.2249,23.0,0.2249,391,1.000,1.000,1,3,0.2235,-0.4226,0.4781,NO
capture_0034.pgm,10,619,57,23,23,23,0.2249,23.0,0.2249,377,1.000,1.000,1,5,0.2469,-0.4213,0.4883,NO
capture_0034.pgm,11,1230,62,24,24,24,0.2347,24.0,0.2347,423,1.000,1.000,1,11,0.2193,-0.3682,0.4286,NO
capture_0034.pgm,12,1126,98,23,23,23,0.2249,23.0,0.2249,384,1.000,1.000,0,10,0.2030,0.4167,0.4636,NO
capture_0034.pgm,13,514,99,23,24,24,0.2347,24.0,0.2347,418,1.000,1.000,0,4,0.2208,0.4224,0.4766,NO
capture_0034.pgm,14,722,99,24,24,24,0.2347,24.0,0.2347,416,1.000,1.000,0,6,0.2540,0.4238,0.4941,NO
capture_0034.pgm,15,312,100,24,23,24,0.2347,24.0,0.2347,401,1.000,1.000,1,2,0.2457,-0.4201,0.4866,NO
capture_0034.pgm,16,924,102,24,23,24,0.2347,24.0,0.2347,413,1.000,1.000,1,8,0.2279,-0.3964,0.4572,NO
capture_0034.pgm,17,113,103,24,23,24,0.2347,24.0,0.2347,414,1.000,1.000,1,0,0.3005,-0.3921,0.4940,NO
capture_0034.pgm,18,821,141,21,23,23,0.2249,23.0,0.2249,359,1.000,1.000,1,7,0.2214,0.4016,0.4586,NO
capture_0034.pgm,19,1033,142,23,23,23,0.2249,23.0,0.2249,405,1.000,1.000,1,9,0.2937,0.4128,0.5066,NO
capture_0034.pgm,20,1231,145,22,22,22,0.2152,22.0,0.2152,360,1.000,1.000,2,11,0.2285,-0.4074,0.4671,NO
capture_0034.pgm,21,209,146,23,22,23,0.2249,23.0,0.2249,375,1.000,1.000,2,1,0.2386,-0.4044,0.4696,NO
capture_0034.pgm,22,414,148,25,24,25,0.2445,25.0,0.2445,444,1.000,1.000,2,3,0.2425,-0.3835,0.4537,NO
capture_0034.pgm,23,619,150,23,24,24,0.2347,24.0,0.2347,413,1.000,1.000,2,5,0.2463,-0.3626,0.4383,NO
capture_0034.pgm,24,719,184,23,21,23,0.2249,23.0,0.2249,359,1.000,1.000,1,6,0.2241,0.4042,0.4622,NO
capture_0034.pgm,25,309,185,24,23,24,0.2347,24.0,0.2347,399,1.000,1.000,1,2,0.2164,0.4112,0.4647,NO
capture_0034.pgm,26,514,186,22,21,22,0.2152,22.0,0.2152,338,1.000,1.000,1,4,0.2202,0.4224,0.4764,NO
capture_0034.pgm,27,926,189,23,23,23,0.2249,23.0,0.2249,384,1.000,1.000,2,8,0.2469,-0.3964,0.4670,NO
capture_0034.pgm,28,108,189,22,21,22,0.2152,22.0,0.2152,338,1.000,1.000,2,0,0.2511,-0.4019,0.4738,NO
capture_0034.pgm,29,1133,191,22,23,23,0.2249,23.0,0.2249,375,1.000,1.000,2,10,0.2703,-0.3754,0.4626,NO
capture_0034.pgm,30,208,231,23,23,23,0.2249,23.0,0.2249,398,1.000,1.000,3,1,0.2282,-0.4240,0.4815,NO
capture_0034.pgm,31,824,231,23,24,24,0.2347,24.0,0.2347,414,1.000,1.000,3,7,0.2496,-0.4199,0.4885,NO
capture_0034.pgm,32,1035,231,24,23,24,0.2347,24.0,0.2347,421,1.000,1.000,3,9,0.3121,-0.4185,0.5221,NO
capture_0034.pgm,33,620,235,21,22,22,0.2152,22.0,0.2152,338,1.000,1.000,3,5,0.2555,-0.3821,0.4597,NO
capture_0034.pgm,34,416,236,23,22,23,0.2249,23.0,0.2249,382,1.000,1.000,3,3,0.2614,-0.3737,0.4561,NO
capture_0034.pgm,35,1131,273,21,21,21,0.2054,21.0,0.2054,317,1.000,1.000,3,10,0.2502,-0.4243,0.4926,NO
capture_0034.pgm,36,109,274,22,22,22,0.2152,22.0,0.2152,360,1.000,1.000,3,0,0.2603,-0.4214,0.4953,NO
capture_0034.pgm,37,312,275,25,24,25,0.2445,25.0,0.2445,440,1.000,1.000,3,2,0.2446,-0.4103,0.4776,NO
capture_0034.pgm,38,516,277,24,26,26,0.2543,26.0,0.2543,457,1.000,1.000,3,4,0.2386,-0.3893,0.4567,NO
capture_0034.pgm,39,720,276,24,23,24,0.2347,24.0,0.2347,407,1.000,1.000,3,6,0.2327,-0.3977,0.4608,NO
capture_0034.pgm,40,923,278,23,22,23,0.2249,23.0,0.2249,368,1.000,1.000,3,8,0.2170,-0.3768,0.4348,NO
capture_0034.pgm,41,1232,314,23,23,23,0.2249,23.0,0.2249,384,1.000,1.000,3,11,0.2377,0.3946,0.4607,NO
capture_0034.pgm,42,820,314,24,23,24,0.2347,24.0,0.2347,418,1.000,1.000,3,7,0.2105,0.3919,0.4448,NO
capture_0034.pgm,43,207,317,22,23,23,0.2249,23.0,0.2249,382,1.000,1.000,3,1,0.2185,0.4171,0.4708,NO
capture_0034.pgm,44,624,319,22,23,23,0.2249,23.0,0.2249,375,1.000,1.000,4,5,0.2940,-0.4115,0.5057,NO
capture_0034.pgm,45,1037,320,22,23,23,0.2249,23.0,0.2249,382,1.000,1.000,4,9,0.3311,-0.3989,0.5184,NO
capture_0034.pgm,46,411,322,23,22,23,0.2249,23.0,0.2249,375,1.000,1.000,4,3,0.2119,-0.3835,0.4382,NO
capture_0034.pgm,47,722,358,24,23,24,0.2347,24.0,0.2347,397,1.000,1.000,3,6,0.2523,0.4042,0.4765,NO
capture_0034.pgm,48,1131,359,22,23,23,0.2249,23.0,0.2249,375,1.000,1.000,3,10,0.2502,0.4167,0.4861,NO
capture_0034.pgm,49,111,360,23,22,23,0.2249,23.0,0.2249,368,1.000,1.000,3,0,0.2798,0.4196,0.5044,NO
capture_0034.pgm,50,517,362,24,24,24,0.2347,24.0,0.2347,428,1.000,1.000,4,4,0.2478,-0.4089,0.4781,NO
capture_0034.pgm,51,926,361,22,22,22,0.2152,22.0,0.2152,360,1.000,1.000,4,8,0.2457,-0.4159,0.4831,NO
capture_0034.pgm,52,315,366,24,24,24,0.2347,24.0,0.2347,431,1.000,1.000,4,2,0.2733,-0.3712,0.4609,NO
capture_0034.pgm,53,417,401,23,24,24,0.2347,24.0,0.2347,413,1.000,1.000,4,3,0.2706,0.3891,0.4740,NO
capture_0034.pgm,54,1233,401,21,21,21,0.2054,21.0,0.2054,317,1.000,1.000,4,11,0.2469,0.3946,0.4655,NO
capture_0034.pgm,55,1026,402,21,22,22,0.2152,22.0,0.2152,338,1.000,1.000,4,9,0.2235,0.4030,0.4608,NO
capture_0034.pgm,56,621,405,22,22,22,0.2152,22.0,0.2152,360,1.000,1.000,5,5,0.2641,-0.4213,0.4972,NO
capture_0034.pgm,57,212,409,24,24,24,0.2347,24.0,0.2347,423,1.000,1.000,5,1,0.2662,-0.3849,0.4680,NO
capture_0034.pgm,58,823,409,24,24,24,0.2347,24.0,0.2347,430,1.000,1.000,5,7,0.2386,-0.3808,0.4494,NO
capture_0034.pgm,59,515,447,22,24,24,0.2347,24.0,0.2347,390,1.000,1.000,4,4,0.2283,0.4224,0.4801,NO
capture_0034.pgm,60,108,450,24,26,26,0.2543,26.0,0.2543,461,1.000,1.000,5,0,0.2493,-0.4019,0.4729,NO
capture_0034.pgm,61,1133,450,24,24,24,0.2347,24.0,0.2347,423,1.000,1.000,5,10,0.2686,-0.3950,0.4777,NO
capture_0034.pgm,62,723,450,23,23,23,0.2249,23.0,0.2249,391,1.000,1.000,5,6,0.2609,-0.3977,0.4757,NO
capture_0034.pgm,63,316,451,21,22,22,0.2152,22.0,0.2152,338,1.000,1.000,5,2,0.2825,-0.3907,0.4821,NO
capture_0034.pgm,64,927,452,23,24,24,0.2347,24.0,0.2347,421,1.000,1.000,5,8,0.2549,-0.3768,0.4550,NO
capture_0034.pgm,65,1030,489,24,23,24,0.2347,24.0,0.2347,398,1.000,1.000,5,9,0.2620,0.4030,0.4807,NO
capture_0034.pgm,66,1233,488,21,22,22,0.2152,22.0,0.2152,338,1.000,1.000,5,11,0.2463,0.3946,0.4652,NO
capture_0034.pgm,67,825,491,21,22,22,0.2152,22.0,0.2152,338,1.000,1.000,5,7,0.2582,0.4212,0.4940,NO
capture_0034.pgm,68,620,492,21,21,21,0.2054,21.0,0.2054,317,1.000,1.000,6,5,0.2538,-0.4213,0.4918,NO
capture_0034.pgm,69,209,494,22,23,23,0.2249,23.0,0.2249,375,1.000,1.000,6,1,0.2363,-0.4044,0.4684,NO
capture_0034.pgm,70,414,495,22,21,22,0.2152,22.0,0.2152,338,1.000,1.000,6,3,0.2401,-0.3933,0.4608,NO
capture_0034.pgm,71,107,535,24,23,24,0.2347,24.0,0.2347,414,1.000,1.000,6,0,0.2389,-0.4214,0.4845,NO
capture_0034.pgm,72,920,535,23,22,23,0.2249,23.0,0.2249,365,1.000,1.000,6,8,0.1859,-0.4159,0.4556,NO
capture_0034.pgm,73,515,536,24,22,24,0.2347,24.0,0.2347,387,1.000,1.000,6,4,0.2271,-0.4089,0.4677,NO
capture_0034.pgm,74,315,539,22,23,23,0.2249,23.0,0.2249,375,1.000,1.000,6,2,0.2721,-0.3809,0.4682,NO
capture_0034.pgm,75,718,539,23,23,23,0.2249,23.0,0.2249,383,1.000,1.000,6,6,0.2114,-0.3782,0.4333,NO
capture_0034.pgm,76,1130,539,24,23,24,0.2347,24.0,0.2347,421,1.000,1.000,6,10,0.2387,-0.3754,0.4449,NO
capture_0034.pgm,77,1029,577,23,24,24,0.2347,24.0,0.2347,421,1.000,1.000,6,9,0.2517,0.4128,0.4835,NO
capture_0034.pgm,78,1231,579,26,23,26,0.2543,26.0,0.2543,440,1.000,1.000,7,11,0.2256,-0.4171,0.4742,NO
capture_0034.pgm,79,622,580,23,22,23,0.2249,23.0,0.2249,375,1.000,1.000,7,5,0.2727,-0.4115,0.4937,NO
capture_0034.pgm,80,415,581,23,23,23,0.2249,23.0,0.2249,398,1.000,1.000,7,3,0.2493,-0.4031,0.4739,NO
capture_0034.pgm,81,212,585,24,25,25,0.2445,25.0,0.2445,452,1.000,1.000,7,1,0.2650,-0.3653,0.4513,NO
capture_0034.pgm,82,824,586,22,23,23,0.2249,23.0,0.2249,368,1.000,1.000,7,7,0.2472,-0.3514,0.4297,NO
capture_0034.pgm,83,1128,619,22,24,24,0.2347,24.0,0.2347,390,1.000,1.000,6,10,0.2191,0.4070,0.4622,NO
capture_0034.pgm,84,721,619,23,22,23,0.2249,23.0,0.2249,368,1.000,1.000,6,6,0.2407,0.4042,0.4705,NO
capture_0034.pgm,85,106,621,23,22,23,0.2249,23.0,0.2249,375,1.000,1.000,6,0,0.2292,0.4196,0.4781,NO
capture_0034.pgm,86,514,622,23,23,23,0.2249,23.0,0.2249,383,1.000,1.000,7,4,0.2167,-0.4187,0.4714,NO
capture_0034.pgm,87,314,624,23,23,23,0.2249,23.0,0.2249,384,1.000,1.000,7,2,0.2618,-0.4005,0.4785,NO
capture_0034.pgm,88,930,625,23,23,23,0.2249,23.0,0.2249,398,1.000,1.000,7,8,0.2831,-0.3866,0.4792,NO
capture_0034.pgm,89,209,662,23,24,24,0.2347,24.0,0.2347,403,1.000,1.000,7,1,0.2357,0.3877,0.4537,NO
capture_0034.pgm,90,1026,663,24,22,24,0.2347,24.0,0.2347,397,1.000,1.000,7,9,0.2218,0.4030,0.4600,NO
capture_0034.pgm,91,413,666,25,24,25,0.2445,25.0,0.2445,447,1.000,1.000,8,3,0.2292,-0.4226,0.4808,NO
capture_0034.pgm,92,627,668,24,21,24,0.2347,24.0,0.2347,380,1.000,1.000,8,5,0.3210,-0.4017,0.5142,NO
capture_0034.pgm,93,824,669,25,24,25,0.2445,25.0,0.2445,432,1.000,1.000,8,7,0.2467,-0.3905,0.4619,NO
capture_0034.pgm,94,1231,670,22,22,22,0.2152,22.0,0.2152,353,1.000,1.000,8,11,0.2250,-0.3780,0.4399,NO
capture_0034.pgm,95,519,707,21,21,21,0.2054,21.0,0.2054,317,1.000,1.000,7,4,0.2656,0.4126,0.4907,NO
capture_0034.pgm,96,1129,708,23,23,23,0.2249,23.0,0.2249,391,1.000,1.000,8,10,0.2277,-0.4243,0.4816,NO
capture_0034.pgm,97,316,710,22,22,22,0.2152,22.0,0.2152,360,1.000,1.000,8,2,0.2807,-0.4103,0.4971,NO
capture_0034.pgm,98,929,710,22,22,22,0.2152,22.0,0.2152,353,1.000,1.000,8,8,0.2728,-0.4062,0.4892,NO
capture_0034.pgm,99,107,711,25,22,25,0.2445,25.0,0.2445,412,1.000,1.000,8,0,0.2378,-0.4019,0.4669,NO
capture_0034.pgm,100,720,712,24,23,24,0.2347,24.0,0.2347,396,1.000,1.000,8,6,0.2298,-0.3880,0.4509,NO
capture_0034.pgm,101,1231,746,23,24,24,0.2347,24.0,0.2347,411,1.000,1.000,8,11,0.2250,0.3653,0.4290,NO
capture_0034.pgm,102,824,752,22,23,23,0.2249,23.0,0.2249,368,1.000,1.000,8,7,0.2467,0.4212,0.4881,NO
capture_0034.pgm,103,210,753,23,23,23,0.2249,23.0,0.2249,405,1.000,1.000,9,1,0.2443,-0.4240,0.4893,NO
capture_0034.pgm,104,618,752,22,22,22,0.2152,22.0,0.2152,353,1.000,1.000,8,5,0.2330,0.4198,0.4802,NO
capture_0034.pgm,105,1028,754,23,23,23,0.2249,23.0,0.2249,405,1.000,1.000,9,9,0.2401,-0.4087,0.4741,NO
capture_0034.pgm,106,416,756,24,24,24,0.2347,24.0,0.2347,420,1.000,1.000,9,3,0.2579,-0.3933,0.4703,NO
capture_0034.pgm,107,108,794,24,24,24,0.2347,24.0,0.2347,413,1.000,1.000,8,0,0.2476,0.4099,0.4788,NO
capture_0034.pgm,108,1129,795,22,22,22,0.2152,22.0,0.2152,360,1.000,1.000,9,10,0.2271,-0.4243,0.4813,NO
capture_0034.pgm,109,316,797,22,23,23,0.2249,23.0,0.2249,368,1.000,1.000,9,2,0.2802,-0.4103,0.4968,NO
capture_0034.pgm,110,516,796,23,23,23,0.2249,23.0,0.2249,390,1.000,1.000,9,4,0.2351,-0.4187,0.4802,NO
capture_0034.pgm,111,925,796,24,23,24,0.2347,24.0,0.2347,399,1.000,1.000,9,8,0.2330,-0.4159,0.4768,NO
capture_0034.pgm,112,727,801,23,23,23,0.2249,23.0,0.2249,384,1.000,1.000,9,6,0.2977,-0.3684,0.4736,NO
capture_0034.pgm,113,617,836,22,23,23,0.2249,23.0,0.2249,372,1.000,1.000,9,5,0.2227,0.3905,0.4495,NO
capture_0034.pgm,114,213,841,25,26,26,0.2543,26.0,0.2543,476,1.000,1.000,10,1,0.2730,-0.4142,0.4961,NO
capture_0034.pgm,115,823,839,21,21,21,0.2054,21.0,0.2054,317,1.000,1.000,9,7,0.2363,0.4212,0.4830,NO
capture_0034.pgm,116,1231,839,23,22,23,0.2249,23.0,0.2249,368,1.000,1.000,9,11,0.2244,0.4239,0.4797,NO
capture_0034.pgm,117,416,843,25,24,25,0.2445,25.0,0.2445,440,1.000,1.000,10,3,0.2573,-0.3933,0.4700,NO
capture_0034.pgm,118,1031,844,23,23,23,0.2249,23.0,0.2249,398,1.000,1.000,10,9,0.2689,-0.3794,0.4650,NO
capture_0034.pgm,119,717,877,24,22,24,0.2347,24.0,0.2347,397,1.000,1.000,9,6,0.1999,0.3749,0.4248,NO
capture_0034.pgm,120,1130,883,23,25,25,0.2445,25.0,0.2445,414,1.000,1.000,10,10,0.2363,-0.4146,0.4772,NO
capture_0034.pgm,121,105,882,24,22,24,0.2347,24.0,0.2347,390,1.000,1.000,9,0,0.2176,0.4196,0.4727,NO
capture_0034.pgm,122,516,883,22,23,23,0.2249,23.0,0.2249,368,1.000,1.000,10,4,0.2345,-0.4187,0.4799,NO
capture_0034.pgm,123,925,883,22,23,23,0.2249,23.0,0.2249,382,1.000,1.000,10,8,0.2325,-0.4159,0.4765,NO
capture_0034.pgm,124,315,884,23,23,23,0.2249,23.0,0.2249,391,1.000,1.000,10,2,0.2698,-0.4103,0.4910,NO
capture_0034.pgm,125,619,927,22,22,22,0.2152,22.0,0.2152,360,1.000,1.000,11,5,0.2411,-0.4213,0.4853,NO
capture_0034.pgm,126,823,927,23,22,23,0.2249,23.0,0.2249,375,1.000,1.000,11,7,0.2351,-0.4199,0.4812,NO
capture_0034.pgm,127,1232,928,24,24,24,0.2347,24.0,0.2347,435,1.000,1.000,11,11,0.2331,-0.4074,0.4693,NO
capture_0034.pgm,128,208,929,23,23,23,0.2249,23.0,0.2249,391,1.000,1.000,11,1,0.2236,-0.4044,0.4621,NO
capture_0034.pgm,129,415,929,22,23,23,0.2249,23.0,0.2249,382,1.000,1.000,11,3,0.2470,-0.4031,0.4727,NO
capture_0034.pgm,130,1033,930,22,24,24,0.2347,24.0,0.2347,404,1.000,1.000,11,9,0.2879,-0.3892,0.4841,NO
capture_0034.pgm,131,106,967,24,24,24,0.2347,24.0,0.2347,420,1.000,1.000,10,0,0.2268,0.4001,0.4599,NO
capture_0034.pgm,132,1132,967,23,23,23,0.2249,23.0,0.2249,391,1.000,1.000,10,10,0.2559,0.4070,0.4807,NO
capture_0034.pgm,133,515,969,23,24,24,0.2347,24.0,0.2347,407,1.000,1.000,10,4,0.2248,0.4224,0.4785,NO
capture_0034.pgm,134,723,968,23,23,23,0.2249,23.0,0.2249,388,1.000,1.000,10,6,0.2579,0.4140,0.4878,NO
capture_0034.pgm,135,316,970,24,24,24,0.2347,24.0,0.2347,427,1.000,1.000,11,2,0.2790,-0.4201,0.5043,NO
capture_0034.pgm,136,926,971,22,24,24,0.2347,24.0,0.2347,397,1.000,1.000,11,8,0.2417,-0.4061,0.4726,NO
capture_0034.pgm,137,1231,1008,22,23,23,0.2249,23.0,0.2249,365,1.000,1.000,11,11,0.2233,0.3750,0.4365,NO
capture_0034.pgm,SUMMARY,,,,,,,,,,,,,,,,,
capture_0034.pgm,Count,137,,,,,,,,,,,,,,,
capture_0034.pgm,Missed,25,,,,,,,,,,,,,,,
capture_0034.pgm,Mean,,,,,,,,0.2287,,,,,,,,
capture_0034.pgm,Median,,,,,,,,0.2249,,,,,,,,
capture_0034.pgm,StdDev,,,,,,,,0.0104,,,,,,,,
capture_0034.pgm,Min,,,,,,,,0.2054,,,,,,,,
capture_0034.pgm,Max,,,,,,,,0.2543,,,,,,,,
capture_0035.pgm,1,1027,35,22,24,24,0.2347,24.0,0.2347,390,1.000,1.000,0,9,0.2356,0.2172,0.3205,NO
capture_0035.pgm,2,1230,35,22,24,24,0.2347,24.0,0.2347,390,1.000,1.000,0,11,0.2199,0.2186,0.3101,NO
capture_0035.pgm,3,830,39,22,22,22,0.2152,22.0,0.2152,360,1.000,1.000,0,7,0.3100,0.2549,0.4014,NO
capture_0035.pgm,4,204,41,25,23,25,0.2445,25.0,0.2445,416,1.000,1.000,0,1,0.1909,0.2704,0.3310,NO
capture_0035.pgm,5,410,42,26,24,26,0.2543,26.0,0.2543,443,1.000,1.000,0,3,0.2045,0.2815,0.3480,NO
capture_0035.pgm,6,618,43,25,24,25,0.2445,25.0,0.2445,448,1.000,1.000,0,5,0.2377,0.2927,0.3770,NO
capture_0035.pgm,7,922,79,25,24,25,0.2445,25.0,0.2445,429,1.000,1.000,0,8,0.2090,0.2295,0.3104,NO
capture_0035.pgm,8,109,81,27,23,27,0.2641,27.0,0.2641,460,1.000,1.000,0,0,0.2620,0.2436,0.3578,NO
capture_0035.pgm,9,513,80,23,22,23,0.2249,23.0,0.2249,375,1.000,1.000,0,4,0.2110,0.2366,0.3170,NO
capture_0035.pgm,10,721,81,23,23,23,0.2249,23.0,0.2249,384,1.000,1.000,0,6,0.2442,0.2477,0.3479,NO
capture_0035.pgm,11,1130,81,21,22,22,0.2152,22.0,0.2152,338,1.000,1.000,0,10,0.2422,0.2505,0.3484,NO
capture_0035.pgm,12,312,89,24,24,24,0.2347,24.0,0.2347,416,1.000,1.000,0,2,0.2463,0.3232,0.4064,NO
capture_0035.pgm,13,832,123,23,24,24,0.2347,24.0,0.2347,407,1.000,1.000,1,7,0.3290,0.2256,0.3989,NO
capture_0035.pgm,14,210,124,23,22,23,0.2249,23.0,0.2249,368,1.000,1.000,1,1,0.2490,0.2312,0.3398,NO
capture_0035.pgm,15,1027,125,21,22,22,0.2152,22.0,0.2152,338,1.000,1.000,1,9,0.2350,0.2465,0.3406,NO
capture_0035.pgm,16,619,127,22,23,23,0.2249,23.0,0.2249,382,1.000,1.000,1,5,0.2469,0.2633,0.3610,NO
capture_0035.pgm,17,1232,129,24,24,24,0.2347,24.0,0.2347,421,1.000,1.000,1,11,0.2389,0.2870,0.3734,NO
capture_0035.pgm,18,409,131,24,24,24,0.2347,24.0,0.2347,430,1.000,1.000,1,3,0.1941,0.3011,0.3582,NO
capture_0035.pgm,19,1136,164,24,24,24,0.2347,24.0,0.2347,435,1.000,1.000,1,10,0.3003,0.2114,0.3672,NO
capture_0035.pgm,20,722,167,24,23,24,0.2347,24.0,0.2347,404,1.000,1.000,1,6,0.2534,0.2379,0.3476,NO
capture_0035.pgm,21,307,168,24,24,24,0.2347,24.0,0.2347,430,1.000,1.000,1,2,0.1968,0.2450,0.3142,NO
capture_0035.pgm,22,923,167,22,22,22,0.2152,22.0,0.2152,360,1.000,1.000,1,8,0.2182,0.2393,0.3238,NO
capture_0035.pgm,23,110,168,24,22,24,0.2347,24.0,0.2347,387,1.000,1.000,1,0,0.2712,0.2436,0.3645,NO
capture_0035.pgm,24,518,173,24,24,24,0.2347,24.0,0.2347,421,1.000,1.000,1,4,0.2594,0.2953,0.3930,NO
capture_0035.pgm,25,822,212,22,23,23,0.2249,23.0,0.2249,368,1.000,1.000,2,7,0.2306,0.2452,0.3366,NO
capture_0035.pgm,26,211,213,23,22,23,0.2249,23.0,0.2249,368,1.000,1.000,2,1,0.2582,0.2508,0.3599,NO
capture_0035.pgm,27,618,213,21,21,21,0.2054,21.0,0.2054,317,1.000,1.000,2,5,0.2365,0.2536,0.3468,NO
capture_0035.pgm,28,411,214,23,23,23,0.2249,23.0,0.2249,395,1.000,1.000,2,3,0.2131,0.2620,0.3377,NO
capture_0035.pgm,29,1228,215,24,22,24,0.2347,24.0,0.2347,397,1.000,1.000,2,11,0.1992,0.2772,0.3414,NO
capture_0035.pgm,30,1029,221,22,22,22,0.2152,22.0,0.2152,353,1.000,1.000,2,9,0.2540,0.3345,0.4201,NO
capture_0035.pgm,31,723,253,22,22,22,0.2152,22.0,0.2152,353,1.000,1.000,2,6,0.2626,0.2282,0.3479,NO
capture_0035.pgm,32,107,255,22,22,22,0.2152,22.0,0.2152,353,1.000,1.000,2,0,0.2413,0.2436,0.3429,NO
capture_0035.pgm,33,924,255,23,22,23,0.2249,23.0,0.2249,375,1.000,1.000,2,8,0.2274,0.2491,0.3373,NO
capture_0035.pgm,34,1129,256,23,23,23,0.2249,23.0,0.2249,391,1.000,1.000,2,10,0.2312,0.2603,0.3481,NO
capture_0035.pgm,35,515,257,22,22,22,0.2152,22.0,0.2152,353,1.000,1.000,2,4,0.2294,0.2659,0.3512,NO
capture_0035.pgm,36,315,262,23,22,23,0.2249,23.0,0.2249,382,1.000,1.000,2,2,0.2745,0.3134,0.4166,NO
capture_0035.pgm,37,1231,298,21,21,21,0.2054,21.0,0.2054,317,1.000,1.000,3,11,0.2280,0.2381,0.3296,NO
capture_0035.pgm,38,1029,300,22,22,22,0.2152,22.0,0.2152,360,1.000,1.000,3,9,0.2534,0.2563,0.3605,NO
capture_0035.pgm,39,822,303,24,23,24,0.2347,24.0,0.2347,406,1.000,1.000,3,7,0.2300,0.2843,0.3657,NO
capture_0035.pgm,40,413,304,23,23,23,0.2249,23.0,0.2249,388,1.000,1.000,3,3,0.2321,0.2913,0.3725,NO
capture_0035.pgm,41,620,304,22,22,22,0.2152,22.0,0.2152,360,1.000,1.000,3,5,0.2555,0.2927,0.3885,NO
capture_0035.pgm,42,216,306,24,23,24,0.2347,24.0,0.2347,414,1.000,1.000,3,1,0.3065,0.3095,0.4356,NO
capture_0035.pgm,43,925,342,23,23,23,0.2249,23.0,0.2249,391,1.000,1.000,3,8,0.2366,0.2491,0.3435,NO
capture_0035.pgm,44,724,343,23,23,23,0.2249,23.0,0.2249,384,1.000,1.000,3,6,0.2718,0.2575,0.3744,NO
capture_0035.pgm,45,1130,344,22,22,22,0.2152,22.0,0.2152,353,1.000,1.000,3,10,0.2404,0.2700,0.3615,NO
capture_0035.pgm,46,313,346,24,23,24,0.2347,24.0,0.2347,407,1.000,1.000,3,2,0.2543,0.2841,0.3813,NO
capture_0035.pgm,47,516,345,24,23,24,0.2347,24.0,0.2347,407,1.000,1.000,3,4,0.2386,0.2757,0.3646,NO
capture_0035.pgm,48,108,349,24,24,24,0.2347,24.0,0.2347,438,1.000,1.000,3,0,0.2505,0.3121,0.4002,NO
capture_0035.pgm,49,213,386,21,21,21,0.2054,21.0,0.2054,317,1.000,1.000,4,1,0.2766,0.2410,0.3668,NO
capture_0035.pgm,50,824,386,21,22,22,0.2152,22.0,0.2152,338,1.000,1.000,4,7,0.2490,0.2452,0.3494,NO
capture_0035.pgm,51,1028,387,23,23,23,0.2249,23.0,0.2249,390,1.000,1.000,4,9,0.2431,0.2563,0.3532,NO
capture_0035.pgm,52,1230,387,24,22,24,0.2347,24.0,0.2347,397,1.000,1.000,4,11,0.2176,0.2577,0.3373,NO
capture_0035.pgm,53,618,389,23,22,23,0.2249,23.0,0.2249,375,1.000,1.000,4,5,0.2354,0.2731,0.3605,NO
capture_0035.pgm,54,416,393,23,23,23,0.2249,23.0,0.2249,391,1.000,1.000,4,3,0.2608,0.3109,0.4058,NO
capture_0035.pgm,55,108,429,24,22,24,0.2347,24.0,0.2347,390,1.000,1.000,4,0,0.2499,0.2436,0.3490,NO
capture_0035.pgm,56,718,430,23,23,23,0.2249,23.0,0.2249,398,1.000,1.000,4,6,0.2126,0.2575,0.3339,NO
capture_0035.pgm,57,515,431,24,23,24,0.2347,24.0,0.2347,414,1.000,1.000,4,4,0.2283,0.2659,0.3504,NO
capture_0035.pgm,58,1131,431,24,24,24,0.2347,24.0,0.2347,423,1.000,1.000,4,10,0.2496,0.2700,0.3677,NO
capture_0035.pgm,59,928,431,23,23,23,0.2249,23.0,0.2249,398,1.000,1.000,4,8,0.2653,0.2687,0.3776,NO
capture_0035.pgm,60,311,435,23,25,25,0.2445,25.0,0.2445,441,1.000,1.000,4,2,0.2342,0.3037,0.3835,NO
capture_0035.pgm,61,413,471,23,23,23,0.2249,23.0,0.2249,384,1.000,1.000,5,3,0.2309,0.2228,0.3209,NO
capture_0035.pgm,62,1230,474,22,22,22,0.2152,22.0,0.2152,360,1.000,1.000,5,11,0.2170,0.2577,0.3369,NO
capture_0035.pgm,63,209,475,23,22,23,0.2249,23.0,0.2249,368,1.000,1.000,5,1,0.2369,0.2606,0.3521,NO
capture_0035.pgm,64,620,475,22,22,22,0.2152,22.0,0.2152,360,1.000,1.000,5,5,0.2543,0.2633,0.3661,NO
capture_0035.pgm,65,1033,475,22,22,22,0.2152,22.0,0.2152,360,1.000,1.000,5,9,0.2914,0.2661,0.3946,NO
capture_0035.pgm,66,827,477,23,22,23,0.2249,23.0,0.2249,382,1.000,1.000,5,7,0.2778,0.2843,0.3974,NO
capture_0035.pgm,67,516,514,22,22,22,0.2152,22.0,0.2152,353,1.000,1.000,5,4,0.2375,0.2268,0.3284,NO
capture_0035.pgm,68,925,516,22,22,22,0.2152,22.0,0.2152,346,1.000,1.000,5,8,0.2354,0.2491,0.3427,NO
capture_0035.pgm,69,1128,517,23,22,23,0.2249,23.0,0.2249,382,1.000,1.000,5,10,0.2197,0.2603,0.3406,NO
capture_0035.pgm,70,312,520,24,25,25,0.2445,25.0,0.2445,442,1.000,1.000,5,2,0.2434,0.2841,0.3741,NO
capture_0035.pgm,71,719,519,22,22,22,0.2152,22.0,0.2152,353,1.000,1.000,5,6,0.2218,0.2771,0.3549,NO
capture_0035.pgm,72,107,520,23,22,23,0.2249,23.0,0.2249,375,1.000,1.000,5,0,0.2395,0.2827,0.3705,NO
capture_0035.pgm,73,1232,560,23,22,23,0.2249,23.0,0.2249,368,1.000,1.000,6,11,0.2360,0.2479,0.3423,NO
capture_0035.pgm,74,822,562,23,23,23,0.2249,23.0,0.2249,391,1.000,1.000,6,7,0.2283,0.2647,0.3495,NO
capture_0035.pgm,75,1032,562,23,22,23,0.2249,23.0,0.2249,375,1.000,1.000,6,9,0.2810,0.2661,0.3870,NO
capture_0035.pgm,76,211,563,24,23,24,0.2347,24.0,0.2347,411,1.000,1.000,6,1,0.2558,0.2704,0.3722,NO
capture_0035.pgm,77,621,564,23,24,24,0.2347,24.0,0.2347,404,1.000,1.000,6,5,0.2635,0.2829,0.3866,NO
capture_0035.pgm,78,414,565,24,22,24,0.2347,24.0,0.2347,390,1.000,1.000,6,3,0.2401,0.2913,0.3775,NO
capture_0035.pgm,79,1129,606,23,25,25,0.2445,25.0,0.2445,422,1.000,1.000,6,10,0.2289,0.2798,0.3615,NO
capture_0035.pgm,80,516,606,24,24,24,0.2347,24.0,0.2347,424,1.000,1.000,6,4,0.2369,0.2757,0.3635,NO
capture_0035.pgm,81,924,605,21,22,22,0.2152,22.0,0.2152,338,1.000,1.000,6,8,0.2250,0.2687,0.3504,NO
capture_0035.pgm,82,722,606,22,22,22,0.2152,22.0,0.2152,360,1.000,1.000,6,6,0.2505,0.2771,0.3735,NO
capture_0035.pgm,83,112,608,23,23,23,0.2249,23.0,0.2249,391,1.000,1.000,6,0,0.2878,0.2925,0.4104,NO
capture_0035.pgm,84,312,610,24,24,24,0.2347,24.0,0.2347,427,1.000,1.000,6,2,0.2428,0.3134,0.3965,NO
capture_0035.pgm,85,1029,646,24,23,24,0.2347,24.0,0.2347,421,1.000,1.000,7,9,0.2511,0.2368,0.3451,NO
capture_0035.pgm,86,1228,646,22,22,22,0.2152,22.0,0.2152,346,1.000,1.000,7,11,0.1963,0.2381,0.3086,NO
capture_0035.pgm,87,210,648,23,22,23,0.2249,23.0,0.2249,368,1.000,1.000,7,1,0.2455,0.2508,0.3509,NO
capture_0035.pgm,88,821,649,23,23,23,0.2249,23.0,0.2249,383,1.000,1.000,7,7,0.2179,0.2647,0.3429,NO
capture_0035.pgm,89,413,652,23,22,23,0.2249,23.0,0.2249,375,1.000,1.000,7,3,0.2298,0.2913,0.3710,NO
capture_0035.pgm,90,620,654,22,21,22,0.2152,22.0,0.2152,338,1.000,1.000,7,5,0.2532,0.3122,0.4020,NO
capture_0035.pgm,91,925,689,23,23,23,0.2249,23.0,0.2249,391,1.000,1.000,7,8,0.2342,0.2393,0.3349,NO
capture_0035.pgm,92,1130,690,23,22,23,0.2249,23.0,0.2249,375,1.000,1.000,7,10,0.2381,0.2505,0.3456,NO
capture_0035.pgm,93,104,692,24,23,24,0.2347,24.0,0.2347,414,1.000,1.000,7,0,0.2090,0.2632,0.3361,NO
capture_0035.pgm,94,518,694,24,26,26,0.2543,26.0,0.2543,465,1.000,1.000,7,4,0.2558,0.2855,0.3833,NO
capture_0035.pgm,95,314,695,24,25,25,0.2445,25.0,0.2445,428,1.000,1.000,7,2,0.2618,0.2939,0.3936,NO
capture_0035.pgm,96,726,696,24,24,24,0.2347,24.0,0.2347,430,1.000,1.000,7,6,0.2890,0.3064,0.4212,NO
capture_0035.pgm,97,618,737,22,23,23,0.2249,23.0,0.2249,375,1.000,1.000,8,5,0.2330,0.2731,0.3590,NO
capture_0035.pgm,98,824,736,21,21,21,0.2054,21.0,0.2054,317,1.000,1.000,8,7,0.2467,0.2647,0.3618,NO
capture_0035.pgm,99,1035,736,23,22,23,0.2249,23.0,0.2249,375,1.000,1.000,8,9,0.3092,0.2661,0.4079,NO
capture_0035.pgm,100,1232,736,22,22,22,0.2152,22.0,0.2152,353,1.000,1.000,8,11,0.2348,0.2675,0.3559,NO
capture_0035.pgm,101,418,739,23,23,23,0.2249,23.0,0.2249,391,1.000,1.000,8,3,0.2781,0.2913,0.4027,NO
capture_0035.pgm,102,210,740,24,24,24,0.2347,24.0,0.2347,437,1.000,1.000,8,1,0.2449,0.2997,0.3870,NO
capture_0035.pgm,103,927,776,21,22,22,0.2152,22.0,0.2152,338,1.000,1.000,8,8,0.2532,0.2393,0.3484,NO
capture_0035.pgm,104,516,778,23,24,24,0.2347,24.0,0.2347,407,1.000,1.000,8,4,0.2357,0.2561,0.3481,NO
capture_0035.pgm,105,1130,780,24,25,25,0.2445,25.0,0.2445,442,1.000,1.000,8,10,0.2375,0.2798,0.3670,NO
capture_0035.pgm,106,106,780,23,22,23,0.2249,23.0,0.2249,368,1.000,1.000,8,0,0.2280,0.2729,0.3556,NO
capture_0035.pgm,107,724,782,22,23,23,0.2249,23.0,0.2249,375,1.000,1.000,8,6,0.2689,0.2966,0.4004,NO
capture_0035.pgm,108,314,783,22,23,23,0.2249,23.0,0.2249,375,1.000,1.000,8,2,0.2612,0.3037,0.4005,NO
capture_0035.pgm,109,1027,819,21,21,21,0.2054,21.0,0.2054,317,1.000,1.000,9,9,0.2304,0.2270,0.3234,NO
capture_0035.pgm,110,210,821,22,23,23,0.2249,23.0,0.2249,375,1.000,1.000,9,1,0.2443,0.2410,0.3432,NO
capture_0035.pgm,111,417,823,24,23,24,0.2347,24.0,0.2347,404,1.000,1.000,9,3,0.2677,0.2620,0.3746,NO
capture_0035.pgm,112,617,823,22,24,24,0.2347,24.0,0.2347,390,1.000,1.000,9,5,0.2227,0.2633,0.3449,NO
capture_0035.pgm,113,1233,822,23,22,23,0.2249,23.0,0.2249,382,1.000,1.000,9,11,0.2440,0.2577,0.3549,NO
capture_0035.pgm,114,819,826,23,22,23,0.2249,23.0,0.2249,375,1.000,1.000,9,7,0.1972,0.2941,0.3540,NO
capture_0035.pgm,115,1129,865,24,23,24,0.2347,24.0,0.2347,411,1.000,1.000,9,10,0.2271,0.2603,0.3454,NO
capture_0035.pgm,116,109,866,23,22,23,0.2249,23.0,0.2249,382,1.000,1.000,9,0,0.2567,0.2632,0.3677,NO
capture_0035.pgm,117,313,867,22,23,23,0.2249,23.0,0.2249,368,1.000,1.000,9,2,0.2508,0.2743,0.3717,NO
capture_0035.pgm,118,520,869,23,25,25,0.2445,25.0,0.2445,427,1.000,1.000,9,4,0.2742,0.2953,0.4030,NO
capture_0035.pgm,119,925,867,23,22,23,0.2249,23.0,0.2249,375,1.000,1.000,9,8,0.2330,0.2784,0.3631,NO
capture_0035.pgm,120,719,868,25,23,25,0.2445,25.0,0.2445,429,1.000,1.000,9,6,0.2194,0.2869,0.3611,NO
capture_0035.pgm,121,210,907,23,23,23,0.2249,23.0,0.2249,391,1.000,1.000,10,1,0.2437,0.2313,0.3360,NO
capture_0035.pgm,122,1231,908,24,23,24,0.2347,24.0,0.2347,400,1.000,1.000,10,11,0.2239,0.2479,0.3340,NO
capture_0035.pgm,123,1034,909,23,24,24,0.2347,24.0,0.2347,414,1.000,1.000,10,9,0.2982,0.2563,0.3932,NO
capture_0035.pgm,124,618,909,22,22,22,0.2152,22.0,0.2152,353,1.000,1.000,10,5,0.2319,0.2536,0.3436,NO
capture_0035.pgm,125,823,912,25,24,25,0.2445,25.0,0.2445,437,1.000,1.000,10,7,0.2357,0.2843,0.3693,NO
capture_0035.pgm,126,415,916,23,24,24,0.2347,24.0,0.2347,406,1.000,1.000,10,3,0.2476,0.3206,0.4051,NO
capture_0035.pgm,127,929,950,25,23,25,0.2445,25.0,0.2445,412,1.000,1.000,10,8,0.2716,0.2393,0.3620,NO
capture_0035.pgm,128,1128,951,24,23,24,0.2347,24.0,0.2347,400,1.000,1.000,10,10,0.2168,0.2505,0.3312,NO
capture_0035.pgm,129,311,952,23,23,23,0.2249,23.0,0.2249,391,1.000,1.000,10,2,0.2307,0.2548,0.3437,NO
capture_0035.pgm,130,721,954,24,24,24,0.2347,24.0,0.2347,424,1.000,1.000,10,6,0.2384,0.2771,0.3655,NO
capture_0035.pgm,131,107,956,24,24,24,0.2347,24.0,0.2347,423,1.000,1.000,10,0,0.2366,0.2925,0.3762,NO
capture_0035.pgm,132,519,956,23,23,23,0.2249,23.0,0.2249,384,1.000,1.000,10,4,0.2639,0.2953,0.3960,NO
capture_0035.pgm,133,1030,990,23,24,24,0.2347,24.0,0.2347,407,1.000,1.000,11,9,0.2585,0.1976,0.3254,NO
capture_0035.pgm,134,417,996,22,23,23,0.2249,23.0,0.2249,368,1.000,1.000,11,3,0.2665,0.2522,0.3669,NO
capture_0035.pgm,135,615,997,24,23,24,0.2347,24.0,0.2347,404,1.000,1.000,11,5,0.2019,0.2633,0.3319,NO
capture_0035.pgm,136,824,998,23,24,24,0.2347,24.0,0.2347,411,1.000,1.000,11,7,0.2449,0.2745,0.3679,NO
capture_0035.pgm,137,212,1001,24,24,24,0.2347,24.0,0.2347,428,1.000,1.000,11,1,0.2627,0.2997,0.3985,NO
capture_0035.pgm,138,1231,1001,24,24,24,0.2347,24.0,0.2347,427,1.000,1.000,11,11,0.2233,0.3066,0.3793,NO
capture_0035.pgm,SUMMARY,,,,,,,,,,,,,,,,,
capture_0035.pgm,Count,138,,,,,,,,,,,,,,,
capture_0035.pgm,Missed,0,,,,,,,,,,,,,,,
capture_0035.pgm,Mean,,,,,,,,0.2281,,,,,,,,
capture_0035.pgm,Median,,,,,,,,0.2249,,,,,,,,
capture_0035.pgm,StdDev,,,,,,,,0.0105,,,,,,,,
capture_0035.pgm,Min,,,,,,,,0.2054,,,,,,,,
capture_0035.pgm,Max,,,,,,,,0.2641,,,,,,,,
capture_0036.pgm,1,414,23,24,25,25,0.2445,25.0,0.2445,448,1.000,1.000,0,3,0.2436,0.0957,0.2618,NO
capture_0036.pgm,2,618,22,21,23,23,0.2249,23.0,0.2249,359,1.000,1.000,0,5,0.2377,0.0873,0.2532,NO
capture_0036.pgm,3,1024,22,23,24,24,0.2347,24.0,0.2347,404,1.000,1.000,0,9,0.2063,0.0900,0.2251,NO
capture_0036.pgm,4,1232,24,22,23,23,0.2249,23.0,0.2249,382,1.000,1.000,0,11,0.2395,0.1110,0.2640,NO
capture_0036.pgm,5,827,27,23,23,23,0.2249,23.0,0.2249,391,1.000,1.000,0,7,0.2807,0.1376,0.3126,NO
capture_0036.pgm,6,212,31,23,23,23,0.2249,23.0,0.2249,391,1.000,1.000,0,1,0.2691,0.1726,0.3197,NO
capture_0036.pgm,7,923,63,24,23,24,0.2347,24.0,0.2347,400,1.000,1.000,0,8,0.2187,0.0731,0.2306,NO
capture_0036.pgm,8,1127,64,22,21,22,0.2152,22.0,0.2152,338,1.000,1.000,0,10,0.2128,0.0842,0.2289,NO
capture_0036.pgm,9,105,66,24,24,24,0.2347,24.0,0.2347,416,1.000,1.000,0,0,0.2229,0.0969,0.2430,NO
capture_0036.pgm,10,310,67,23,23,23,0.2249,23.0,0.2249,391,1.000,1.000,0,2,0.2267,0.1081,0.2512,NO
capture_0036.pgm,11,518,68,22,23,23,0.2249,23.0,0.2249,368,1.000,1.000,0,4,0.2599,0.1192,0.2860,NO
capture_0036.pgm,12,721,69,23,23,23,0.2249,23.0,0.2249,391,1.000,1.000,0,6,0.2442,0.1304,0.2768,NO
capture_0036.pgm,13,824,106,22,24,24,0.2347,24.0,0.2347,390,1.000,1.000,1,7,0.2508,0.0593,0.2577,NO
capture_0036.pgm,14,414,109,21,21,21,0.2054,21.0,0.2054,317,1.000,1.000,1,3,0.2430,0.0859,0.2578,NO
capture_0036.pgm,15,615,111,23,23,23,0.2249,23.0,0.2249,391,1.000,1.000,1,5,0.2078,0.1069,0.2336,NO
capture_0036.pgm,16,1232,110,22,22,22,0.2152,22.0,0.2152,353,1.000,1.000,1,11,0.2389,0.1012,0.2595,NO
capture_0036.pgm,17,209,111,22,22,22,0.2152,22.0,0.2152,353,1.000,1.000,1,1,0.2392,0.1041,0.2609,NO
capture_0036.pgm,18,1032,112,24,23,24,0.2347,24.0,0.2347,407,1.000,1.000,1,9,0.2839,0.1194,0.3080,NO
capture_0036.pgm,19,719,151,23,22,23,0.2249,23.0,0.2249,382,1.000,1.000,1,6,0.2241,0.0815,0.2384,NO
capture_0036.pgm,20,923,152,25,23,25,0.2445,25.0,0.2445,416,1.000,1.000,1,8,0.2182,0.0926,0.2370,NO
capture_0036.pgm,21,1126,152,23,22,23,0.2249,23.0,0.2249,375,1.000,1.000,1,10,0.2025,0.0940,0.2232,NO
capture_0036.pgm,22,108,156,23,26,26,0.2543,26.0,0.2543,457,1.000,1.000,1,0,0.2516,0.1262,0.2815,NO
capture_0036.pgm,23,310,156,23,23,23,0.2249,23.0,0.2249,385,1.000,1.000,1,2,0.2262,0.1276,0.2597,NO
capture_0036.pgm,24,513,155,24,23,24,0.2347,24.0,0.2347,403,1.000,1.000,1,4,0.2105,0.1192,0.2419,NO
capture_0036.pgm,25,618,196,23,24,24,0.2347,24.0,0.2347,408,1.000,1.000,2,5,0.2365,0.0873,0.2521,NO
capture_0036.pgm,26,420,197,22,23,23,0.2249,23.0,0.2249,368,1.000,1.000,2,3,0.3011,0.0957,0.3160,NO
capture_0036.pgm,27,830,199,24,23,24,0.2347,24.0,0.2347,395,1.000,1.000,2,7,0.3088,0.1180,0.3306,NO
capture_0036.pgm,28,1027,198,22,21,22,0.2152,22.0,0.2152,338,1.000,1.000,2,9,0.2345,0.1096,0.2588,NO
capture_0036.pgm,29,210,201,24,23,24,0.2347,24.0,0.2347,418,1.000,1.000,2,1,0.2484,0.1334,0.2820,NO
capture_0036.pgm,30,1231,202,23,24,24,0.2347,24.0,0.2347,407,1.000,1.000,2,11,0.2285,0.1501,0.2734,NO
capture_0036.pgm,31,1129,237,21,22,22,0.2152,22.0,0.2152,338,1.000,1.000,2,10,0.2312,0.0744,0.2429,NO
capture_0036.pgm,32,105,240,24,23,24,0.2347,24.0,0.2347,403,1.000,1.000,2,0,0.2217,0.0969,0.2420,NO
capture_0036.pgm,33,311,240,22,23,23,0.2249,23.0,0.2249,375,1.000,1.000,2,2,0.2354,0.0983,0.2551,NO
capture_0036.pgm,34,721,242,23,24,24,0.2347,24.0,0.2347,414,1.000,1.000,2,6,0.2431,0.1206,0.2713,NO
capture_0036.pgm,35,518,242,22,22,22,0.2152,22.0,0.2152,353,1.000,1.000,2,4,0.2588,0.1192,0.2849,NO
capture_0036.pgm,36,921,244,24,25,25,0.2445,25.0,0.2445,442,1.000,1.000,2,8,0.1980,0.1415,0.2434,NO
capture_0036.pgm,37,616,281,23,26,26,0.2543,26.0,0.2543,445,1.000,1.000,3,5,0.2164,0.0677,0.2267,NO
capture_0036.pgm,38,407,283,23,25,25,0.2445,25.0,0.2445,419,1.000,1.000,3,3,0.1734,0.0859,0.1935,NO
capture_0036.pgm,39,1029,288,21,21,21,0.2054,21.0,0.2054,317,1.000,1.000,3,9,0.2534,0.1389,0.2890,NO
capture_0036.pgm,40,1233,289,22,23,23,0.2249,23.0,0.2249,368,1.000,1.000,3,11,0.2475,0.1501,0.2895,NO
capture_0036.pgm,41,209,289,24,23,24,0.2347,24.0,0.2347,406,1.000,1.000,3,1,0.2380,0.1432,0.2778,NO
capture_0036.pgm,42,107,326,25,24,25,0.2445,25.0,0.2445,445,1.000,1.000,3,0,0.2407,0.0871,0.2560,NO
capture_0036.pgm,43,517,327,22,24,24,0.2347,24.0,0.2347,397,1.000,1.000,3,4,0.2484,0.0997,0.2676,NO
capture_0036.pgm,44,311,327,23,22,23,0.2249,23.0,0.2249,368,1.000,1.000,3,2,0.2348,0.0983,0.2545,NO
capture_0036.pgm,45,720,327,23,23,23,0.2249,23.0,0.2249,384,1.000,1.000,3,6,0.2327,0.1010,0.2537,NO
capture_0036.pgm,46,922,327,23,22,23,0.2249,23.0,0.2249,375,1.000,1.000,3,8,0.2072,0.1024,0.2311,NO
capture_0036.pgm,47,1134,330,23,24,24,0.2347,24.0,0.2347,407,1.000,1.000,3,10,0.2795,0.1331,0.3096,NO
capture_0036.pgm,48,619,369,23,23,23,0.2249,23.0,0.2249,388,1.000,1.000,4,5,0.2451,0.0775,0.2571,NO
capture_0036.pgm,49,1232,370,23,23,23,0.2249,23.0,0.2249,384,1.000,1.000,4,11,0.2371,0.0914,0.2542,NO
capture_0036.pgm,50,412,371,22,22,22,0.2152,22.0,0.2152,353,1.000,1.000,4,3,0.2217,0.0957,0.2415,NO
capture_0036.pgm,51,208,372,23,22,23,0.2249,23.0,0.2249,375,1.000,1.000,4,1,0.2277,0.1041,0.2503,NO
capture_0036.pgm,52,1029,374,24,24,24,0.2347,24.0,0.2347,421,1.000,1.000,4,9,0.2529,0.1292,0.2839,NO
capture_0036.pgm,53,831,375,22,23,23,0.2249,23.0,0.2249,375,1.000,1.000,4,7,0.3175,0.1376,0.3460,NO
capture_0036.pgm,54,926,413,23,23,23,0.2249,23.0,0.2249,398,1.000,1.000,4,8,0.2457,0.0926,0.2626,NO
capture_0036.pgm,55,106,415,26,22,26,0.2543,26.0,0.2543,441,1.000,1.000,4,0,0.2303,0.1067,0.2538,NO
capture_0036.pgm,56,517,416,23,22,23,0.2249,23.0,0.2249,375,1.000,1.000,4,4,0.2478,0.1192,0.2750,NO
capture_0036.pgm,57,722,417,25,23,25,0.2445,25.0,0.2445,434,1.000,1.000,4,6,0.2517,0.1304,0.2834,NO
capture_0036.pgm,58,1130,417,25,23,25,0.2445,25.0,0.2445,418,1.000,1.000,4,10,0.2398,0.1331,0.2743,NO
capture_0036.pgm,59,310,418,23,23,23,0.2249,23.0,0.2249,391,1.000,1.000,4,2,0.2244,0.1374,0.2631,NO
capture_0036.pgm,60,620,455,21,21,21,0.2054,21.0,0.2054,317,1.000,1.000,5,5,0.2543,0.0677,0.2632,NO
capture_0036.pgm,61,1232,455,21,22,22,0.2152,22.0,0.2152,338,1.000,1.000,5,11,0.2366,0.0719,0.2472,NO
capture_0036.pgm,62,206,456,23,22,23,0.2249,23.0,0.2249,375,1.000,1.000,5,1,0.2075,0.0748,0.2206,NO
capture_0036.pgm,63,1026,457,24,23,24,0.2347,24.0,0.2347,400,1.000,1.000,5,9,0.2229,0.0900,0.2404,NO
capture_0036.pgm,64,12,462,24,23,24,0.2347,24.0,0.2347,414,1.000,1.000,5,-1,0.3112,0.1321,0.3381,NO
capture_0036.pgm,65,410,461,22,22,22,0.2152,22.0,0.2152,353,1.000,1.000,5,3,0.2016,0.1250,0.2372,NO
capture_0036.pgm,66,835,463,23,23,23,0.2249,23.0,0.2249,391,1.000,1.000,5,7,0.3560,0.1474,0.3853,NO
capture_0036.pgm,67,925,499,22,22,22,0.2152,22.0,0.2152,353,1.000,1.000,5,8,0.2354,0.0828,0.2495,NO
capture_0036.pgm,68,517,500,23,22,23,0.2249,23.0,0.2249,375,1.000,1.000,5,4,0.2472,0.0899,0.2631,NO
capture_0036.pgm,69,311,502,24,22,24,0.2347,24.0,0.2347,397,1.000,1.000,5,2,0.2336,0.1081,0.2574,NO
capture_0036.pgm,70,108,504,23,23,23,0.2249,23.0,0.2249,391,1.000,1.000,5,0,0.2493,0.1262,0.2794,NO
capture_0036.pgm,71,1133,504,23,24,24,0.2347,24.0,0.2347,418,1.000,1.000,5,10,0.2686,0.1331,0.2998,NO
capture_0036.pgm,72,724,509,24,23,24,0.2347,24.0,0.2347,414,1.000,1.000,5,6,0.2706,0.1793,0.3246,NO
capture_0036.pgm,73,1232,542,21,22,22,0.2152,22.0,0.2152,338,1.000,1.000,6,11,0.2360,0.0719,0.2467,NO
capture_0036.pgm,74,208,546,26,22,26,0.2543,26.0,0.2543,426,1.000,1.000,6,1,0.2265,0.1041,0.2493,NO
capture_0036.pgm,75,619,546,24,22,24,0.2347,24.0,0.2347,394,1.000,1.000,6,5,0.2440,0.1069,0.2664,NO
capture_0036.pgm,76,824,546,23,22,23,0.2249,23.0,0.2249,375,1.000,1.000,6,7,0.2478,0.1082,0.2704,NO
capture_0036.pgm,77,1028,547,23,24,24,0.2347,24.0,0.2347,414,1.000,1.000,6,9,0.2419,0.1194,0.2698,NO
capture_0036.pgm,78,412,548,26,23,26,0.2543,26.0,0.2543,442,1.000,1.000,6,3,0.2206,0.1250,0.2535,NO
capture_0036.pgm,79,925,585,22,22,22,0.2152,22.0,0.2152,360,1.000,1.000,6,8,0.2348,0.0731,0.2459,NO
capture_0036.pgm,80,517,587,22,23,23,0.2249,23.0,0.2249,368,1.000,1.000,6,4,0.2467,0.0899,0.2625,NO
capture_0036.pgm,81,108,588,23,22,23,0.2249,23.0,0.2249,382,1.000,1.000,6,0,0.2487,0.0969,0.2669,NO
capture_0036.pgm,82,314,589,23,23,23,0.2249,23.0,0.2249,398,1.000,1.000,6,2,0.2624,0.1081,0.2837,NO
capture_0036.pgm,83,721,589,23,24,24,0.2347,24.0,0.2347,399,1.000,1.000,6,6,0.2407,0.1108,0.2650,NO
capture_0036.pgm,84,1132,589,22,23,23,0.2249,23.0,0.2249,382,1.000,1.000,6,10,0.2582,0.1136,0.2821,NO
capture_0036.pgm,85,1030,626,25,22,25,0.2445,25.0,0.2445,409,1.000,1.000,7,9,0.2609,0.0412,0.2641,NO
capture_0036.pgm,86,209,631,24,25,25,0.2445,25.0,0.2445,445,1.000,1.000,7,1,0.2357,0.0846,0.2504,NO
capture_0036.pgm,87,1239,631,25,24,25,0.2445,25.0,0.2445,444,1.000,1.000,7,11,0.3039,0.0914,0.3173,NO
capture_0036.pgm,88,823,631,22,22,22,0.2152,22.0,0.2152,353,1.000,1.000,7,7,0.2375,0.0887,0.2535,NO
capture_0036.pgm,89,620,633,23,22,23,0.2249,23.0,0.2249,382,1.000,1.000,7,5,0.2532,0.1069,0.2748,NO
capture_0036.pgm,90,414,635,25,24,25,0.2445,25.0,0.2445,433,1.000,1.000,7,3,0.2395,0.1250,0.2702,NO
capture_0036.pgm,91,926,673,24,24,24,0.2347,24.0,0.2347,423,1.000,1.000,7,8,0.2440,0.0828,0.2577,NO
capture_0036.pgm,92,1130,673,23,22,23,0.2249,23.0,0.2249,375,1.000,1.000,7,10,0.2381,0.0842,0.2525,NO
capture_0036.pgm,93,108,674,23,22,23,0.2249,23.0,0.2249,375,1.000,1.000,7,0,0.2481,0.0871,0.2630,NO
capture_0036.pgm,94,518,675,23,23,23,0.2249,23.0,0.2249,391,1.000,1.000,7,4,0.2558,0.0997,0.2746,NO
capture_0036.pgm,95,720,676,24,24,24,0.2347,24.0,0.2347,435,1.000,1.000,7,6,0.2304,0.1108,0.2556,NO
capture_0036.pgm,96,311,679,23,26,26,0.2543,26.0,0.2543,452,1.000,1.000,7,2,0.2324,0.1374,0.2700,NO
capture_0036.pgm,97,1025,717,24,24,24,0.2347,24.0,0.2347,427,1.000,1.000,8,9,0.2114,0.0803,0.2261,NO
capture_0036.pgm,98,821,717,22,22,22,0.2152,22.0,0.2152,346,1.000,1.000,8,7,0.2173,0.0789,0.2312,NO
capture_0036.pgm,99,1231,718,22,22,22,0.2152,22.0,0.2152,346,1.000,1.000,8,11,0.2250,0.0914,0.2429,NO
capture_0036.pgm,100,211,721,23,23,23,0.2249,23.0,0.2249,391,1.000,1.000,8,1,0.2547,0.1139,0.2790,NO
capture_0036.pgm,101,413,721,22,22,22,0.2152,22.0,0.2152,353,1.000,1.000,8,3,0.2292,0.1153,0.2565,NO
capture_0036.pgm,102,620,724,22,22,22,0.2152,22.0,0.2152,360,1.000,1.000,8,5,0.2526,0.1460,0.2917,NO
capture_0036.pgm,103,1129,760,23,22,23,0.2249,23.0,0.2249,382,1.000,1.000,8,10,0.2277,0.0842,0.2428,NO
capture_0036.pgm,104,107,761,23,22,23,0.2249,23.0,0.2249,375,1.000,1.000,8,0,0.2378,0.0871,0.2532,NO
capture_0036.pgm,105,311,762,23,24,24,0.2347,24.0,0.2347,407,1.000,1.000,8,2,0.2318,0.0983,0.2518,NO
capture_0036.pgm,106,516,761,22,22,22,0.2152,22.0,0.2152,360,1.000,1.000,8,4,0.2357,0.0899,0.2523,NO
capture_0036.pgm,107,720,762,23,23,23,0.2249,23.0,0.2249,391,1.000,1.000,8,6,0.2298,0.1010,0.2510,NO
capture_0036.pgm,108,925,762,23,23,23,0.2249,23.0,0.2249,398,1.000,1.000,8,8,0.2336,0.1024,0.2551,NO
capture_0036.pgm,109,420,806,22,22,22,0.2152,22.0,0.2152,360,1.000,1.000,9,3,0.2970,0.0957,0.3121,NO
capture_0036.pgm,110,1239,807,24,23,24,0.2347,24.0,0.2347,421,1.000,1.000,9,11,0.3027,0.1110,0.3224,NO
capture_0036.pgm,111,1029,807,23,22,23,0.2249,23.0,0.2249,368,1.000,1.000,9,9,0.2499,0.1096,0.2729,NO
capture_0036.pgm,112,623,810,21,21,21,0.2054,21.0,0.2054,317,1.000,1.000,9,5,0.2813,0.1362,0.3126,NO
capture_0036.pgm,113,212,812,24,24,24,0.2347,24.0,0.2347,421,1.000,1.000,9,1,0.2639,0.1530,0.3050,NO
capture_0036.pgm,114,925,846,24,23,24,0.2347,24.0,0.2347,406,1.000,1.000,9,8,0.2330,0.0731,0.2442,NO
capture_0036.pgm,115,108,848,25,23,25,0.2445,25.0,0.2445,430,1.000,1.000,9,0,0.2470,0.0871,0.2619,NO
capture_0036.pgm,116,313,848,24,23,24,0.2347,24.0,0.2347,399,1.000,1.000,9,2,0.2508,0.0885,0.2660,NO
capture_0036.pgm,117,524,850,24,24,24,0.2347,24.0,0.2347,419,1.000,1.000,9,4,0.3134,0.1094,0.3319,NO
capture_0036.pgm,118,1132,850,25,23,25,0.2445,25.0,0.2445,419,1.000,1.000,9,10,0.2565,0.1136,0.2805,NO
capture_0036.pgm,119,720,852,24,23,24,0.2347,24.0,0.2347,400,1.000,1.000,9,6,0.2292,0.1304,0.2637,NO
capture_0036.pgm,120,208,891,23,22,23,0.2249,23.0,0.2249,382,1.000,1.000,10,1,0.2241,0.0748,0.2363,NO
capture_0036.pgm,121,415,892,22,23,23,0.2249,23.0,0.2249,375,1.000,1.000,10,3,0.2476,0.0859,0.2621,NO
capture_0036.pgm,122,1031,892,22,22,22,0.2152,22.0,0.2152,353,1.000,1.000,10,9,0.2689,0.0901,0.2836,NO
capture_0036.pgm,123,828,893,22,23,23,0.2249,23.0,0.2249,375,1.000,1.000,10,7,0.2846,0.0985,0.3012,NO
capture_0036.pgm,124,1230,896,24,22,24,0.2347,24.0,0.2347,397,1.000,1.000,10,11,0.2141,0.1305,0.2507,NO
capture_0036.pgm,125,617,898,23,24,24,0.2347,24.0,0.2347,421,1.000,1.000,10,5,0.2221,0.1460,0.2658,NO
capture_0036.pgm,126,522,935,24,23,24,0.2347,24.0,0.2347,421,1.000,1.000,10,4,0.2932,0.0899,0.3067,NO
capture_0036.pgm,127,720,934,23,22,23,0.2249,23.0,0.2249,375,1.000,1.000,10,6,0.2286,0.0815,0.2427,NO
capture_0036.pgm,128,928,935,23,23,23,0.2249,23.0,0.2249,405,1.000,1.000,10,8,0.2618,0.0926,0.2777,NO
capture_0036.pgm,129,108,936,24,23,24,0.2347,24.0,0.2347,421,1.000,1.000,10,0,0.2464,0.0969,0.2648,NO
capture_0036.pgm,130,1130,935,21,22,22,0.2152,22.0,0.2152,338,1.000,1.000,10,10,0.2363,0.0940,0.2543,NO
capture_0036.pgm,131,315,936,23,23,23,0.2249,23.0,0.2249,384,1.000,1.000,10,2,0.2698,0.0983,0.2871,NO
capture_0036.pgm,132,200,973,25,24,25,0.2445,25.0,0.2445,439,1.000,1.000,11,1,0.1453,0.0259,0.1476,NO
capture_0036.pgm,133,1022,977,22,22,22,0.2152,22.0,0.2152,353,1.000,1.000,11,9,0.1803,0.0705,0.1936,NO
capture_0036.pgm,134,404,978,24,22,24,0.2347,24.0,0.2347,397,1.000,1.000,11,3,0.1394,0.0761,0.1588,NO
capture_0036.pgm,135,815,978,22,23,23,0.2249,23.0,0.2249,375,1.000,1.000,11,7,0.1569,0.0789,0.1756,NO
capture_0036.pgm,136,606,982,23,23,23,0.2249,23.0,0.2249,391,1.000,1.000,11,5,0.1139,0.1166,0.1630,NO
capture_0036.pgm,137,1226,982,24,23,24,0.2347,24.0,0.2347,414,1.000,1.000,11,11,0.1744,0.1208,0.2121,NO
capture_0036.pgm,SUMMARY,,,,,,,,,,,,,,,,,
capture_0036.pgm,Count,137,,,,,,,,,,,,,,,
capture_0036.pgm,Missed,2,,,,,,,,,,,,,,,
capture_0036.pgm,Mean,,,,,,,,0.2289,,,,,,,,
capture_0036.pgm,Median,,,,,,,,0.2249,,,,,,,,
capture_0036.pgm,StdDev,,,,,,,,0.0107,,,,,,,,
capture_0036.pgm,Min,,,,,,,,0.2054,,,,,,,,
capture_0036.pgm,Max,,,,,,,,0.2543,,,,,,,,
capture_0037.pgm,1,548,19,22,23,23,0.2249,23.0,0.2249,365,1.000,1.000,0,5,-0.4469,0.0580,0.4506,NO
capture_0037.pgm,2,751,20,21,22,22,0.2152,22.0,0.2152,338,1.000,1.000,0,7,-0.4626,0.0691,0.4677,NO
capture_0037.pgm,3,342,22,23,24,24,0.2347,24.0,0.2347,406,1.000,1.000,0,3,-0.4605,0.0859,0.4685,NO
capture_0037.pgm,4,953,22,22,23,23,0.2249,23.0,0.2249,382,1.000,1.000,0,9,-0.4881,0.0900,0.4963,NO
capture_0037.pgm,5,1161,21,21,21,21,0.2054,21.0,0.2054,317,1.000,1.000,0,11,-0.4549,0.0816,0.4622,NO
capture_0037.pgm,6,146,24,27,24,27,0.2641,27.0,0.2641,474,1.000,1.000,0,1,-0.3764,0.1041,0.3905,NO
capture_0037.pgm,7,649,65,25,25,25,0.2445,25.0,0.2445,433,1.000,1.000,0,6,-0.4599,0.0912,0.4689,NO
capture_0037.pgm,8,852,66,23,23,23,0.2249,23.0,0.2249,383,1.000,1.000,0,8,-0.4756,0.1024,0.4865,NO
capture_0037.pgm,9,35,70,24,28,28,0.2738,28.0,0.2738,501,1.000,1.000,0,0,-0.4617,0.1360,0.4813,NO
capture_0037.pgm,10,446,68,22,23,23,0.2249,23.0,0.2249,368,1.000,1.000,0,4,-0.4442,0.1192,0.4599,NO
capture_0037.pgm,11,241,69,23,22,23,0.2249,23.0,0.2249,382,1.000,1.000,0,2,-0.4481,0.1276,0.4659,NO
capture_0037.pgm,12,1062,71,23,24,24,0.2347,24.0,0.2347,411,1.000,1.000,0,10,-0.4229,0.1527,0.4496,NO
capture_0037.pgm,13,547,109,22,23,23,0.2249,23.0,0.2249,368,1.000,1.000,1,5,-0.4573,0.0873,0.4655,NO
capture_0037.pgm,14,954,108,21,21,21,0.2054,21.0,0.2054,317,1.000,1.000,1,9,-0.4789,0.0803,0.4856,NO
capture_0037.pgm,15,754,109,22,21,22,0.2152,22.0,0.2152,338,1.000,1.000,1,7,-0.4338,0.0887,0.4428,NO
capture_0037.pgm,16,341,112,24,24,24,0.2347,24.0,0.2347,415,1.000,1.000,1,3,-0.4709,0.1153,0.4848,NO
capture_0037.pgm,17,140,115,23,22,23,0.2249,23.0,0.2249,368,1.000,1.000,1,1,-0.4356,0.1432,0.4586,NO
capture_0037.pgm,18,443,150,23,23,23,0.2249,23.0,0.2249,391,1.000,1.000,1,4,-0.4741,0.0703,0.4793,NO
capture_0037.pgm,19,647,149,23,22,23,0.2249,23.0,0.2249,368,1.000,1.000,1,6,-0.4801,0.0619,0.4840,NO
capture_0037.pgm,20,854,151,23,23,23,0.2249,23.0,0.2249,391,1.000,1.000,1,8,-0.4567,0.0828,0.4641,NO
capture_0037.pgm,21,1260,151,22,22,22,0.2152,22.0,0.2152,353,1.000,1.000,1,12,-0.4881,0.0856,0.4955,NO
capture_0037.pgm,22,248,154,23,21,23,0.2249,23.0,0.2249,359,1.000,1.000,1,2,-0.3802,0.1081,0.3953,NO
capture_0037.pgm,23,1060,156,22,24,24,0.2347,24.0,0.2347,390,1.000,1.000,1,10,-0.4430,0.1331,0.4626,NO
capture_0037.pgm,24,33,158,25,25,25,0.2445,25.0,0.2445,440,1.000,1.000,1,0,-0.4819,0.1458,0.5034,NO
capture_0037.pgm,25,139,196,24,22,24,0.2347,24.0,0.2347,397,1.000,1.000,2,1,-0.4460,0.0845,0.4539,NO
capture_0037.pgm,26,546,198,23,22,23,0.2249,23.0,0.2249,375,1.000,1.000,2,5,-0.4676,0.1069,0.4797,NO
capture_0037.pgm,27,752,202,25,22,25,0.2445,25.0,0.2445,419,1.000,1.000,2,7,-0.4540,0.1474,0.4773,NO
capture_0037.pgm,28,346,204,23,23,23,0.2249,23.0,0.2249,391,1.000,1.000,2,3,-0.4226,0.1642,0.4533,NO
capture_0037.pgm,29,851,235,23,24,24,0.2347,24.0,0.2347,411,1.000,1.000,2,8,-0.4866,0.0535,0.4895,NO
capture_0037.pgm,30,1260,236,23,22,23,0.2249,23.0,0.2249,375,1.000,1.000,2,12,-0.4886,0.0660,0.4931,NO
capture_0037.pgm,31,650,238,22,22,22,0.2152,22.0,0.2152,353,1.000,1.000,2,6,-0.4513,0.0815,0.4586,NO
capture_0037.pgm,32,35,241,23,22,23,0.2249,23.0,0.2249,375,1.000,1.000,2,0,-0.4629,0.1067,0.4750,NO
capture_0037.pgm,33,448,242,23,23,23,0.2249,23.0,0.2249,398,1.000,1.000,2,4,-0.4258,0.1192,0.4422,NO
capture_0037.pgm,34,1060,242,23,23,23,0.2249,23.0,0.2249,391,1.000,1.000,2,10,-0.4436,0.1233,0.4604,NO
capture_0037.pgm,35,241,244,23,22,23,0.2249,23.0,0.2249,375,1.000,1.000,2,2,-0.4492,0.1374,0.4698,NO
capture_0037.pgm,36,342,284,23,23,23,0.2249,23.0,0.2249,391,1.000,1.000,3,3,-0.4623,0.0957,0.4721,NO
capture_0037.pgm,37,550,283,23,22,23,0.2249,23.0,0.2249,375,1.000,1.000,3,5,-0.4291,0.0873,0.4379,NO
capture_0037.pgm,38,953,283,23,22,23,0.2249,23.0,0.2249,372,1.000,1.000,3,9,-0.4898,0.0900,0.4980,NO
capture_0037.pgm,39,1162,285,22,26,26,0.2543,26.0,0.2543,434,1.000,1.000,3,11,-0.4469,0.1110,0.4604,NO
capture_0037.pgm,40,143,285,23,23,23,0.2249,23.0,0.2249,384,1.000,1.000,3,1,-0.4075,0.1041,0.4205,NO
capture_0037.pgm,41,753,288,23,23,23,0.2249,23.0,0.2249,384,1.000,1.000,3,7,-0.4448,0.1376,0.4656,NO
capture_0037.pgm,42,854,323,21,22,22,0.2152,22.0,0.2152,338,1.000,1.000,3,8,-0.4578,0.0633,0.4622,NO
capture_0037.pgm,43,649,326,22,22,22,0.2152,22.0,0.2152,360,1.000,1.000,3,6,-0.4617,0.0913,0.4706,NO
capture_0037.pgm,44,1059,328,24,23,24,0.2347,24.0,0.2347,414,1.000,1.000,3,10,-0.4540,0.1136,0.4680,NO
capture_0037.pgm,45,37,329,25,22,25,0.2445,25.0,0.2445,407,1.000,1.000,3,0,-0.4439,0.1165,0.4589,NO
capture_0037.pgm,46,447,331,23,23,23,0.2249,23.0,0.2249,391,1.000,1.000,3,4,-0.4362,0.1388,0.4577,NO
capture_0037.pgm,47,250,333,24,24,24,0.2347,24.0,0.2347,428,1.000,1.000,3,2,-0.3618,0.1570,0.3944,NO
capture_0037.pgm,48,133,368,23,22,23,0.2249,23.0,0.2249,365,1.000,1.000,4,0,0.4944,-0.3530,0.6075,NO
capture_0037.pgm,49,551,368,23,22,23,0.2249,23.0,0.2249,382,1.000,1.000,4,5,-0.4199,0.0677,0.4253,NO
capture_0037.pgm,50,342,369,22,22,22,0.2152,22.0,0.2152,353,1.000,1.000,4,3,-0.4629,0.0761,0.4691,NO
capture_0037.pgm,51,749,369,22,21,22,0.2152,22.0,0.2152,338,1.000,1.000,4,7,-0.4845,0.0789,0.4909,NO
capture_0037.pgm,52,954,373,22,24,24,0.2347,24.0,0.2347,397,1.000,1.000,4,9,-0.4806,0.1194,0.4952,NO
capture_0037.pgm,53,1157,374,21,21,21,0.2054,21.0,0.2054,317,1.000,1.000,4,11,-0.4963,0.1305,0.5132,NO
capture_0037.pgm,54,651,412,24,23,24,0.2347,24.0,0.2347,414,1.000,1.000,4,6,-0.4427,0.0815,0.4501,NO
capture_0037.pgm,55,1059,411,22,22,22,0.2152,22.0,0.2152,353,1.000,1.000,4,10,-0.4546,0.0744,0.4606,NO
capture_0037.pgm,56,853,413,23,24,24,0.2347,24.0,0.2347,407,1.000,1.000,4,8,-0.4682,0.0926,0.4773,NO
capture_0037.pgm,57,1261,415,22,23,23,0.2249,23.0,0.2249,368,1.000,1.000,4,12,-0.4800,0.1149,0.4936,NO
capture_0037.pgm,58,34,416,26,24,26,0.2543,26.0,0.2543,453,1.000,1.000,4,0,-0.4738,0.1165,0.4879,NO
capture_0037.pgm,59,244,416,22,22,22,0.2152,22.0,0.2152,353,1.000,1.000,4,2,-0.4211,0.1178,0.4372,NO
capture_0037.pgm,60,441,420,22,23,23,0.2249,23.0,0.2249,375,1.000,1.000,4,4,-0.4955,0.1583,0.5201,NO
capture_0037.pgm,61,751,456,23,25,25,0.2445,25.0,0.2445,423,1.000,1.000,5,7,-0.4655,0.0789,0.4722,NO
capture_0037.pgm,62,141,459,23,26,26,0.2543,26.0,0.2543,447,1.000,1.000,5,1,-0.4282,0.1041,0.4407,NO
capture_0037.pgm,63,1160,458,23,24,24,0.2347,24.0,0.2347,411,1.000,1.000,5,11,-0.4676,0.1012,0.4784,NO
capture_0037.pgm,64,959,459,22,22,22,0.2152,22.0,0.2152,353,1.000,1.000,5,9,-0.4323,0.1096,0.4460,NO
capture_0037.pgm,65,345,461,22,25,25,0.2445,25.0,0.2445,419,1.000,1.000,5,3,-0.4341,0.1250,0.4518,NO
capture_0037.pgm,66,855,496,24,24,24,0.2347,24.0,0.2347,421,1.000,1.000,5,8,-0.4492,0.0535,0.4524,NO
capture_0037.pgm,67,1055,497,23,22,23,0.2249,23.0,0.2249,368,1.000,1.000,5,10,-0.4943,0.0647,0.4985,NO
capture_0037.pgm,68,645,502,25,23,25,0.2445,25.0,0.2445,421,1.000,1.000,6,5,0.4983,-0.3235,0.5940,NO
capture_0037.pgm,69,35,502,24,23,24,0.2347,24.0,0.2347,421,1.000,1.000,5,0,-0.4646,0.1067,0.4767,NO
capture_0037.pgm,70,448,503,23,23,23,0.2249,23.0,0.2249,395,1.000,1.000,5,4,-0.4276,0.1192,0.4439,NO
capture_0037.pgm,71,241,503,23,23,23,0.2249,23.0,0.2249,398,1.000,1.000,5,2,-0.4510,0.1178,0.4661,NO
capture_0037.pgm,72,345,545,23,23,23,0.2249,23.0,0.2249,384,1.000,1.000,6,3,-0.4347,0.0957,0.4451,NO
capture_0037.pgm,73,545,544,23,21,23,0.2249,23.0,0.2249,359,1.000,1.000,6,5,-0.4797,0.0873,0.4876,NO
capture_0037.pgm,74,959,545,23,22,23,0.2249,23.0,0.2249,375,1.000,1.000,6,9,-0.4329,0.0998,0.4443,NO
capture_0037.pgm,75,752,546,22,22,22,0.2152,22.0,0.2152,353,1.000,1.000,6,7,-0.4563,0.1082,0.4690,NO
capture_0037.pgm,76,138,549,24,22,24,0.2347,24.0,0.2347,397,1.000,1.000,6,1,-0.4581,0.1335,0.4772,NO
capture_0037.pgm,77,855,584,23,22,23,0.2249,23.0,0.2249,375,1.000,1.000,6,8,-0.4498,0.0633,0.4542,NO
capture_0037.pgm,78,1262,586,23,23,23,0.2249,23.0,0.2249,398,1.000,1.000,6,12,-0.4714,0.0856,0.4791,NO
capture_0037.pgm,79,648,588,24,22,24,0.2347,24.0,0.2347,387,1.000,1.000,6,6,-0.4732,0.1010,0.4839,NO
capture_0037.pgm,80,1055,589,22,22,22,0.2152,22.0,0.2152,360,1.000,1.000,6,10,-0.4948,0.1136,0.5077,NO
capture_0037.pgm,81,38,592,24,24,24,0.2347,24.0,0.2347,428,1.000,1.000,6,0,-0.4359,0.1360,0.4566,NO
capture_0037.pgm,82,444,591,23,22,23,0.2249,23.0,0.2249,382,1.000,1.000,6,4,-0.4673,0.1290,0.4848,NO
capture_0037.pgm,83,244,592,22,23,23,0.2249,23.0,0.2249,375,1.000,1.000,6,2,-0.4222,0.1374,0.4440,NO
capture_0037.pgm,84,750,630,22,23,23,0.2249,23.0,0.2249,368,1.000,1.000,7,7,-0.4765,0.0789,0.4830,NO
capture_0037.pgm,85,545,633,25,24,25,0.2445,25.0,0.2445,441,1.000,1.000,7,5,-0.4803,0.1069,0.4921,NO
capture_0037.pgm,86,136,633,24,22,24,0.2347,24.0,0.2347,397,1.000,1.000,7,1,-0.4783,0.1041,0.4895,NO
capture_0037.pgm,87,1168,634,24,24,24,0.2347,24.0,0.2347,431,1.000,1.000,7,11,-0.3905,0.1208,0.4088,NO
capture_0037.pgm,88,956,637,22,23,23,0.2249,23.0,0.2249,382,1.000,1.000,7,9,-0.4628,0.1487,0.4861,NO
capture_0037.pgm,89,346,640,22,22,22,0.2152,22.0,0.2152,360,1.000,1.000,7,3,-0.4255,0.1739,0.4597,NO
capture_0037.pgm,90,648,674,24,23,24,0.2347,24.0,0.2347,404,1.000,1.000,7,6,-0.4738,0.0913,0.4825,NO
capture_0037.pgm,91,855,674,22,23,23,0.2249,23.0,0.2249,368,1.000,1.000,7,8,-0.4504,0.0926,0.4598,NO
capture_0037.pgm,92,1054,676,24,22,24,0.2347,24.0,0.2347,404,1.000,1.000,8,9,0.4950,-0.3207,0.5898,NO
capture_0037.pgm,93,1265,677,25,24,25,0.2445,25.0,0.2445,447,1.000,1.000,7,12,-0.4427,0.1247,0.4599,NO
capture_0037.pgm,94,36,679,24,23,24,0.2347,24.0,0.2347,411,1.000,1.000,7,0,-0.4560,0.1360,0.4759,NO
capture_0037.pgm,95,245,680,23,23,23,0.2249,23.0,0.2249,384,1.000,1.000,7,2,-0.4130,0.1472,0.4385,NO
capture_0037.pgm,96,441,681,23,23,23,0.2249,23.0,0.2249,383,1.000,1.000,7,4,-0.4972,0.1583,0.5218,NO
capture_0037.pgm,97,753,718,21,22,22,0.2152,22.0,0.2152,338,1.000,1.000,8,7,-0.4477,0.0887,0.4564,NO
capture_0037.pgm,98,545,719,24,23,24,0.2347,24.0,0.2347,404,1.000,1.000,8,5,-0.4809,0.0971,0.4906,NO
capture_0037.pgm,99,1161,721,23,22,23,0.2249,23.0,0.2249,382,1.000,1.000,8,11,-0.4596,0.1208,0.4752,NO
capture_0037.pgm,100,962,722,22,23,23,0.2249,23.0,0.2249,375,1.000,1.000,8,9,-0.4047,0.1292,0.4249,NO
capture_0037.pgm,101,141,729,24,24,24,0.2347,24.0,0.2347,438,1.000,1.000,8,1,-0.4299,0.1921,0.4709,NO
capture_0037.pgm,102,348,730,23,25,25,0.2445,25.0,0.2445,430,1.000,1.000,8,3,-0.4065,0.2033,0.4545,NO
capture_0037.pgm,103,853,759,23,24,24,0.2347,24.0,0.2347,414,1.000,1.000,8,8,-0.4705,0.0731,0.4762,NO
capture_0037.pgm,104,445,760,22,23,23,0.2249,23.0,0.2249,368,1.000,1.000,8,4,-0.4587,0.0801,0.4656,NO
capture_0037.pgm,105,35,761,24,24,24,0.2347,24.0,0.2347,416,1.000,1.000,8,0,-0.4664,0.0871,0.4745,NO
capture_0037.pgm,106,651,760,22,23,23,0.2249,23.0,0.2249,375,1.000,1.000,8,6,-0.4450,0.0815,0.4524,NO
capture_0037.pgm,107,1259,762,24,24,24,0.2347,24.0,0.2347,423,1.000,1.000,9,11,0.4983,-0.3291,0.5972,NO
capture_0037.pgm,108,1056,763,24,23,24,0.2347,24.0,0.2347,406,1.000,1.000,8,10,-0.4862,0.1136,0.4993,NO
capture_0037.pgm,109,241,766,24,23,24,0.2347,24.0,0.2347,399,1.000,1.000,8,2,-0.4527,0.1374,0.4731,NO
capture_0037.pgm,110,552,807,24,23,24,0.2347,24.0,0.2347,399,1.000,1.000,9,5,-0.4130,0.1069,0.4266,NO
capture_0037.pgm,111,139,811,23,22,23,0.2249,23.0,0.2249,375,1.000,1.000,9,1,-0.4501,0.1432,0.4723,NO
capture_0037.pgm,112,961,813,24,24,24,0.2347,24.0,0.2347,430,1.000,1.000,9,9,-0.4151,0.1683,0.4479,NO
capture_0037.pgm,113,764,816,23,24,24,0.2347,24.0,0.2347,407,1.000,1.000,9,7,-0.3407,0.1963,0.3932,NO
capture_0037.pgm,114,1169,816,22,24,24,0.2347,24.0,0.2347,397,1.000,1.000,9,11,-0.3819,0.1990,0.4307,NO
capture_0037.pgm,115,352,817,22,22,22,0.2152,22.0,0.2152,353,1.000,1.000,9,3,-0.3680,0.2033,0.4204,NO
capture_0037.pgm,116,1262,846,24,23,24,0.2347,24.0,0.2347,421,1.000,1.000,9,12,-0.4732,0.0758,0.4792,NO
capture_0037.pgm,117,649,848,22,23,23,0.2249,23.0,0.2249,375,1.000,1.000,9,6,-0.4652,0.0913,0.4741,NO
capture_0037.pgm,118,861,849,23,23,23,0.2249,23.0,0.2249,405,1.000,1.000,9,8,-0.3929,0.1024,0.4060,NO
capture_0037.pgm,119,456,850,23,24,24,0.2347,24.0,0.2347,414,1.000,1.000,9,4,-0.3517,0.1094,0.3683,NO
capture_0037.pgm,120,1063,851,22,23,23,0.2249,23.0,0.2249,375,1.000,1.000,9,10,-0.4184,0.1233,0.4362,NO
capture_0037.pgm,121,32,851,24,22,24,0.2347,24.0,0.2347,394,1.000,1.000,9,0,-0.4963,0.1165,0.5098,NO
capture_0037.pgm,122,242,852,24,24,24,0.2347,24.0,0.2347,428,1.000,1.000,9,2,-0.4436,0.1276,0.4615,NO
capture_0037.pgm,123,551,888,23,23,23,0.2249,23.0,0.2249,398,1.000,1.000,10,5,-0.4234,0.0482,0.4261,NO
capture_0037.pgm,124,955,888,24,22,24,0.2347,24.0,0.2347,390,1.000,1.000,10,9,-0.4744,0.0509,0.4771,NO
capture_0037.pgm,125,140,889,22,22,22,0.2152,22.0,0.2152,360,1.000,1.000,10,1,-0.4409,0.0552,0.4443,NO
capture_0037.pgm,126,752,889,23,22,23,0.2249,23.0,0.2249,368,1.000,1.000,10,7,-0.4587,0.0593,0.4625,NO
capture_0037.pgm,127,1165,893,22,23,23,0.2249,23.0,0.2249,368,1.000,1.000,10,11,-0.4216,0.1012,0.4336,NO
capture_0037.pgm,128,345,893,22,22,22,0.2152,22.0,0.2152,360,1.000,1.000,10,3,-0.4370,0.0957,0.4474,NO
capture_0037.pgm,129,857,933,22,23,23,0.2249,23.0,0.2249,375,1.000,1.000,10,8,-0.4326,0.0731,0.4387,NO
capture_0037.pgm,130,1063,934,23,24,24,0.2347,24.0,0.2347,414,1.000,1.000,10,10,-0.4189,0.0842,0.4273,NO
capture_0037.pgm,131,37,937,23,23,23,0.2249,23.0,0.2249,398,1.000,1.000,10,0,-0.4480,0.1067,0.4605,NO
capture_0037.pgm,132,446,936,22,22,22,0.2152,22.0,0.2152,353,1.000,1.000,10,4,-0.4501,0.0997,0.4610,NO
capture_0037.pgm,133,649,938,23,24,24,0.2347,24.0,0.2347,403,1.000,1.000,10,6,-0.4658,0.1206,0.4811,NO
capture_0037.pgm,134,244,940,22,22,22,0.2152,22.0,0.2152,360,1.000,1.000,10,2,-0.4246,0.1374,0.4463,NO
capture_0037.pgm,135,129,972,24,23,24,0.2347,24.0,0.2347,407,1.000,1.000,11,0,0.4512,-0.4019,0.6042,NO
capture_0037.pgm,136,1153,976,24,23,24,0.2347,24.0,0.2347,398,1.000,1.000,11,10,0.4607,-0.3559,0.5821,NO
capture_0037.pgm,137,743,976,23,23,23,0.2249,23.0,0.2249,398,1.000,1.000,11,6,0.4530,-0.3586,0.5777,NO
capture_0037.pgm,138,949,978,23,24,24,0.2347,24.0,0.2347,404,1.000,1.000,11,8,0.4666,-0.3377,0.5760,NO
capture_0037.pgm,139,542,981,25,25,25,0.2445,25.0,0.2445,443,1.000,1.000,11,4,0.4882,-0.3111,0.5789,NO
capture_0037.pgm,140,338,984,23,23,23,0.2249,23.0,0.2249,405,1.000,1.000,11,2,0.4942,-0.2831,0.5695,NO
capture_0037.pgm,SUMMARY,,,,,,,,,,,,,,,,,
capture_0037.pgm,Count,140,,,,,,,,,,,,,,,
capture_0037.pgm,Missed,14,,,,,,,,,,,,,,,
capture_0037.pgm,Mean,,,,,,,,0.2289,,,,,,,,
capture_0037.pgm,Median,,,,,,,,0.2249,,,,,,,,
capture_0037.pgm,StdDev,,,,,,,,0.0106,,,,,,,,
capture_0037.pgm,Min,,,,,,,,0.2054,,,,,,,,
capture_0037.pgm,Max,,,,,,,,0.2738,,,,,,,,
capture_0038.pgm,1,951,37,22,26,26,0.2543,26.0,0.2543,431,1.000,1.000,0,8,0.4926,-0.1812,0.5249,NO
capture_0038.pgm,2,548,37,22,23,23,0.2249,23.0,0.2249,368,1.000,1.000,0,5,-0.4469,0.2340,0.5044,NO
capture_0038.pgm,3,1158,37,22,22,22,0.2152,22.0,0.2152,353,1.000,1.000,0,11,-0.4842,0.2381,0.5396,NO
capture_0038.pgm,4,138,40,23,23,23,0.2249,23.0,0.2249,398,1.000,1.000,0,1,-0.4546,0.2606,0.5240,NO
capture_0038.pgm,5,748,39,23,22,23,0.2249,23.0,0.2249,375,1.000,1.000,0,7,-0.4919,0.2549,0.5541,NO
capture_0038.pgm,6,344,49,23,23,23,0.2249,23.0,0.2249,391,1.000,1.000,0,3,-0.4410,0.3500,0.5630,NO
capture_0038.pgm,7,37,81,24,26,26,0.2543,26.0,0.2543,453,1.000,1.000,0,0,-0.4421,0.2436,0.5048,NO
capture_0038.pgm,8,1057,79,24,22,24,0.2347,24.0,0.2347,394,1.000,1.000,0,10,-0.4718,0.2309,0.5253,NO
capture_0038.pgm,9,855,80,21,21,21,0.2054,21.0,0.2054,317,1.000,1.000,0,8,-0.4463,0.2393,0.5064,NO
capture_0038.pgm,10,647,82,25,23,25,0.2445,25.0,0.2445,427,1.000,1.000,0,6,-0.4795,0.2575,0.5443,NO
capture_0038.pgm,11,238,82,22,22,22,0.2152,22.0,0.2152,360,1.000,1.000,0,2,-0.4774,0.2548,0.5411,NO
capture_0038.pgm,12,1263,84,24,23,24,0.2347,24.0,0.2347,404,1.000,1.000,0,12,-0.4581,0.2812,0.5376,NO
capture_0038.pgm,13,448,84,21,22,22,0.2152,22.0,0.2152,338,1.000,1.000,0,4,-0.4247,0.2757,0.5063,NO
capture_0038.pgm,14,956,124,22,23,23,0.2249,23.0,0.2249,372,1.000,1.000,1,9,-0.4593,0.2367,0.5168,NO
capture_0038.pgm,15,548,125,21,21,21,0.2054,21.0,0.2054,317,1.000,1.000,1,5,-0.4475,0.2438,0.5096,NO
capture_0038.pgm,16,750,126,23,24,24,0.2347,24.0,0.2347,399,1.000,1.000,1,7,-0.4730,0.2549,0.5373,NO
capture_0038.pgm,17,1161,125,21,22,22,0.2152,22.0,0.2152,338,1.000,1.000,1,11,-0.4555,0.2479,0.5186,NO
capture_0038.pgm,18,135,126,24,22,24,0.2347,24.0,0.2347,387,1.000,1.000,1,1,-0.4845,0.2508,0.5456,NO
capture_0038.pgm,19,343,127,23,22,23,0.2249,23.0,0.2249,382,1.000,1.000,1,3,-0.4513,0.2620,0.5218,NO
capture_0038.pgm,20,35,170,24,23,24,0.2347,24.0,0.2347,421,1.000,1.000,1,0,-0.4623,0.2632,0.5319,NO
capture_0038.pgm,21,853,169,22,22,22,0.2152,22.0,0.2152,353,1.000,1.000,1,8,-0.4664,0.2589,0.5335,NO
capture_0038.pgm,22,1062,171,21,23,23,0.2249,23.0,0.2249,359,1.000,1.000,1,10,-0.4235,0.2798,0.5076,NO
capture_0038.pgm,23,648,172,22,22,22,0.2152,22.0,0.2152,353,1.000,1.000,1,6,-0.4703,0.2868,0.5509,NO
capture_0038.pgm,24,446,173,21,21,21,0.2054,21.0,0.2054,317,1.000,1.000,1,4,-0.4448,0.2953,0.5339,NO
capture_0038.pgm,25,1263,173,21,21,21,0.2054,21.0,0.2054,317,1.000,1.000,1,12,-0.4587,0.3008,0.5485,NO
capture_0038.pgm,26,239,175,22,22,22,0.2152,22.0,0.2152,353,1.000,1.000,1,2,-0.4682,0.3134,0.5634,NO
capture_0038.pgm,27,953,208,24,23,24,0.2347,24.0,0.2347,392,1.000,1.000,2,9,-0.4893,0.2074,0.5314,NO
capture_0038.pgm,28,546,215,23,24,24,0.2347,24.0,0.2347,403,1.000,1.000,2,5,-0.4676,0.2731,0.5415,NO
capture_0038.pgm,29,1160,214,24,22,24,0.2347,24.0,0.2347,397,1.000,1.000,2,11,-0.4658,0.2675,0.5372,NO
capture_0038.pgm,30,751,216,25,22,25,0.2445,25.0,0.2445,409,1.000,1.000,2,7,-0.4638,0.2843,0.5440,NO
capture_0038.pgm,31,342,219,24,24,24,0.2347,24.0,0.2347,422,1.000,1.000,2,3,-0.4617,0.3109,0.5566,NO
capture_0038.pgm,32,139,221,24,23,24,0.2347,24.0,0.2347,414,1.000,1.000,2,1,-0.4460,0.3290,0.5542,NO
capture_0038.pgm,33,1060,253,22,22,22,0.2152,22.0,0.2152,353,1.000,1.000,2,10,-0.4436,0.2309,0.5001,NO
capture_0038.pgm,34,1262,254,24,23,24,0.2347,24.0,0.2347,407,1.000,1.000,2,12,-0.4691,0.2421,0.5279,NO
capture_0038.pgm,35,649,255,21,21,21,0.2054,21.0,0.2054,317,1.000,1.000,2,6,-0.4611,0.2477,0.5234,NO
capture_0038.pgm,36,854,255,23,22,23,0.2249,23.0,0.2249,375,1.000,1.000,2,8,-0.4572,0.2491,0.5207,NO
capture_0038.pgm,37,450,258,23,25,25,0.2445,25.0,0.2445,422,1.000,1.000,2,4,-0.4063,0.2757,0.4910,NO
capture_0038.pgm,38,41,260,23,23,23,0.2249,23.0,0.2249,398,1.000,1.000,2,0,-0.4042,0.2925,0.4989,NO
capture_0038.pgm,39,242,263,24,24,24,0.2347,24.0,0.2347,425,1.000,1.000,2,2,-0.4395,0.3232,0.5455,NO
capture_0038.pgm,40,1163,299,23,24,24,0.2347,24.0,0.2347,399,1.000,1.000,3,11,-0.4371,0.2479,0.5025,NO
capture_0038.pgm,41,343,300,22,23,23,0.2249,23.0,0.2249,375,1.000,1.000,3,3,-0.4525,0.2522,0.5180,NO
capture_0038.pgm,42,748,299,23,22,23,0.2249,23.0,0.2249,365,1.000,1.000,3,7,-0.4937,0.2452,0.5512,NO
capture_0038.pgm,43,139,302,23,25,25,0.2445,25.0,0.2445,421,1.000,1.000,3,1,-0.4466,0.2704,0.5220,NO
capture_0038.pgm,44,550,301,22,22,22,0.2152,22.0,0.2152,360,1.000,1.000,3,5,-0.4291,0.2633,0.5035,NO
capture_0038.pgm,45,957,302,22,22,22,0.2152,22.0,0.2152,353,1.000,1.000,3,9,-0.4507,0.2759,0.5284,NO
capture_0038.pgm,46,1264,342,22,22,22,0.2152,22.0,0.2152,353,1.000,1.000,3,12,-0.4501,0.2519,0.5158,NO
capture_0038.pgm,47,646,343,22,21,22,0.2152,22.0,0.2152,338,1.000,1.000,3,6,-0.4910,0.2575,0.5544,NO
capture_0038.pgm,48,35,345,24,23,24,0.2347,24.0,0.2347,404,1.000,1.000,3,0,-0.4635,0.2729,0.5379,NO
capture_0038.pgm,49,443,346,22,21,22,0.2152,22.0,0.2152,338,1.000,1.000,3,4,-0.4753,0.2855,0.5545,NO
capture_0038.pgm,50,853,346,21,22,22,0.2152,22.0,0.2152,338,1.000,1.000,3,8,-0.4676,0.2882,0.5493,NO
capture_0038.pgm,51,1061,346,23,22,23,0.2249,23.0,0.2249,382,1.000,1.000,3,10,-0.4344,0.2896,0.5221,NO
capture_0038.pgm,52,240,347,23,23,23,0.2249,23.0,0.2249,398,1.000,1.000,3,2,-0.4596,0.2939,0.5455,NO
capture_0038.pgm,53,747,386,22,21,22,0.2152,22.0,0.2152,338,1.000,1.000,4,6,0.4962,-0.1728,0.5254,NO
capture_0038.pgm,54,138,387,25,22,25,0.2445,25.0,0.2445,412,1.000,1.000,4,1,-0.4569,0.2508,0.5212,NO
capture_0038.pgm,55,342,388,22,22,22,0.2152,22.0,0.2152,346,1.000,1.000,4,3,-0.4629,0.2620,0.5319,NO
capture_0038.pgm,56,956,389,22,22,22,0.2152,22.0,0.2152,360,1.000,1.000,4,9,-0.4611,0.2759,0.5373,NO
capture_0038.pgm,57,549,394,22,22,22,0.2152,22.0,0.2152,360,1.000,1.000,4,5,-0.4395,0.3220,0.5448,NO
capture_0038.pgm,58,1163,395,24,24,24,0.2347,24.0,0.2347,423,1.000,1.000,4,11,-0.4377,0.3359,0.5517,NO
capture_0038.pgm,59,648,428,25,23,25,0.2445,25.0,0.2445,426,1.000,1.000,4,6,-0.4720,0.2379,0.5286,NO
capture_0038.pgm,60,1261,428,22,21,22,0.2152,22.0,0.2152,338,1.000,1.000,4,12,-0.4800,0.2421,0.5376,NO
capture_0038.pgm,61,239,429,23,21,23,0.2249,23.0,0.2249,359,1.000,1.000,4,2,-0.4700,0.2450,0.5300,NO
capture_0038.pgm,62,446,432,23,24,24,0.2347,24.0,0.2347,414,1.000,1.000,4,4,-0.4466,0.2757,0.5248,NO
capture_0038.pgm,63,854,431,21,21,21,0.2054,21.0,0.2054,317,1.000,1.000,4,8,-0.4584,0.2687,0.5313,NO
capture_0038.pgm,64,36,435,25,22,25,0.2445,25.0,0.2445,419,1.000,1.000,4,0,-0.4543,0.3023,0.5456,NO
capture_0038.pgm,65,1056,435,23,23,23,0.2249,23.0,0.2249,383,1.000,1.000,4,10,-0.4839,0.3092,0.5742,NO
capture_0038.pgm,66,138,473,25,24,25,0.2445,25.0,0.2445,445,1.000,1.000,5,1,-0.4575,0.2410,0.5171,NO
capture_0038.pgm,67,342,474,23,22,23,0.2249,23.0,0.2249,382,1.000,1.000,5,3,-0.4635,0.2522,0.5276,NO
capture_0038.pgm,68,749,475,22,22,22,0.2152,22.0,0.2152,353,1.000,1.000,5,7,-0.4851,0.2647,0.5526,NO
capture_0038.pgm,69,550,476,21,22,22,0.2152,22.0,0.2152,338,1.000,1.000,5,5,-0.4303,0.2731,0.5096,NO
capture_0038.pgm,70,958,478,23,23,23,0.2249,23.0,0.2249,398,1.000,1.000,5,9,-0.4421,0.2954,0.5317,NO
capture_0038.pgm,71,1159,478,23,21,23,0.2249,23.0,0.2249,359,1.000,1.000,5,11,-0.4774,0.2968,0.5621,NO
capture_0038.pgm,72,856,514,24,22,24,0.2347,24.0,0.2347,390,1.000,1.000,5,8,-0.4394,0.2295,0.4958,NO
capture_0038.pgm,73,1060,514,21,21,21,0.2054,21.0,0.2054,317,1.000,1.000,5,10,-0.4454,0.2309,0.5017,NO
capture_0038.pgm,74,650,515,22,22,22,0.2152,22.0,0.2152,353,1.000,1.000,5,6,-0.4531,0.2380,0.5118,NO
capture_0038.pgm,75,1262,516,24,23,24,0.2347,24.0,0.2347,414,1.000,1.000,5,12,-0.4708,0.2519,0.5340,NO
capture_0038.pgm,76,241,517,22,22,22,0.2152,22.0,0.2152,360,1.000,1.000,5,2,-0.4510,0.2548,0.5180,NO
capture_0038.pgm,77,35,521,24,23,24,0.2347,24.0,0.2347,421,1.000,1.000,5,0,-0.4646,0.2925,0.5490,NO
capture_0038.pgm,78,447,520,21,22,22,0.2152,22.0,0.2152,338,1.000,1.000,5,4,-0.4374,0.2855,0.5223,NO
capture_0038.pgm,79,1160,558,22,25,25,0.2445,25.0,0.2445,419,1.000,1.000,6,11,-0.4682,0.2283,0.5209,NO
capture_0038.pgm,80,139,560,23,23,23,0.2249,23.0,0.2249,391,1.000,1.000,6,1,-0.4483,0.2410,0.5090,NO
capture_0038.pgm,81,748,559,25,23,25,0.2445,25.0,0.2445,420,1.000,1.000,6,7,-0.4954,0.2354,0.5485,NO
capture_0038.pgm,82,951,561,23,23,23,0.2249,23.0,0.2249,391,1.000,1.000,6,8,0.4891,-0.1617,0.5151,NO
capture_0038.pgm,83,343,561,21,22,22,0.2152,22.0,0.2152,338,1.000,1.000,6,3,-0.4543,0.2522,0.5196,NO
capture_0038.pgm,84,550,564,23,23,23,0.2249,23.0,0.2249,391,1.000,1.000,6,5,-0.4308,0.2829,0.5154,NO
capture_0038.pgm,85,241,603,23,22,23,0.2249,23.0,0.2249,375,1.000,1.000,6,2,-0.4516,0.2450,0.5138,NO
capture_0038.pgm,86,650,604,24,24,24,0.2347,24.0,0.2347,431,1.000,1.000,6,6,-0.4537,0.2575,0.5216,NO
capture_0038.pgm,87,1260,605,24,24,24,0.2347,24.0,0.2347,440,1.000,1.000,6,12,-0.4910,0.2714,0.5610,NO
capture_0038.pgm,88,860,606,23,23,23,0.2249,23.0,0.2249,405,1.000,1.000,6,8,-0.4009,0.2784,0.4881,NO
capture_0038.pgm,89,446,606,22,22,22,0.2152,22.0,0.2152,353,1.000,1.000,6,4,-0.4477,0.2757,0.5258,NO
capture_0038.pgm,90,1061,608,23,23,23,0.2249,23.0,0.2249,391,1.000,1.000,6,10,-0.4362,0.2994,0.5290,NO
capture_0038.pgm,91,38,612,24,24,24,0.2347,24.0,0.2347,435,1.000,1.000,6,0,-0.4359,0.3316,0.5477,NO
capture_0038.pgm,92,1164,643,21,22,22,0.2152,22.0,0.2152,338,1.000,1.000,7,11,-0.4296,0.2088,0.4777,NO
capture_0038.pgm,93,548,647,22,22,22,0.2152,22.0,0.2152,353,1.000,1.000,7,5,-0.4510,0.2438,0.5127,NO
capture_0038.pgm,94,343,648,21,22,22,0.2152,22.0,0.2152,338,1.000,1.000,7,3,-0.4548,0.2522,0.5201,NO
capture_0038.pgm,95,954,650,23,23,23,0.2249,23.0,0.2249,391,1.000,1.000,7,9,-0.4824,0.2759,0.5557,NO
capture_0038.pgm,96,142,650,22,21,22,0.2152,22.0,0.2152,338,1.000,1.000,7,1,-0.4196,0.2704,0.4991,NO
capture_0038.pgm,97,753,652,24,23,24,0.2347,24.0,0.2347,411,1.000,1.000,7,7,-0.4471,0.2941,0.5352,NO
capture_0038.pgm,98,443,690,23,23,23,0.2249,23.0,0.2249,398,1.000,1.000,7,4,-0.4777,0.2464,0.5374,NO
capture_0038.pgm,99,652,691,22,23,23,0.2249,23.0,0.2249,375,1.000,1.000,7,6,-0.4347,0.2575,0.5052,NO
capture_0038.pgm,100,857,690,22,23,23,0.2249,23.0,0.2249,375,1.000,1.000,7,8,-0.4308,0.2491,0.4977,NO
capture_0038.pgm,101,1263,690,22,22,22,0.2152,22.0,0.2152,353,1.000,1.000,7,12,-0.4622,0.2519,0.5264,NO
capture_0038.pgm,102,242,691,23,23,23,0.2249,23.0,0.2249,398,1.000,1.000,7,2,-0.4424,0.2548,0.5105,NO
capture_0038.pgm,103,34,694,26,23,26,0.2543,26.0,0.2543,444,1.000,1.000,7,0,-0.4756,0.2827,0.5533,NO
capture_0038.pgm,104,1064,695,21,22,22,0.2152,22.0,0.2152,338,1.000,1.000,7,10,-0.4074,0.2994,0.5056,NO
capture_0038.pgm,105,1163,731,21,22,22,0.2152,22.0,0.2152,338,1.000,1.000,8,11,-0.4400,0.2186,0.4913,NO
capture_0038.pgm,106,551,735,22,22,22,0.2152,22.0,0.2152,353,1.000,1.000,8,5,-0.4222,0.2536,0.4925,NO
capture_0038.pgm,107,754,738,22,22,22,0.2152,22.0,0.2152,353,1.000,1.000,8,7,-0.4379,0.2843,0.5221,NO
capture_0038.pgm,108,958,739,24,24,24,0.2347,24.0,0.2347,428,1.000,1.000,8,9,-0.4439,0.2954,0.5332,NO
capture_0038.pgm,109,141,739,23,22,23,0.2249,23.0,0.2249,382,1.000,1.000,8,1,-0.4299,0.2899,0.5186,NO
capture_0038.pgm,110,343,742,23,24,24,0.2347,24.0,0.2347,414,1.000,1.000,8,3,-0.4554,0.3206,0.5570,NO
capture_0038.pgm,111,1061,774,23,24,24,0.2347,24.0,0.2347,404,1.000,1.000,8,10,-0.4373,0.2211,0.4901,NO
capture_0038.pgm,112,1263,775,22,22,22,0.2152,22.0,0.2152,353,1.000,1.000,8,12,-0.4628,0.2323,0.5178,NO
capture_0038.pgm,113,646,777,26,23,26,0.2543,26.0,0.2543,447,1.000,1.000,8,6,-0.4939,0.2477,0.5526,NO
capture_0038.pgm,114,240,778,23,22,23,0.2249,23.0,0.2249,375,1.000,1.000,8,2,-0.4625,0.2548,0.5281,NO
capture_0038.pgm,115,443,778,23,22,23,0.2249,23.0,0.2249,375,1.000,1.000,8,4,-0.4782,0.2561,0.5425,NO
capture_0038.pgm,116,859,779,23,23,23,0.2249,23.0,0.2249,391,1.000,1.000,8,8,-0.4118,0.2687,0.4917,NO
capture_0038.pgm,117,36,782,24,23,24,0.2347,24.0,0.2347,407,1.000,1.000,8,0,-0.4566,0.2925,0.5423,NO
capture_0038.pgm,118,752,820,23,24,24,0.2347,24.0,0.2347,406,1.000,1.000,9,7,-0.4581,0.2354,0.5150,NO
capture_0038.pgm,119,1162,820,22,22,22,0.2152,22.0,0.2152,360,1.000,1.000,9,11,-0.4504,0.2381,0.5094,NO
capture_0038.pgm,120,548,821,23,23,23,0.2249,23.0,0.2249,398,1.000,1.000,9,5,-0.4522,0.2438,0.5137,NO
capture_0038.pgm,121,954,827,23,23,23,0.2249,23.0,0.2249,395,1.000,1.000,9,9,-0.4836,0.3052,0.5718,NO
capture_0038.pgm,122,142,829,24,24,24,0.2347,24.0,0.2347,419,1.000,1.000,9,1,-0.4207,0.3193,0.5282,NO
capture_0038.pgm,123,341,829,22,23,23,0.2249,23.0,0.2249,368,1.000,1.000,9,3,-0.4756,0.3206,0.5736,NO
capture_0038.pgm,124,1263,863,23,25,25,0.2445,25.0,0.2445,426,1.000,1.000,9,12,-0.4634,0.2421,0.5228,NO
capture_0038.pgm,125,443,863,23,22,23,0.2249,23.0,0.2249,375,1.000,1.000,9,4,-0.4788,0.2366,0.5341,NO
capture_0038.pgm,126,1063,863,24,23,24,0.2347,24.0,0.2347,421,1.000,1.000,9,10,-0.4184,0.2407,0.4827,NO
capture_0038.pgm,127,860,868,22,22,22,0.2152,22.0,0.2152,360,1.000,1.000,9,8,-0.4027,0.2882,0.4952,NO
capture_0038.pgm,128,36,870,24,25,25,0.2445,25.0,0.2445,429,1.000,1.000,9,0,-0.4572,0.3023,0.5481,NO
capture_0038.pgm,129,651,870,23,24,24,0.2347,24.0,0.2347,421,1.000,1.000,9,6,-0.4456,0.3064,0.5408,NO
capture_0038.pgm,130,245,871,23,23,23,0.2249,23.0,0.2249,405,1.000,1.000,9,2,-0.4142,0.3134,0.5194,NO
capture_0038.pgm,131,139,906,24,24,24,0.2347,24.0,0.2347,421,1.000,1.000,10,1,-0.4507,0.2215,0.5021,NO
capture_0038.pgm,132,957,905,21,22,22,0.2152,22.0,0.2152,338,1.000,1.000,10,9,-0.4548,0.2172,0.5040,NO
capture_0038.pgm,133,547,909,23,23,23,0.2249,23.0,0.2249,395,1.000,1.000,10,5,-0.4625,0.2536,0.5275,NO
capture_0038.pgm,134,339,910,25,22,25,0.2445,25.0,0.2445,411,1.000,1.000,10,3,-0.4957,0.2620,0.5607,NO
capture_0038.pgm,135,1161,911,24,24,24,0.2347,24.0,0.2347,428,1.000,1.000,10,11,-0.4607,0.2772,0.5377,NO
capture_0038.pgm,136,756,918,24,24,24,0.2347,24.0,0.2347,420,1.000,1.000,10,7,-0.4195,0.3430,0.5419,NO
capture_0038.pgm,137,1263,949,24,24,24,0.2347,24.0,0.2347,420,1.000,1.000,10,12,-0.4640,0.2323,0.5189,NO
capture_0038.pgm,138,37,951,24,22,24,0.2347,24.0,0.2347,390,1.000,1.000,10,0,-0.4480,0.2436,0.5099,NO
capture_0038.pgm,139,442,951,24,22,24,0.2347,24.0,0.2347,387,1.000,1.000,10,4,-0.4892,0.2464,0.5477,NO
capture_0038.pgm,140,1060,952,23,23,23,0.2249,23.0,0.2249,391,1.000,1.000,10,10,-0.4483,0.2603,0.5184,NO
capture_0038.pgm,141,860,954,22,25,25,0.2445,25.0,0.2445,419,1.000,1.000,10,8,-0.4032,0.2784,0.4900,NO
capture_0038.pgm,142,244,954,22,23,23,0.2249,23.0,0.2249,368,1.000,1.000,10,2,-0.4246,0.2743,0.5055,NO
capture_0038.pgm,143,648,957,25,24,25,0.2445,25.0,0.2445,431,1.000,1.000,10,6,-0.4755,0.3064,0.5657,NO
capture_0038.pgm,144,1163,993,21,22,22,0.2152,22.0,0.2152,338,1.000,1.000,11,11,-0.4418,0.2283,0.4973,NO
capture_0038.pgm,145,139,995,23,22,23,0.2249,23.0,0.2249,375,1.000,1.000,11,1,-0.4513,0.2410,0.5116,NO
capture_0038.pgm,146,955,998,23,24,24,0.2347,24.0,0.2347,404,1.000,1.000,11,9,-0.4750,0.2759,0.5493,NO
capture_0038.pgm,147,750,999,23,24,24,0.2347,24.0,0.2347,403,1.000,1.000,11,7,-0.4788,0.2843,0.5568,NO
capture_0038.pgm,148,341,1001,23,25,25,0.2445,25.0,0.2445,429,1.000,1.000,11,3,-0.4767,0.3011,0.5639,NO
capture_0038.pgm,149,542,999,25,23,25,0.2445,25.0,0.2445,418,1.000,1.000,11,4,0.4882,-0.1351,0.5066,NO
capture_0038.pgm,SUMMARY,,,,,,,,,,,,,,,,,
capture_0038.pgm,Count,149,,,,,,,,,,,,,,,
capture_0038.pgm,Missed,3,,,,,,,,,,,,,,,
capture_0038.pgm,Mean,,,,,,,,0.2270,,,,,,,,
capture_0038.pgm,Median,,,,,,,,0.2249,,,,,,,,
capture_0038.pgm,StdDev,,,,,,,,0.0115,,,,,,,,
capture_0038.pgm,Min,,,,,,,,0.2054,,,,,,,,
capture_0038.pgm,Max,,,,,,,,0.2543,,,,,,,,
capture_0039.pgm,1,37,13,25,25,25,0.2445,25.0,0.2445,471,1.000,1.000,0,0,-0.4421,-0.4214,0.6108,NO
capture_0039.pgm,2,240,12,24,24,24,0.2347,24.0,0.2347,415,1.000,1.000,-1,2,-0.4573,0.4210,0.6216,NO
capture_0039.pgm,3,858,14,23,24,24,0.2347,24.0,0.2347,407,1.000,1.000,0,8,-0.4169,-0.4062,0.5821,NO
capture_0039.pgm,4,654,14,23,23,23,0.2249,23.0,0.2249,391,1.000,1.000,0,6,-0.4110,-0.4075,0.5788,NO
capture_0039.pgm,5,448,17,25,25,25,0.2445,25.0,0.2445,463,1.000,1.000,0,4,-0.4247,-0.3796,0.5696,NO
capture_0039.pgm,6,750,55,24,23,24,0.2347,24.0,0.2347,411,1.000,1.000,0,7,-0.4724,0.4114,0.6264,NO
capture_0039.pgm,7,956,54,22,22,22,0.2152,22.0,0.2152,353,1.000,1.000,0,9,-0.4587,0.4030,0.6106,NO
capture_0039.pgm,8,1155,54,24,23,24,0.2347,24.0,0.2347,421,1.000,1.000,0,10,0.4867,-0.0136,0.4869,NO
capture_0039.pgm,9,139,55,23,22,23,0.2249,23.0,0.2249,368,1.000,1.000,0,1,-0.4448,0.4073,0.6031,NO
capture_0039.pgm,10,545,55,23,23,23,0.2249,23.0,0.2249,398,1.000,1.000,0,5,-0.4762,0.4100,0.6284,NO
capture_0039.pgm,11,346,59,24,24,24,0.2347,24.0,0.2347,424,1.000,1.000,1,3,-0.4220,-0.4031,0.5836,NO
capture_0039.pgm,12,1054,96,24,23,24,0.2347,24.0,0.2347,421,1.000,1.000,1,9,0.4991,-0.0371,0.5005,NO
capture_0039.pgm,13,1261,97,22,23,23,0.2249,23.0,0.2249,368,1.000,1.000,0,12,-0.4777,0.4083,0.6284,NO
capture_0039.pgm,14,446,99,21,22,22,0.2152,22.0,0.2152,338,1.000,1.000,0,4,-0.4442,0.4224,0.6130,NO
capture_0039.pgm,15,854,99,22,22,22,0.2152,22.0,0.2152,353,1.000,1.000,0,8,-0.4561,0.4251,0.6235,NO
capture_0039.pgm,16,241,101,23,22,23,0.2249,23.0,0.2249,382,1.000,1.000,1,2,-0.4487,-0.4103,0.6080,NO
capture_0039.pgm,17,38,104,22,22,22,0.2152,22.0,0.2152,346,1.000,1.000,1,0,-0.4330,-0.3823,0.5776,NO
capture_0039.pgm,18,648,105,22,23,23,0.2249,23.0,0.2249,368,1.000,1.000,1,6,-0.4703,-0.3684,0.5974,NO
capture_0039.pgm,19,754,138,22,22,22,0.2152,22.0,0.2152,353,1.000,1.000,1,7,-0.4338,0.3723,0.5717,NO
capture_0039.pgm,20,959,138,23,22,23,0.2249,23.0,0.2249,375,1.000,1.000,1,9,-0.4300,0.3737,0.5697,NO
capture_0039.pgm,21,1158,143,23,22,23,0.2249,23.0,0.2249,368,1.000,1.000,1,11,-0.4848,0.4239,0.6440,NO
capture_0039.pgm,22,343,144,21,21,21,0.2054,21.0,0.2054,317,1.000,1.000,2,3,-0.4519,-0.4226,0.6187,NO
capture_0039.pgm,23,548,146,23,23,23,0.2249,23.0,0.2249,391,1.000,1.000,2,5,-0.4481,-0.4017,0.6018,NO
capture_0039.pgm,24,137,149,23,22,23,0.2249,23.0,0.2249,375,1.000,1.000,2,1,-0.4656,-0.3751,0.5979,NO
capture_0039.pgm,25,447,183,25,23,25,0.2445,25.0,0.2445,423,1.000,1.000,1,4,-0.4350,0.3931,0.5863,NO
capture_0039.pgm,26,35,186,23,23,23,0.2249,23.0,0.2249,391,1.000,1.000,1,0,-0.4623,0.4196,0.6244,NO
capture_0039.pgm,27,238,185,25,23,25,0.2445,25.0,0.2445,424,1.000,1.000,1,2,-0.4780,0.4112,0.6306,NO
capture_0039.pgm,28,647,186,23,23,23,0.2249,23.0,0.2249,398,1.000,1.000,1,6,-0.4801,0.4238,0.6403,NO
capture_0039.pgm,29,853,186,23,22,23,0.2249,23.0,0.2249,375,1.000,1.000,1,8,-0.4664,0.4251,0.6311,NO
capture_0039.pgm,30,1055,188,23,23,23,0.2249,23.0,0.2249,384,1.000,1.000,2,10,-0.4925,-0.4048,0.6375,NO
capture_0039.pgm,31,751,220,24,24,24,0.2347,24.0,0.2347,419,1.000,1.000,2,7,-0.4638,0.3234,0.5654,NO
capture_0039.pgm,32,547,230,23,23,23,0.2249,23.0,0.2249,391,1.000,1.000,2,5,-0.4578,0.4198,0.6212,NO
capture_0039.pgm,33,137,230,22,22,22,0.2152,22.0,0.2152,353,1.000,1.000,2,1,-0.4656,0.4171,0.6250,NO
capture_0039.pgm,34,341,232,23,22,23,0.2249,23.0,0.2249,368,1.000,1.000,3,3,-0.4721,-0.4129,0.6271,NO
capture_0039.pgm,35,961,233,25,23,25,0.2445,25.0,0.2445,434,1.000,1.000,3,9,-0.4116,-0.3989,0.5732,NO
capture_0039.pgm,36,1261,268,21,21,21,0.2054,21.0,0.2054,317,1.000,1.000,2,12,-0.4789,0.3790,0.6107,NO
capture_0039.pgm,37,449,272,23,23,23,0.2249,23.0,0.2249,377,1.000,1.000,2,4,-0.4160,0.4126,0.5860,NO
capture_0039.pgm,38,34,272,24,22,24,0.2347,24.0,0.2347,390,1.000,1.000,2,0,-0.4727,0.4099,0.6256,NO
capture_0039.pgm,39,236,273,25,21,25,0.2445,25.0,0.2445,401,1.000,1.000,2,2,-0.4981,0.4210,0.6522,NO
capture_0039.pgm,40,647,274,22,22,22,0.2152,22.0,0.2152,353,1.000,1.000,3,6,-0.4812,-0.4173,0.6370,NO
capture_0039.pgm,41,854,274,22,22,22,0.2152,22.0,0.2152,360,1.000,1.000,3,8,-0.4578,-0.4159,0.6185,NO
capture_0039.pgm,42,1054,274,24,22,24,0.2347,24.0,0.2347,390,1.000,1.000,3,9,0.4979,0.0020,0.4979,NO
capture_0039.pgm,43,1160,315,22,22,22,0.2152,22.0,0.2152,360,1.000,1.000,3,11,-0.4664,0.4044,0.6173,NO
capture_0039.pgm,44,138,317,22,23,23,0.2249,23.0,0.2249,368,1.000,1.000,3,1,-0.4564,0.4171,0.6182,NO
capture_0039.pgm,45,546,316,23,23,23,0.2249,23.0,0.2249,398,1.000,1.000,3,5,-0.4682,0.4100,0.6224,NO
capture_0039.pgm,46,956,317,23,23,23,0.2249,23.0,0.2249,391,1.000,1.000,3,9,-0.4605,0.4226,0.6250,NO
capture_0039.pgm,47,342,317,24,22,24,0.2347,24.0,0.2347,397,1.000,1.000,3,3,-0.4623,0.4184,0.6235,NO
capture_0039.pgm,48,752,320,21,22,22,0.2152,22.0,0.2152,338,1.000,1.000,4,7,-0.4552,-0.4003,0.6062,NO
capture_0039.pgm,49,36,361,24,24,24,0.2347,24.0,0.2347,430,1.000,1.000,4,0,-0.4543,-0.4214,0.6196,NO
capture_0039.pgm,50,851,360,23,23,23,0.2249,23.0,0.2249,384,1.000,1.000,3,8,-0.4872,0.4251,0.6466,NO
capture_0039.pgm,51,1067,362,24,25,25,0.2445,25.0,0.2445,430,1.000,1.000,4,10,-0.3763,-0.4048,0.5527,NO
capture_0039.pgm,52,645,363,24,23,24,0.2347,24.0,0.2347,413,1.000,1.000,4,5,0.4994,0.0188,0.4998,NO
capture_0039.pgm,53,1260,363,23,23,23,0.2249,23.0,0.2249,398,1.000,1.000,4,12,-0.4898,-0.3936,0.6284,NO
capture_0039.pgm,54,448,364,23,23,23,0.2249,23.0,0.2249,391,1.000,1.000,4,4,-0.4270,-0.3893,0.5779,NO
capture_0039.pgm,55,240,365,24,23,24,0.2347,24.0,0.2347,414,1.000,1.000,4,2,-0.4602,-0.3809,0.5974,NO
capture_0039.pgm,56,137,402,24,24,24,0.2347,24.0,0.2347,424,1.000,1.000,4,1,-0.4667,0.3975,0.6131,NO
capture_0039.pgm,57,545,404,23,23,23,0.2249,23.0,0.2249,398,1.000,1.000,4,5,-0.4786,0.4198,0.6366,NO
capture_0039.pgm,58,747,404,23,22,23,0.2249,23.0,0.2249,375,1.000,1.000,4,6,0.4962,0.0032,0.4962,NO
capture_0039.pgm,59,1159,405,22,23,23,0.2249,23.0,0.2249,368,1.000,1.000,5,11,-0.4774,-0.4171,0.6339,NO
capture_0039.pgm,60,959,405,22,22,22,0.2152,22.0,0.2152,353,1.000,1.000,5,9,-0.4323,-0.4185,0.6017,NO
capture_0039.pgm,61,344,408,22,22,22,0.2152,22.0,0.2152,360,1.000,1.000,5,3,-0.4439,-0.3933,0.5931,NO
capture_0039.pgm,62,240,446,24,23,24,0.2347,24.0,0.2347,407,1.000,1.000,4,2,-0.4602,0.4112,0.6172,NO
capture_0039.pgm,63,647,446,25,23,25,0.2445,25.0,0.2445,419,1.000,1.000,4,6,-0.4818,0.4140,0.6352,NO
capture_0039.pgm,64,37,447,23,22,23,0.2249,23.0,0.2249,382,1.000,1.000,4,0,-0.4445,0.4196,0.6113,NO
capture_0039.pgm,65,1058,447,22,22,22,0.2152,22.0,0.2152,360,1.000,1.000,5,10,-0.4649,-0.4243,0.6295,NO
capture_0039.pgm,66,1262,449,22,23,23,0.2249,23.0,0.2249,375,1.000,1.000,5,12,-0.4708,-0.4034,0.6200,NO
capture_0039.pgm,67,852,449,22,21,22,0.2152,22.0,0.2152,338,1.000,1.000,5,8,-0.4786,-0.4062,0.6277,NO
capture_0039.pgm,68,449,451,22,24,24,0.2347,24.0,0.2347,387,1.000,1.000,5,4,-0.4178,-0.3893,0.5711,NO
capture_0039.pgm,69,546,490,23,23,23,0.2249,23.0,0.2249,377,1.000,1.000,5,5,-0.4694,0.4100,0.6233,NO
capture_0039.pgm,70,750,489,24,22,24,0.2347,24.0,0.2347,394,1.000,1.000,5,7,-0.4753,0.4016,0.6223,NO
capture_0039.pgm,71,341,492,25,25,25,0.2445,25.0,0.2445,462,1.000,1.000,6,3,-0.4738,-0.4226,0.6349,NO
capture_0039.pgm,72,131,492,23,22,23,0.2249,23.0,0.2249,375,1.000,1.000,5,0,0.4742,0.0089,0.4743,NO
capture_0039.pgm,73,1158,493,22,22,22,0.2152,22.0,0.2152,360,1.000,1.000,6,11,-0.4877,-0.4074,0.6355,NO
capture_0039.pgm,74,958,495,21,22,22,0.2152,22.0,0.2152,338,1.000,1.000,6,9,-0.4427,-0.3892,0.5894,NO
capture_0039.pgm,75,649,532,22,22,22,0.2152,22.0,0.2152,353,1.000,1.000,5,6,-0.4628,0.4042,0.6145,NO
capture_0039.pgm,76,239,533,24,22,24,0.2347,24.0,0.2347,397,1.000,1.000,5,2,-0.4706,0.4112,0.6249,NO
capture_0039.pgm,77,854,533,22,22,22,0.2152,22.0,0.2152,353,1.000,1.000,5,8,-0.4590,0.4154,0.6190,NO
capture_0039.pgm,78,1263,534,23,24,24,0.2347,24.0,0.2347,407,1.000,1.000,6,12,-0.4616,-0.4230,0.6261,NO
capture_0039.pgm,79,444,535,23,24,24,0.2347,24.0,0.2347,395,1.000,1.000,6,4,-0.4673,-0.4187,0.6274,NO
capture_0039.pgm,80,1063,534,21,22,22,0.2152,22.0,0.2152,338,1.000,1.000,6,10,-0.4166,-0.4243,0.5947,NO
capture_0039.pgm,81,38,537,25,23,25,0.2445,25.0,0.2445,434,1.000,1.000,6,0,-0.4359,-0.4019,0.5929,NO
capture_0039.pgm,82,955,576,24,21,24,0.2347,24.0,0.2347,380,1.000,1.000,6,9,-0.4720,0.4030,0.6207,NO
capture_0039.pgm,83,349,577,22,22,22,0.2152,22.0,0.2152,360,1.000,1.000,6,3,-0.3956,0.4087,0.5688,NO
capture_0039.pgm,84,546,577,23,23,23,0.2249,23.0,0.2249,398,1.000,1.000,6,5,-0.4700,0.4100,0.6237,NO
capture_0039.pgm,85,1160,578,23,22,23,0.2249,23.0,0.2249,368,1.000,1.000,6,11,-0.4682,0.4239,0.6316,NO
capture_0039.pgm,86,752,582,23,23,23,0.2249,23.0,0.2249,384,1.000,1.000,7,7,-0.4569,-0.3905,0.6011,NO
capture_0039.pgm,87,139,584,23,23,23,0.2249,23.0,0.2249,384,1.000,1.000,7,1,-0.4489,-0.3751,0.5850,NO
capture_0039.pgm,88,651,620,21,22,22,0.2152,22.0,0.2152,338,1.000,1.000,6,6,-0.4439,0.4140,0.6070,NO
capture_0039.pgm,89,853,620,21,21,21,0.2054,21.0,0.2054,317,1.000,1.000,6,8,-0.4694,0.4154,0.6268,NO
capture_0039.pgm,90,447,622,23,23,23,0.2249,23.0,0.2249,390,1.000,1.000,7,4,-0.4385,-0.4187,0.6063,NO
capture_0039.pgm,91,242,625,23,23,23,0.2249,23.0,0.2249,391,1.000,1.000,7,2,-0.4424,-0.3907,0.5902,NO
capture_0039.pgm,92,1058,624,23,22,23,0.2249,23.0,0.2249,375,1.000,1.000,7,10,-0.4661,-0.3950,0.6109,NO
capture_0039.pgm,93,1262,624,22,22,22,0.2152,22.0,0.2152,360,1.000,1.000,7,12,-0.4720,-0.3936,0.6146,NO
capture_0039.pgm,94,42,627,25,23,25,0.2445,25.0,0.2445,427,1.000,1.000,7,0,-0.3973,-0.3725,0.5447,NO
capture_0039.pgm,95,547,663,23,23,23,0.2249,23.0,0.2249,384,1.000,1.000,7,5,-0.4608,0.4003,0.6103,NO
capture_0039.pgm,96,345,666,21,23,23,0.2249,23.0,0.2249,359,1.000,1.000,8,3,-0.4359,-0.4226,0.6071,NO
capture_0039.pgm,97,958,666,22,23,23,0.2249,23.0,0.2249,375,1.000,1.000,8,9,-0.4439,-0.4185,0.6101,NO
capture_0039.pgm,98,1165,668,22,23,23,0.2249,23.0,0.2249,368,1.000,1.000,8,11,-0.4204,-0.3976,0.5787,NO
capture_0039.pgm,99,750,669,24,23,24,0.2347,24.0,0.2347,421,1.000,1.000,8,7,-0.4771,-0.3905,0.6165,NO
capture_0039.pgm,100,138,670,25,24,25,0.2445,25.0,0.2445,455,1.000,1.000,8,1,-0.4593,-0.3849,0.5992,NO
capture_0039.pgm,101,652,705,21,22,22,0.2152,22.0,0.2152,338,1.000,1.000,7,6,-0.4347,0.3944,0.5870,NO
capture_0039.pgm,102,1061,706,22,22,22,0.2152,22.0,0.2152,353,1.000,1.000,7,10,-0.4367,0.4070,0.5970,NO
capture_0039.pgm,103,854,708,22,23,23,0.2249,23.0,0.2249,375,1.000,1.000,7,8,-0.4602,0.4251,0.6265,NO
capture_0039.pgm,104,242,709,21,21,21,0.2054,21.0,0.2054,317,1.000,1.000,8,2,-0.4430,-0.4201,0.6105,NO
capture_0039.pgm,105,447,709,21,22,22,0.2152,22.0,0.2152,338,1.000,1.000,8,4,-0.4391,-0.4187,0.6067,NO
capture_0039.pgm,106,1264,712,25,25,25,0.2445,25.0,0.2445,462,1.000,1.000,8,12,-0.4530,-0.3838,0.5938,NO
capture_0039.pgm,107,40,712,27,24,27,0.2641,27.0,0.2641,492,1.000,1.000,8,0,-0.4175,-0.3921,0.5727,NO
capture_0039.pgm,108,548,751,23,22,23,0.2249,23.0,0.2249,382,1.000,1.000,8,5,-0.4516,0.4100,0.6100,NO
capture_0039.pgm,109,753,751,21,22,22,0.2152,22.0,0.2152,338,1.000,1.000,8,7,-0.4477,0.4114,0.6080,NO
capture_0039.pgm,110,958,751,22,22,22,0.2152,22.0,0.2152,353,1.000,1.000,8,9,-0.4439,0.4128,0.6061,NO
capture_0039.pgm,111,139,755,23,23,23,0.2249,23.0,0.2249,384,1.000,1.000,9,1,-0.4501,-0.4044,0.6051,NO
capture_0039.pgm,112,1164,756,21,21,21,0.2054,21.0,0.2054,317,1.000,1.000,9,11,-0.4308,-0.3878,0.5796,NO
capture_0039.pgm,113,344,758,23,23,23,0.2249,23.0,0.2249,398,1.000,1.000,9,3,-0.4462,-0.3737,0.5821,NO
capture_0039.pgm,114,655,790,24,23,24,0.2347,24.0,0.2347,407,1.000,1.000,8,6,-0.4059,0.3749,0.5525,NO
capture_0039.pgm,115,250,796,24,24,24,0.2347,24.0,0.2347,424,1.000,1.000,9,2,-0.3653,-0.4201,0.5567,NO
capture_0039.pgm,116,1263,797,23,24,24,0.2347,24.0,0.2347,407,1.000,1.000,9,12,-0.4634,-0.4034,0.6144,NO
capture_0039.pgm,117,449,798,23,24,24,0.2347,24.0,0.2347,400,1.000,1.000,9,4,-0.4201,-0.3991,0.5795,NO
capture_0039.pgm,118,38,800,26,26,26,0.2543,26.0,0.2543,480,1.000,1.000,9,0,-0.4376,-0.3823,0.5811,NO
capture_0039.pgm,119,857,798,22,21,22,0.2152,22.0,0.2152,338,1.000,1.000,9,8,-0.4320,-0.3964,0.5863,NO
capture_0039.pgm,120,547,839,22,23,23,0.2249,23.0,0.2249,375,1.000,1.000,9,5,-0.4619,0.4198,0.6242,NO
capture_0039.pgm,121,750,839,23,22,23,0.2249,23.0,0.2249,368,1.000,1.000,9,7,-0.4776,0.4212,0.6368,NO
capture_0039.pgm,122,959,842,26,25,26,0.2543,26.0,0.2543,468,1.000,1.000,10,9,-0.4353,-0.3989,0.5904,NO
capture_0039.pgm,123,353,843,24,24,24,0.2347,24.0,0.2347,423,1.000,1.000,10,3,-0.3588,-0.3933,0.5324,NO
capture_0039.pgm,124,136,844,25,24,25,0.2445,25.0,0.2445,449,1.000,1.000,10,1,-0.4800,-0.3849,0.6153,NO
capture_0039.pgm,125,1164,844,24,23,24,0.2347,24.0,0.2347,411,1.000,1.000,10,11,-0.4314,-0.3780,0.5736,NO
capture_0039.pgm,126,1262,879,23,23,23,0.2249,23.0,0.2249,381,1.000,1.000,9,12,-0.4732,0.3986,0.6187,NO
capture_0039.pgm,127,650,881,22,22,22,0.2152,22.0,0.2152,353,1.000,1.000,9,6,-0.4554,0.4140,0.6155,NO
capture_0039.pgm,128,242,882,23,22,23,0.2249,23.0,0.2249,375,1.000,1.000,9,2,-0.4436,0.4210,0.6116,NO
capture_0039.pgm,129,446,882,22,22,22,0.2152,22.0,0.2152,353,1.000,1.000,9,4,-0.4495,0.4224,0.6168,NO
capture_0039.pgm,130,1062,884,21,22,22,0.2152,22.0,0.2152,338,1.000,1.000,10,10,-0.4287,-0.4048,0.5896,NO
capture_0039.pgm,131,855,886,22,23,23,0.2249,23.0,0.2249,368,1.000,1.000,10,8,-0.4521,-0.3866,0.5949,NO
capture_0039.pgm,132,45,887,26,25,26,0.2543,26.0,0.2543,483,1.000,1.000,10,0,-0.3698,-0.3823,0.5319,NO
capture_0039.pgm,133,1162,925,22,22,22,0.2152,22.0,0.2152,360,1.000,1.000,10,11,-0.4510,0.4142,0.6123,NO
capture_0039.pgm,134,136,927,27,22,27,0.2641,27.0,0.2641,449,1.000,1.000,11,1,-0.4806,-0.4240,0.6409,NO
capture_0039.pgm,135,341,928,24,22,24,0.2347,24.0,0.2347,397,1.000,1.000,11,3,-0.4767,-0.4128,0.6307,NO
capture_0039.pgm,136,546,928,22,23,23,0.2249,23.0,0.2249,375,1.000,1.000,11,5,-0.4729,-0.4115,0.6268,NO
capture_0039.pgm,137,961,928,21,22,22,0.2152,22.0,0.2152,338,1.000,1.000,11,9,-0.4163,-0.4087,0.5834,NO
capture_0039.pgm,138,745,932,24,23,24,0.2347,24.0,0.2347,406,1.000,1.000,10,6,0.4731,0.0619,0.4771,NO
capture_0039.pgm,139,1062,967,22,23,23,0.2249,23.0,0.2249,375,1.000,1.000,10,10,-0.4287,0.4070,0.5911,NO
capture_0039.pgm,140,243,968,22,23,23,0.2249,23.0,0.2249,375,1.000,1.000,10,2,-0.4344,0.4112,0.5982,NO
capture_0039.pgm,141,447,971,24,24,24,0.2347,24.0,0.2347,427,1.000,1.000,11,4,-0.4409,-0.4089,0.6013,NO
capture_0039.pgm,142,1261,972,24,24,24,0.2347,24.0,0.2347,435,1.000,1.000,11,12,-0.4841,-0.3936,0.6240,NO
capture_0039.pgm,143,649,973,23,24,24,0.2347,24.0,0.2347,414,1.000,1.000,11,6,-0.4664,-0.3880,0.6066,NO
capture_0039.pgm,144,858,975,21,24,24,0.2347,24.0,0.2347,380,1.000,1.000,11,8,-0.4234,-0.3670,0.5603,NO
capture_0039.pgm,145,44,977,26,26,26,0.2543,26.0,0.2543,484,1.000,1.000,11,0,-0.3801,-0.3530,0.5187,NO
capture_0039.pgm,146,1164,1010,22,24,24,0.2347,24.0,0.2347,397,1.000,1.000,11,11,-0.4320,0.3946,0.5851,NO
capture_0039.pgm,147,548,1011,22,23,23,0.2249,23.0,0.2249,368,1.000,1.000,11,5,-0.4533,0.4003,0.6047,NO
capture_0039.pgm,SUMMARY,,,,,,,,,,,,,,,,,
capture_0039.pgm,Count,147,,,,,,,,,,,,,,,
capture_0039.pgm,Missed,32,,,,,,,,,,,,,,,
capture_0039.pgm,Mean,,,,,,,,0.2276,,,,,,,,
capture_0039.pgm,Median,,,,,,,,0.2249,,,,,,,,
capture_0039.pgm,StdDev,,,,,,,,0.0114,,,,,,,,
capture_0039.pgm,Min,,,,,,,,0.2054,,,,,,,,
capture_0039.pgm,Max,,,,,,,,0.2641,,,,,,,,
capture_0040.pgm,1,446,28,23,23,23,0.2249,23.0,0.2249,391,1.000,1.000,0,4,-0.4442,-0.2720,0.5209,NO
capture_0040.pgm,2,31,31,25,25,25,0.2445,25.0,0.2445,472,1.000,1.000,0,-1,0.5000,0.1712,0.5285,NO
capture_0040.pgm,3,851,29,22,22,22,0.2152,22.0,0.2152,353,1.000,1.000,0,8,-0.4854,-0.2595,0.5504,NO
capture_0040.pgm,4,1257,31,24,23,24,0.2347,24.0,0.2347,411,1.000,1.000,0,11,0.4840,0.1794,0.5162,NO
capture_0040.pgm,5,649,31,21,21,21,0.2054,21.0,0.2054,317,1.000,1.000,0,6,-0.4599,-0.2413,0.5194,NO
capture_0040.pgm,6,241,34,25,23,25,0.2445,25.0,0.2445,436,1.000,1.000,0,2,-0.4481,-0.2147,0.4968,NO
capture_0040.pgm,7,1054,33,21,21,21,0.2054,21.0,0.2054,317,1.000,1.000,0,9,0.4997,0.1976,0.5374,NO
capture_0040.pgm,8,748,71,22,24,24,0.2347,24.0,0.2347,394,1.000,1.000,1,7,-0.4925,-0.2830,0.5680,NO
capture_0040.pgm,9,1158,71,23,24,24,0.2347,24.0,0.2347,400,1.000,1.000,1,11,-0.4848,-0.2802,0.5600,NO
capture_0040.pgm,10,953,73,22,25,25,0.2445,25.0,0.2445,409,1.000,1.000,1,9,-0.4887,-0.2620,0.5545,NO
capture_0040.pgm,11,339,74,23,23,23,0.2249,23.0,0.2249,383,1.000,1.000,1,3,-0.4905,-0.2564,0.5534,NO
capture_0040.pgm,12,136,76,23,22,23,0.2249,23.0,0.2249,368,1.000,1.000,1,1,-0.4747,-0.2382,0.5311,NO
capture_0040.pgm,13,548,77,24,24,24,0.2347,24.0,0.2347,430,1.000,1.000,1,5,-0.4475,-0.2257,0.5012,NO
capture_0040.pgm,14,1259,115,23,24,24,0.2347,24.0,0.2347,395,1.000,1.000,1,12,-0.4978,-0.2665,0.5647,NO
capture_0040.pgm,15,854,115,22,21,22,0.2152,22.0,0.2152,338,1.000,1.000,1,8,-0.4567,-0.2692,0.5301,NO
capture_0040.pgm,16,1059,116,21,21,21,0.2054,21.0,0.2054,317,1.000,1.000,1,10,-0.4528,-0.2581,0.5212,NO
capture_0040.pgm,17,447,118,22,23,23,0.2249,23.0,0.2249,375,1.000,1.000,1,4,-0.4350,-0.2426,0.4981,NO
capture_0040.pgm,18,649,119,23,24,24,0.2347,24.0,0.2347,407,1.000,1.000,1,6,-0.4605,-0.2315,0.5154,NO
capture_0040.pgm,19,241,120,23,23,23,0.2249,23.0,0.2249,391,1.000,1.000,1,2,-0.4487,-0.2245,0.5017,NO
capture_0040.pgm,20,35,120,23,22,23,0.2249,23.0,0.2249,368,1.000,1.000,1,0,-0.4623,-0.2258,0.5145,NO
capture_0040.pgm,21,550,158,23,23,23,0.2249,23.0,0.2249,391,1.000,1.000,2,5,-0.4285,-0.2843,0.5143,NO
capture_0040.pgm,22,1157,158,23,23,23,0.2249,23.0,0.2249,388,1.000,1.000,2,11,-0.4952,-0.2802,0.5690,NO
capture_0040.pgm,23,752,159,21,21,21,0.2054,21.0,0.2054,317,1.000,1.000,2,7,-0.4540,-0.2732,0.5298,NO
capture_0040.pgm,24,954,160,24,22,24,0.2347,24.0,0.2347,387,1.000,1.000,2,9,-0.4795,-0.2620,0.5464,NO
capture_0040.pgm,25,340,162,22,22,22,0.2152,22.0,0.2152,346,1.000,1.000,2,3,-0.4813,-0.2466,0.5408,NO
capture_0040.pgm,26,137,164,22,22,22,0.2152,22.0,0.2152,353,1.000,1.000,2,1,-0.4656,-0.2284,0.5186,NO
capture_0040.pgm,27,848,200,25,24,25,0.2445,25.0,0.2445,425,1.000,1.000,2,7,0.4849,0.1278,0.5014,NO
capture_0040.pgm,28,647,202,23,22,23,0.2249,23.0,0.2249,372,1.000,1.000,2,6,-0.4807,-0.2706,0.5516,NO
capture_0040.pgm,29,35,203,24,22,24,0.2347,24.0,0.2347,397,1.000,1.000,2,0,-0.4629,-0.2650,0.5333,NO
capture_0040.pgm,30,242,203,23,22,23,0.2249,23.0,0.2249,375,1.000,1.000,2,2,-0.4395,-0.2636,0.5124,NO
capture_0040.pgm,31,1058,203,21,21,21,0.2054,21.0,0.2054,317,1.000,1.000,2,10,-0.4632,-0.2581,0.5302,NO
capture_0040.pgm,32,443,207,22,21,22,0.2152,22.0,0.2152,338,1.000,1.000,2,4,-0.4747,-0.2231,0.5245,NO
capture_0040.pgm,33,545,244,21,22,22,0.2152,22.0,0.2152,338,1.000,1.000,3,5,-0.4780,-0.2941,0.5612,NO
capture_0040.pgm,34,954,245,22,23,23,0.2249,23.0,0.2249,368,1.000,1.000,3,9,-0.4801,-0.2816,0.5566,NO
capture_0040.pgm,35,140,246,23,22,23,0.2249,23.0,0.2249,368,1.000,1.000,3,1,-0.4368,-0.2773,0.5174,NO
capture_0040.pgm,36,751,247,23,23,23,0.2249,23.0,0.2249,391,1.000,1.000,3,7,-0.4644,-0.2634,0.5339,NO
capture_0040.pgm,37,343,247,21,22,22,0.2152,22.0,0.2152,338,1.000,1.000,3,3,-0.4525,-0.2662,0.5250,NO
capture_0040.pgm,38,241,287,22,25,25,0.2445,25.0,0.2445,419,1.000,1.000,3,2,-0.4498,-0.2929,0.5368,NO
capture_0040.pgm,39,446,288,21,22,22,0.2152,22.0,0.2152,338,1.000,1.000,3,4,-0.4460,-0.2818,0.5275,NO
capture_0040.pgm,40,851,289,22,22,22,0.2152,22.0,0.2152,360,1.000,1.000,3,8,-0.4872,-0.2692,0.5566,NO
capture_0040.pgm,41,647,291,22,23,23,0.2249,23.0,0.2249,375,1.000,1.000,3,6,-0.4812,-0.2510,0.5428,NO
capture_0040.pgm,42,1264,293,22,23,23,0.2249,23.0,0.2249,368,1.000,1.000,3,12,-0.4501,-0.2274,0.5043,NO
capture_0040.pgm,43,1056,293,22,22,22,0.2152,22.0,0.2152,353,1.000,1.000,3,10,-0.4833,-0.2287,0.5347,NO
capture_0040.pgm,44,34,296,25,23,25,0.2445,25.0,0.2445,421,1.000,1.000,3,0,-0.4732,-0.2063,0.5162,NO
capture_0040.pgm,45,137,333,23,22,23,0.2249,23.0,0.2249,368,1.000,1.000,4,1,-0.4667,-0.2773,0.5429,NO
capture_0040.pgm,46,547,333,22,22,22,0.2152,22.0,0.2152,360,1.000,1.000,4,5,-0.4590,-0.2746,0.5349,NO
capture_0040.pgm,47,752,333,21,22,22,0.2152,22.0,0.2152,338,1.000,1.000,4,7,-0.4552,-0.2732,0.5308,NO
capture_0040.pgm,48,1160,333,21,22,22,0.2152,22.0,0.2152,338,1.000,1.000,4,11,-0.4670,-0.2704,0.5397,NO
capture_0040.pgm,49,340,335,22,23,23,0.2249,23.0,0.2249,368,1.000,1.000,4,3,-0.4824,-0.2564,0.5463,NO
capture_0040.pgm,50,954,335,22,22,22,0.2152,22.0,0.2152,353,1.000,1.000,4,9,-0.4806,-0.2522,0.5428,NO
capture_0040.pgm,51,852,375,21,21,21,0.2054,21.0,0.2054,317,1.000,1.000,4,8,-0.4780,-0.2790,0.5534,NO
capture_0040.pgm,52,650,376,22,22,22,0.2152,22.0,0.2152,353,1.000,1.000,4,6,-0.4525,-0.2706,0.5272,NO
capture_0040.pgm,53,443,377,22,21,22,0.2152,22.0,0.2152,338,1.000,1.000,4,4,-0.4759,-0.2622,0.5433,NO
capture_0040.pgm,54,238,378,23,23,23,0.2249,23.0,0.2249,388,1.000,1.000,4,2,-0.4798,-0.2538,0.5427,NO
capture_0040.pgm,55,1263,380,24,24,24,0.2347,24.0,0.2347,430,1.000,1.000,4,12,-0.4605,-0.2274,0.5136,NO
capture_0040.pgm,56,1065,380,26,23,26,0.2543,26.0,0.2543,445,1.000,1.000,4,10,-0.3959,-0.2287,0.4572,NO
capture_0040.pgm,57,39,384,25,24,25,0.2445,25.0,0.2445,462,1.000,1.000,4,0,-0.4249,-0.1965,0.4682,NO
capture_0040.pgm,58,750,417,22,23,23,0.2249,23.0,0.2249,365,1.000,1.000,5,7,-0.4753,-0.3025,0.5634,NO
capture_0040.pgm,59,952,419,24,24,24,0.2347,24.0,0.2347,422,1.000,1.000,4,8,0.5000,0.1513,0.5224,NO
capture_0040.pgm,60,136,420,24,23,24,0.2347,24.0,0.2347,414,1.000,1.000,5,1,-0.4771,-0.2773,0.5518,NO
capture_0040.pgm,61,546,420,21,21,21,0.2054,21.0,0.2054,317,1.000,1.000,5,5,-0.4694,-0.2746,0.5438,NO
capture_0040.pgm,62,343,422,22,22,22,0.2152,22.0,0.2152,353,1.000,1.000,5,3,-0.4537,-0.2564,0.5211,NO
capture_0040.pgm,63,1159,423,23,23,23,0.2249,23.0,0.2249,390,1.000,1.000,5,11,-0.4774,-0.2411,0.5348,NO
capture_0040.pgm,64,445,463,24,23,24,0.2347,24.0,0.2347,407,1.000,1.000,5,4,-0.4569,-0.2720,0.5317,NO
capture_0040.pgm,65,854,463,21,21,21,0.2054,21.0,0.2054,317,1.000,1.000,5,8,-0.4590,-0.2692,0.5321,NO
capture_0040.pgm,66,237,465,24,24,24,0.2347,24.0,0.2347,438,1.000,1.000,5,2,-0.4901,-0.2538,0.5519,NO
capture_0040.pgm,67,650,464,23,22,23,0.2249,23.0,0.2249,372,1.000,1.000,5,6,-0.4531,-0.2608,0.5228,NO
capture_0040.pgm,68,38,468,23,21,23,0.2249,23.0,0.2249,359,1.000,1.000,5,0,-0.4353,-0.2258,0.4904,NO
capture_0040.pgm,69,1266,469,23,23,23,0.2249,23.0,0.2249,390,1.000,1.000,5,12,-0.4317,-0.2078,0.4791,NO
capture_0040.pgm,70,751,505,23,23,23,0.2249,23.0,0.2249,380,1.000,1.000,6,7,-0.4661,-0.2927,0.5504,NO
capture_0040.pgm,71,547,506,21,22,22,0.2152,22.0,0.2152,338,1.000,1.000,6,5,-0.4602,-0.2843,0.5409,NO
capture_0040.pgm,72,1159,506,22,23,23,0.2249,23.0,0.2249,365,1.000,1.000,6,11,-0.4780,-0.2802,0.5540,NO
capture_0040.pgm,73,135,508,22,22,22,0.2152,22.0,0.2152,360,1.000,1.000,6,1,-0.4875,-0.2675,0.5560,NO
capture_0040.pgm,74,341,511,22,22,22,0.2152,22.0,0.2152,360,1.000,1.000,6,3,-0.4738,-0.2368,0.5297,NO
capture_0040.pgm,75,960,514,24,24,24,0.2347,24.0,0.2347,418,1.000,1.000,6,9,-0.4231,-0.2033,0.4695,NO
capture_0040.pgm,76,851,550,24,23,24,0.2347,24.0,0.2347,406,1.000,1.000,6,8,-0.4889,-0.2692,0.5581,NO
capture_0040.pgm,77,449,554,22,23,23,0.2249,23.0,0.2249,375,1.000,1.000,6,4,-0.4184,-0.2329,0.4788,NO
capture_0040.pgm,78,1061,555,24,24,24,0.2347,24.0,0.2347,421,1.000,1.000,6,10,-0.4362,-0.2190,0.4880,NO
capture_0040.pgm,79,1267,555,21,23,23,0.2249,23.0,0.2249,359,1.000,1.000,6,12,-0.4225,-0.2176,0.4753,NO
capture_0040.pgm,80,42,557,24,24,24,0.2347,24.0,0.2347,420,1.000,1.000,6,0,-0.3968,-0.2063,0.4472,NO
capture_0040.pgm,81,654,557,23,23,23,0.2249,23.0,0.2249,391,1.000,1.000,6,6,-0.4145,-0.2021,0.4612,NO
capture_0040.pgm,82,241,558,23,24,24,0.2347,24.0,0.2347,407,1.000,1.000,6,2,-0.4516,-0.1951,0.4919,NO
capture_0040.pgm,83,1160,593,25,22,25,0.2445,25.0,0.2445,407,1.000,1.000,7,11,-0.4688,-0.2802,0.5461,NO
capture_0040.pgm,84,139,596,24,24,24,0.2347,24.0,0.2347,430,1.000,1.000,7,1,-0.4489,-0.2577,0.5176,NO
capture_0040.pgm,85,544,595,22,22,22,0.2152,22.0,0.2152,353,1.000,1.000,7,5,-0.4901,-0.2648,0.5571,NO
capture_0040.pgm,86,957,595,22,22,22,0.2152,22.0,0.2152,353,1.000,1.000,7,9,-0.4531,-0.2620,0.5234,NO
capture_0040.pgm,87,341,598,23,22,23,0.2249,23.0,0.2249,382,1.000,1.000,7,3,-0.4744,-0.2368,0.5302,NO
capture_0040.pgm,88,753,600,24,24,24,0.2347,24.0,0.2347,428,1.000,1.000,7,7,-0.4471,-0.2145,0.4959,NO
capture_0040.pgm,89,649,638,23,23,23,0.2249,23.0,0.2249,391,1.000,1.000,7,6,-0.4640,-0.2608,0.5323,NO
capture_0040.pgm,90,1058,638,23,24,24,0.2347,24.0,0.2347,414,1.000,1.000,7,10,-0.4661,-0.2581,0.5328,NO
capture_0040.pgm,91,249,639,24,24,24,0.2347,24.0,0.2347,424,1.000,1.000,7,2,-0.3739,-0.2538,0.4519,NO
capture_0040.pgm,92,1262,638,21,21,21,0.2054,21.0,0.2054,317,1.000,1.000,7,12,-0.4720,-0.2567,0.5373,NO
capture_0040.pgm,93,38,640,23,22,23,0.2249,23.0,0.2249,368,1.000,1.000,7,0,-0.4365,-0.2454,0.5007,NO
capture_0040.pgm,94,853,642,23,24,24,0.2347,24.0,0.2347,421,1.000,1.000,7,8,-0.4699,-0.2203,0.5190,NO
capture_0040.pgm,95,450,643,25,24,25,0.2445,25.0,0.2445,444,1.000,1.000,7,4,-0.4092,-0.2133,0.4614,NO
capture_0040.pgm,96,546,680,23,23,23,0.2249,23.0,0.2249,391,1.000,1.000,8,5,-0.4711,-0.2843,0.5503,NO
capture_0040.pgm,97,1161,679,23,22,23,0.2249,23.0,0.2249,368,1.000,1.000,8,11,-0.4596,-0.2900,0.5434,NO
capture_0040.pgm,98,954,680,26,23,26,0.2543,26.0,0.2543,445,1.000,1.000,8,9,-0.4830,-0.2816,0.5591,NO
capture_0040.pgm,99,341,681,22,22,22,0.2152,22.0,0.2152,360,1.000,1.000,8,3,-0.4750,-0.2759,0.5493,NO
capture_0040.pgm,100,137,683,23,23,23,0.2249,23.0,0.2249,391,1.000,1.000,8,1,-0.4691,-0.2577,0.5352,NO
capture_0040.pgm,101,754,684,25,23,25,0.2445,25.0,0.2445,434,1.000,1.000,8,7,-0.4379,-0.2438,0.5012,NO
capture_0040.pgm,102,1263,723,24,23,24,0.2347,24.0,0.2347,411,1.000,1.000,8,12,-0.4628,-0.2763,0.5390,NO
capture_0040.pgm,103,649,725,22,22,22,0.2152,22.0,0.2152,360,1.000,1.000,8,6,-0.4646,-0.2608,0.5328,NO
capture_0040.pgm,104,36,727,24,23,24,0.2347,24.0,0.2347,399,1.000,1.000,8,0,-0.4566,-0.2454,0.5184,NO
capture_0040.pgm,105,1052,727,24,23,24,0.2347,24.0,0.2347,407,1.000,1.000,8,9,0.4755,0.1781,0.5077,NO
capture_0040.pgm,106,855,727,21,21,21,0.2054,21.0,0.2054,317,1.000,1.000,8,8,-0.4510,-0.2399,0.5108,NO
capture_0040.pgm,107,244,732,23,24,24,0.2347,24.0,0.2347,407,1.000,1.000,8,2,-0.4234,-0.1951,0.4662,NO
capture_0040.pgm,108,445,733,22,23,23,0.2249,23.0,0.2249,368,1.000,1.000,8,4,-0.4587,-0.1840,0.4942,NO
capture_0040.pgm,109,752,767,23,23,23,0.2249,23.0,0.2249,383,1.000,1.000,9,7,-0.4581,-0.2830,0.5384,NO
capture_0040.pgm,110,342,769,23,24,24,0.2347,24.0,0.2347,406,1.000,1.000,9,3,-0.4658,-0.2662,0.5365,NO
capture_0040.pgm,111,1160,768,23,23,23,0.2249,23.0,0.2249,384,1.000,1.000,9,11,-0.4699,-0.2704,0.5422,NO
capture_0040.pgm,112,547,769,22,22,22,0.2152,22.0,0.2152,353,1.000,1.000,9,5,-0.4619,-0.2648,0.5324,NO
capture_0040.pgm,113,952,769,22,21,22,0.2152,22.0,0.2152,338,1.000,1.000,8,8,0.4977,0.1709,0.5262,NO
capture_0040.pgm,114,137,773,23,25,25,0.2445,25.0,0.2445,437,1.000,1.000,9,1,-0.4696,-0.2284,0.5222,NO
capture_0040.pgm,115,1059,811,23,22,23,0.2249,23.0,0.2249,382,1.000,1.000,9,10,-0.4575,-0.2679,0.5301,NO
capture_0040.pgm,116,854,812,22,22,22,0.2152,22.0,0.2152,353,1.000,1.000,9,8,-0.4613,-0.2595,0.5293,NO
capture_0040.pgm,117,1260,812,24,23,24,0.2347,24.0,0.2347,407,1.000,1.000,9,12,-0.4927,-0.2567,0.5556,NO
capture_0040.pgm,118,35,814,24,22,24,0.2347,24.0,0.2347,390,1.000,1.000,9,0,-0.4670,-0.2454,0.5275,NO
capture_0040.pgm,119,241,814,23,22,23,0.2249,23.0,0.2249,375,1.000,1.000,9,2,-0.4533,-0.2440,0.5148,NO
capture_0040.pgm,120,448,814,21,21,21,0.2054,21.0,0.2054,317,1.000,1.000,9,4,-0.4299,-0.2426,0.4937,NO
capture_0040.pgm,121,649,816,23,24,24,0.2347,24.0,0.2347,395,1.000,1.000,9,6,-0.4652,-0.2217,0.5153,NO
capture_0040.pgm,122,955,853,23,22,23,0.2249,23.0,0.2249,368,1.000,1.000,10,9,-0.4744,-0.2914,0.5567,NO
capture_0040.pgm,123,1160,855,21,21,21,0.2054,21.0,0.2054,317,1.000,1.000,10,11,-0.4705,-0.2704,0.5427,NO
capture_0040.pgm,124,753,857,23,23,23,0.2249,23.0,0.2249,405,1.000,1.000,10,7,-0.4489,-0.2536,0.5156,NO
capture_0040.pgm,125,140,857,23,23,23,0.2249,23.0,0.2249,388,1.000,1.000,10,1,-0.4409,-0.2577,0.5107,NO
capture_0040.pgm,126,548,860,23,22,23,0.2249,23.0,0.2249,375,1.000,1.000,10,5,-0.4527,-0.2257,0.5059,NO
capture_0040.pgm,127,343,863,24,25,25,0.2445,25.0,0.2445,442,1.000,1.000,10,3,-0.4566,-0.1977,0.4976,NO
capture_0040.pgm,128,453,895,23,23,23,0.2249,23.0,0.2249,391,1.000,1.000,10,4,-0.3816,-0.3013,0.4862,NO
capture_0040.pgm,129,1265,898,21,22,22,0.2152,22.0,0.2152,338,1.000,1.000,10,12,-0.4444,-0.2665,0.5182,NO
capture_0040.pgm,130,242,899,22,22,22,0.2152,22.0,0.2152,353,1.000,1.000,10,2,-0.4441,-0.2636,0.5165,NO
capture_0040.pgm,131,1059,899,21,21,21,0.2054,21.0,0.2054,317,1.000,1.000,10,10,-0.4581,-0.2581,0.5258,NO
capture_0040.pgm,132,38,901,24,23,24,0.2347,24.0,0.2347,414,1.000,1.000,10,0,-0.4382,-0.2454,0.5022,NO
capture_0040.pgm,133,652,903,23,26,26,0.2543,26.0,0.2543,452,1.000,1.000,10,6,-0.4364,-0.2217,0.4895,NO
capture_0040.pgm,134,851,903,23,23,23,0.2249,23.0,0.2249,398,1.000,1.000,10,8,-0.4913,-0.2203,0.5384,NO
capture_0040.pgm,135,549,942,23,23,23,0.2249,23.0,0.2249,391,1.000,1.000,11,5,-0.4435,-0.2746,0.5216,NO
capture_0040.pgm,136,958,942,21,21,21,0.2054,21.0,0.2054,317,1.000,1.000,11,9,-0.4456,-0.2718,0.5220,NO
capture_0040.pgm,137,1159,942,22,22,22,0.2152,22.0,0.2152,346,1.000,1.000,11,11,-0.4809,-0.2704,0.5517,NO
capture_0040.pgm,138,140,944,23,22,23,0.2249,23.0,0.2249,382,1.000,1.000,11,1,-0.4415,-0.2577,0.5112,NO
capture_0040.pgm,139,753,948,25,24,25,0.2445,25.0,0.2445,444,1.000,1.000,11,7,-0.4495,-0.2145,0.4980,NO
capture_0040.pgm,140,340,949,23,23,23,0.2249,23.0,0.2249,405,1.000,1.000,11,3,-0.4865,-0.2075,0.5289,NO
capture_0040.pgm,141,1260,984,26,24,26,0.2543,26.0,0.2543,452,1.000,1.000,11,12,-0.4939,-0.2763,0.5659,NO
capture_0040.pgm,142,446,986,25,24,25,0.2445,25.0,0.2445,443,1.000,1.000,11,4,-0.4506,-0.2622,0.5214,NO
capture_0040.pgm,143,40,987,24,23,24,0.2347,24.0,0.2347,407,1.000,1.000,11,0,-0.4192,-0.2552,0.4908,NO
capture_0040.pgm,144,243,986,22,22,22,0.2152,22.0,0.2152,360,1.000,1.000,11,2,-0.4349,-0.2636,0.5086,NO
capture_0040.pgm,145,853,986,23,23,23,0.2249,23.0,0.2249,398,1.000,1.000,11,8,-0.4723,-0.2594,0.5389,NO
capture_0040.pgm,146,1061,988,23,23,23,0.2249,23.0,0.2249,391,1.000,1.000,11,10,-0.4391,-0.2385,0.4997,NO
capture_0040.pgm,147,655,991,23,23,23,0.2249,23.0,0.2249,395,1.000,1.000,11,6,-0.4077,-0.2119,0.4595,NO
capture_0040.pgm,SUMMARY,,,,,,,,,,,,,,,,,
capture_0040.pgm,Count,147,,,,,,,,,,,,,,,
capture_0040.pgm,Missed,8,,,,,,,,,,,,,,,
capture_0040.pgm,Mean,,,,,,,,0.2259,,,,,,,,
capture_0040.pgm,Median,,,,,,,,0.2249,,,,,,,,
capture_0040.pgm,StdDev,,,,,,,,0.0117,,,,,,,,
capture_0040.pgm,Min,,,,,,,,0.2054,,,,,,,,
capture_0040.pgm,Max,,,,,,,,0.2543,,,,,,,,
capture_0041.pgm,1,645,47,25,25,25,0.2445,25.0,0.2445,460,1.000,1.000,0,6,-0.4990,-0.0848,0.5062,NO
capture_0041.pgm,2,1263,47,22,22,22,0.2152,22.0,0.2152,353,1.000,1.000,0,12,-0.4581,-0.0807,0.4652,NO
capture_0041.pgm,3,243,49,24,23,24,0.2347,24.0,0.2347,407,1.000,1.000,0,2,-0.4285,-0.0680,0.4339,NO
capture_0041.pgm,4,447,49,22,23,23,0.2249,23.0,0.2249,375,1.000,1.000,0,4,-0.4344,-0.0666,0.4395,NO
capture_0041.pgm,5,850,48,23,22,23,0.2249,23.0,0.2249,375,1.000,1.000,0,8,-0.4952,-0.0736,0.5006,NO
capture_0041.pgm,6,35,49,23,23,23,0.2249,23.0,0.2249,384,1.000,1.000,0,0,-0.4617,-0.0694,0.4669,NO
capture_0041.pgm,7,1056,52,22,22,22,0.2152,22.0,0.2152,353,1.000,1.000,0,10,-0.4816,-0.0331,0.4827,NO
capture_0041.pgm,8,1157,87,22,23,23,0.2249,23.0,0.2249,375,1.000,1.000,1,11,-0.4946,-0.1237,0.5098,NO
capture_0041.pgm,9,546,88,22,22,22,0.2152,22.0,0.2152,346,1.000,1.000,1,5,-0.4670,-0.1181,0.4817,NO
capture_0041.pgm,10,136,89,25,23,25,0.2445,25.0,0.2445,425,1.000,1.000,1,1,-0.4747,-0.1111,0.4876,NO
capture_0041.pgm,11,750,91,22,22,22,0.2152,22.0,0.2152,360,1.000,1.000,1,7,-0.4730,-0.0874,0.4810,NO
capture_0041.pgm,12,957,91,21,22,22,0.2152,22.0,0.2152,338,1.000,1.000,1,9,-0.4495,-0.0860,0.4577,NO
capture_0041.pgm,13,338,94,25,22,25,0.2445,25.0,0.2445,412,1.000,1.000,1,3,-0.5002,-0.0608,0.5039,NO
capture_0041.pgm,14,245,134,23,23,23,0.2249,23.0,0.2249,391,1.000,1.000,1,2,-0.4095,-0.0875,0.4188,NO
capture_0041.pgm,15,443,134,23,23,23,0.2249,23.0,0.2249,405,1.000,1.000,1,4,-0.4741,-0.0862,0.4819,NO
capture_0041.pgm,16,646,135,21,21,21,0.2054,21.0,0.2054,317,1.000,1.000,1,6,-0.4898,-0.0750,0.4956,NO
capture_0041.pgm,17,855,137,24,24,24,0.2347,24.0,0.2347,431,1.000,1.000,1,8,-0.4469,-0.0541,0.4501,NO
capture_0041.pgm,18,1059,136,21,22,22,0.2152,22.0,0.2152,338,1.000,1.000,1,10,-0.4528,-0.0625,0.4571,NO
capture_0041.pgm,19,37,139,23,23,23,0.2249,23.0,0.2249,398,1.000,1.000,1,0,-0.4427,-0.0400,0.4445,NO
capture_0041.pgm,20,1260,139,21,22,22,0.2152,22.0,0.2152,338,1.000,1.000,1,12,-0.4881,-0.0318,0.4891,NO
capture_0041.pgm,21,959,177,23,25,25,0.2445,25.0,0.2445,426,1.000,1.000,2,9,-0.4306,-0.0958,0.4411,NO
capture_0041.pgm,22,546,176,24,23,24,0.2347,24.0,0.2347,407,1.000,1.000,2,5,-0.4676,-0.1083,0.4800,NO
capture_0041.pgm,23,135,178,23,23,23,0.2249,23.0,0.2249,398,1.000,1.000,2,1,-0.4851,-0.0915,0.4937,NO
capture_0041.pgm,24,1158,178,23,22,23,0.2249,23.0,0.2249,368,1.000,1.000,2,11,-0.4854,-0.0846,0.4927,NO
capture_0041.pgm,25,751,181,22,24,24,0.2347,24.0,0.2347,397,1.000,1.000,2,7,-0.4638,-0.0580,0.4674,NO
capture_0041.pgm,26,342,184,24,23,24,0.2347,24.0,0.2347,404,1.000,1.000,2,3,-0.4617,-0.0314,0.4628,NO
capture_0041.pgm,27,855,219,23,24,24,0.2347,24.0,0.2347,400,1.000,1.000,2,8,-0.4475,-0.1030,0.4592,NO
capture_0041.pgm,28,648,221,22,23,23,0.2249,23.0,0.2249,375,1.000,1.000,2,6,-0.4709,-0.0848,0.4784,NO
capture_0041.pgm,29,245,221,22,21,22,0.2152,22.0,0.2152,338,1.000,1.000,2,2,-0.4101,-0.0875,0.4194,NO
capture_0041.pgm,30,1261,222,24,24,24,0.2347,24.0,0.2347,422,1.000,1.000,2,12,-0.4789,-0.0709,0.4841,NO
capture_0041.pgm,31,34,223,23,22,23,0.2249,23.0,0.2249,375,1.000,1.000,2,0,-0.4727,-0.0694,0.4777,NO
capture_0041.pgm,32,444,223,25,23,25,0.2445,25.0,0.2445,424,1.000,1.000,2,4,-0.4649,-0.0666,0.4697,NO
capture_0041.pgm,33,1053,224,22,22,22,0.2152,22.0,0.2152,346,1.000,1.000,2,9,0.4887,0.3639,0.6093,NO
capture_0041.pgm,34,545,260,22,22,22,0.2152,22.0,0.2152,346,1.000,1.000,3,5,-0.4780,-0.1376,0.4974,NO
capture_0041.pgm,35,958,262,21,21,21,0.2054,21.0,0.2054,317,1.000,1.000,3,9,-0.4409,-0.1153,0.4558,NO
capture_0041.pgm,36,1159,262,22,22,22,0.2152,22.0,0.2152,360,1.000,1.000,3,11,-0.4762,-0.1140,0.4896,NO
capture_0041.pgm,37,340,263,23,23,23,0.2249,23.0,0.2249,383,1.000,1.000,3,3,-0.4818,-0.1097,0.4942,NO
capture_0041.pgm,38,138,268,21,22,22,0.2152,22.0,0.2152,338,1.000,1.000,3,1,-0.4564,-0.0621,0.4606,NO
capture_0041.pgm,39,749,270,24,23,24,0.2347,24.0,0.2347,421,1.000,1.000,3,7,-0.4839,-0.0385,0.4854,NO
capture_0041.pgm,40,444,307,23,24,24,0.2347,24.0,0.2347,400,1.000,1.000,3,4,-0.4655,-0.0959,0.4753,NO
capture_0041.pgm,41,1056,307,22,21,22,0.2152,22.0,0.2152,338,1.000,1.000,3,10,-0.4833,-0.0918,0.4920,NO
capture_0041.pgm,42,850,308,24,22,24,0.2347,24.0,0.2347,390,1.000,1.000,3,8,-0.4969,-0.0834,0.5039,NO
capture_0041.pgm,43,1258,309,23,23,23,0.2249,23.0,0.2249,375,1.000,1.000,3,11,0.4920,0.3457,0.6013,NO
capture_0041.pgm,44,243,310,23,23,23,0.2249,23.0,0.2249,391,1.000,1.000,3,2,-0.4303,-0.0680,0.4356,NO
capture_0041.pgm,45,34,311,24,22,24,0.2347,24.0,0.2347,404,1.000,1.000,3,0,-0.4732,-0.0596,0.4770,NO
capture_0041.pgm,46,650,312,25,22,25,0.2445,25.0,0.2445,419,1.000,1.000,3,6,-0.4519,-0.0457,0.4542,NO
capture_0041.pgm,47,956,349,21,22,22,0.2152,22.0,0.2152,338,1.000,1.000,4,9,-0.4611,-0.1153,0.4753,NO
capture_0041.pgm,48,546,351,23,23,23,0.2249,23.0,0.2249,384,1.000,1.000,4,5,-0.4688,-0.0985,0.4790,NO
capture_0041.pgm,49,749,353,23,23,23,0.2249,23.0,0.2249,384,1.000,1.000,4,7,-0.4845,-0.0776,0.4907,NO
capture_0041.pgm,50,339,356,24,24,24,0.2347,24.0,0.2347,445,1.000,1.000,4,3,-0.4922,-0.0510,0.4948,NO
capture_0041.pgm,51,1157,355,25,23,25,0.2445,25.0,0.2445,434,1.000,1.000,4,11,-0.4963,-0.0553,0.4994,NO
capture_0041.pgm,52,136,358,23,22,23,0.2249,23.0,0.2249,375,1.000,1.000,4,1,-0.4765,-0.0328,0.4776,NO
capture_0041.pgm,53,1256,390,26,21,26,0.2543,26.0,0.2543,422,1.000,1.000,4,11,0.4719,0.2870,0.5523,NO
capture_0041.pgm,54,447,392,23,23,23,0.2249,23.0,0.2249,398,1.000,1.000,4,4,-0.4368,-0.1155,0.4518,NO
capture_0041.pgm,55,647,393,23,23,23,0.2249,23.0,0.2249,384,1.000,1.000,4,6,-0.4818,-0.1043,0.4930,NO
capture_0041.pgm,56,1057,393,22,22,22,0.2152,22.0,0.2152,346,1.000,1.000,4,10,-0.4741,-0.1016,0.4849,NO
capture_0041.pgm,57,242,395,22,22,22,0.2152,22.0,0.2152,346,1.000,1.000,4,2,-0.4406,-0.0875,0.4492,NO
capture_0041.pgm,58,34,398,25,23,25,0.2445,25.0,0.2445,429,1.000,1.000,4,0,-0.4738,-0.0596,0.4776,NO
capture_0041.pgm,59,850,401,24,23,24,0.2347,24.0,0.2347,398,1.000,1.000,4,8,-0.4975,-0.0247,0.4981,NO
capture_0041.pgm,60,547,436,22,22,22,0.2152,22.0,0.2152,353,1.000,1.000,5,5,-0.4596,-0.1181,0.4745,NO
capture_0041.pgm,61,963,440,23,23,23,0.2249,23.0,0.2249,391,1.000,1.000,5,9,-0.3932,-0.0762,0.4005,NO
capture_0041.pgm,62,338,443,23,22,23,0.2249,23.0,0.2249,382,1.000,1.000,4,2,0.4982,0.3819,0.6278,NO
capture_0041.pgm,63,1165,444,22,24,24,0.2347,24.0,0.2347,397,1.000,1.000,5,11,-0.4187,-0.0357,0.4202,NO
capture_0041.pgm,64,753,445,23,24,24,0.2347,24.0,0.2347,428,1.000,1.000,5,7,-0.4460,-0.0287,0.4469,NO
capture_0041.pgm,65,141,447,23,22,23,0.2249,23.0,0.2249,375,1.000,1.000,5,1,-0.4282,-0.0132,0.4284,NO
capture_0041.pgm,66,445,480,23,23,23,0.2249,23.0,0.2249,398,1.000,1.000,5,4,-0.4569,-0.1057,0.4690,NO
capture_0041.pgm,67,1059,481,22,23,23,0.2249,23.0,0.2249,368,1.000,1.000,5,10,-0.4551,-0.0918,0.4643,NO
capture_0041.pgm,68,241,481,21,21,21,0.2054,21.0,0.2054,317,1.000,1.000,5,2,-0.4510,-0.0973,0.4614,NO
capture_0041.pgm,69,850,483,23,24,24,0.2347,24.0,0.2347,407,1.000,1.000,5,8,-0.4981,-0.0736,0.5035,NO
capture_0041.pgm,70,648,484,23,23,23,0.2249,23.0,0.2249,391,1.000,1.000,5,6,-0.4726,-0.0652,0.4771,NO
capture_0041.pgm,71,32,485,23,23,23,0.2249,23.0,0.2249,383,1.000,1.000,5,0,-0.4940,-0.0596,0.4975,NO
capture_0041.pgm,72,140,521,24,23,24,0.2347,24.0,0.2347,411,1.000,1.000,6,1,-0.4386,-0.1404,0.4605,NO
capture_0041.pgm,73,959,522,22,23,23,0.2249,23.0,0.2249,382,1.000,1.000,6,9,-0.4329,-0.1251,0.4506,NO
capture_0041.pgm,74,549,522,21,22,22,0.2152,22.0,0.2152,338,1.000,1.000,6,5,-0.4406,-0.1279,0.4588,NO
capture_0041.pgm,75,341,527,22,22,22,0.2152,22.0,0.2152,360,1.000,1.000,6,3,-0.4738,-0.0803,0.4806,NO
capture_0041.pgm,76,1160,527,25,23,25,0.2445,25.0,0.2445,424,1.000,1.000,6,11,-0.4682,-0.0748,0.4741,NO
capture_0041.pgm,77,752,530,23,22,23,0.2249,23.0,0.2249,368,1.000,1.000,6,7,-0.4563,-0.0482,0.4589,NO
capture_0041.pgm,78,1056,567,25,23,25,0.2445,25.0,0.2445,418,1.000,1.000,6,10,-0.4851,-0.1016,0.4956,NO
capture_0041.pgm,79,855,567,22,23,23,0.2249,23.0,0.2249,375,1.000,1.000,6,8,-0.4498,-0.1030,0.4614,NO
capture_0041.pgm,80,648,568,21,22,22,0.2152,22.0,0.2152,338,1.000,1.000,6,6,-0.4732,-0.0946,0.4826,NO
capture_0041.pgm,81,447,570,23,23,23,0.2249,23.0,0.2249,398,1.000,1.000,6,4,-0.4379,-0.0764,0.4446,NO
capture_0041.pgm,82,32,571,24,24,24,0.2347,24.0,0.2347,430,1.000,1.000,6,0,-0.4946,-0.0694,0.4994,NO
capture_0041.pgm,83,1261,570,25,23,25,0.2445,25.0,0.2445,419,1.000,1.000,6,12,-0.4812,-0.0709,0.4864,NO
capture_0041.pgm,84,239,572,23,23,23,0.2249,23.0,0.2249,388,1.000,1.000,6,2,-0.4711,-0.0582,0.4747,NO
capture_0041.pgm,85,749,610,23,23,23,0.2249,23.0,0.2249,380,1.000,1.000,7,7,-0.4863,-0.1167,0.5001,NO
capture_0041.pgm,86,137,612,22,23,23,0.2249,23.0,0.2249,368,1.000,1.000,7,1,-0.4685,-0.1013,0.4793,NO
capture_0041.pgm,87,342,613,22,22,22,0.2152,22.0,0.2152,353,1.000,1.000,7,3,-0.4646,-0.0901,0.4733,NO
capture_0041.pgm,88,1163,615,23,24,24,0.2347,24.0,0.2347,407,1.000,1.000,7,11,-0.4394,-0.0651,0.4442,NO
capture_0041.pgm,89,956,616,23,23,23,0.2249,23.0,0.2249,391,1.000,1.000,7,9,-0.4628,-0.0566,0.4663,NO
capture_0041.pgm,90,549,617,23,22,23,0.2249,23.0,0.2249,375,1.000,1.000,7,5,-0.4412,-0.0496,0.4440,NO
capture_0041.pgm,91,649,651,23,23,23,0.2249,23.0,0.2249,405,1.000,1.000,7,6,-0.4640,-0.1337,0.4829,NO
capture_0041.pgm,92,852,655,22,21,22,0.2152,22.0,0.2152,338,1.000,1.000,7,8,-0.4797,-0.0932,0.4887,NO
capture_0041.pgm,93,1060,656,22,22,22,0.2152,22.0,0.2152,353,1.000,1.000,7,10,-0.4465,-0.0820,0.4540,NO
capture_0041.pgm,94,36,659,25,24,25,0.2445,25.0,0.2445,440,1.000,1.000,7,0,-0.4560,-0.0596,0.4599,NO
capture_0041.pgm,95,442,659,24,24,24,0.2347,24.0,0.2347,413,1.000,1.000,7,4,-0.4874,-0.0568,0.4907,NO
capture_0041.pgm,96,1260,660,24,25,25,0.2445,25.0,0.2445,433,1.000,1.000,7,12,-0.4916,-0.0415,0.4933,NO
capture_0041.pgm,97,237,661,26,23,26,0.2543,26.0,0.2543,453,1.000,1.000,7,2,-0.4913,-0.0386,0.4928,NO
capture_0041.pgm,98,547,698,23,23,23,0.2249,23.0,0.2249,391,1.000,1.000,8,5,-0.4614,-0.1083,0.4739,NO
capture_0041.pgm,99,1159,697,22,21,22,0.2152,22.0,0.2152,338,1.000,1.000,8,11,-0.4791,-0.1140,0.4925,NO
capture_0041.pgm,100,342,700,25,24,25,0.2445,25.0,0.2445,442,1.000,1.000,8,3,-0.4652,-0.0901,0.4739,NO
capture_0041.pgm,101,753,701,23,23,23,0.2249,23.0,0.2249,383,1.000,1.000,8,7,-0.4477,-0.0776,0.4544,NO
capture_0041.pgm,102,957,700,23,23,23,0.2249,23.0,0.2249,398,1.000,1.000,8,9,-0.4536,-0.0860,0.4617,NO
capture_0041.pgm,103,139,703,24,22,24,0.2347,24.0,0.2347,394,1.000,1.000,8,1,-0.4495,-0.0621,0.4538,NO
capture_0041.pgm,104,850,739,24,22,24,0.2347,24.0,0.2347,390,1.000,1.000,8,8,-0.4999,-0.1225,0.5147,NO
capture_0041.pgm,105,1059,743,24,24,24,0.2347,24.0,0.2347,428,1.000,1.000,8,10,-0.4569,-0.0820,0.4642,NO
capture_0041.pgm,106,1260,744,23,24,24,0.2347,24.0,0.2347,411,1.000,1.000,8,12,-0.4922,-0.0709,0.4972,NO
capture_0041.pgm,107,34,745,25,23,25,0.2445,25.0,0.2445,421,1.000,1.000,8,0,-0.4762,-0.0694,0.4812,NO
capture_0041.pgm,108,651,748,22,24,24,0.2347,24.0,0.2347,387,1.000,1.000,8,6,-0.4450,-0.0359,0.4465,NO
capture_0041.pgm,109,237,749,24,24,24,0.2347,24.0,0.2347,404,1.000,1.000,8,2,-0.4919,-0.0289,0.4927,NO
capture_0041.pgm,110,447,750,25,23,25,0.2445,25.0,0.2445,427,1.000,1.000,8,4,-0.4391,-0.0177,0.4395,NO
capture_0041.pgm,111,550,780,24,24,24,0.2347,24.0,0.2347,435,1.000,1.000,9,5,-0.4326,-0.1572,0.4603,NO
capture_0041.pgm,112,752,786,22,22,22,0.2152,22.0,0.2152,353,1.000,1.000,9,7,-0.4581,-0.0971,0.4683,NO
capture_0041.pgm,113,957,788,23,24,24,0.2347,24.0,0.2347,418,1.000,1.000,9,9,-0.4542,-0.0762,0.4606,NO
capture_0041.pgm,114,343,788,22,23,23,0.2249,23.0,0.2249,375,1.000,1.000,9,3,-0.4560,-0.0803,0.4630,NO
capture_0041.pgm,115,1160,790,26,23,26,0.2543,26.0,0.2543,449,1.000,1.000,9,11,-0.4699,-0.0553,0.4732,NO
capture_0041.pgm,116,139,792,24,24,24,0.2347,24.0,0.2347,416,1.000,1.000,9,1,-0.4501,-0.0426,0.4521,NO
capture_0041.pgm,117,1056,826,26,23,26,0.2543,26.0,0.2543,442,1.000,1.000,9,10,-0.4868,-0.1212,0.5017,NO
capture_0041.pgm,118,1261,827,23,23,23,0.2249,23.0,0.2249,398,1.000,1.000,9,12,-0.4830,-0.1100,0.4953,NO
capture_0041.pgm,119,441,828,23,22,23,0.2249,23.0,0.2249,368,1.000,1.000,9,4,-0.4984,-0.1057,0.5095,NO
capture_0041.pgm,120,854,829,22,23,23,0.2249,23.0,0.2249,368,1.000,1.000,9,8,-0.4613,-0.0932,0.4706,NO
capture_0041.pgm,121,38,830,24,23,24,0.2347,24.0,0.2347,414,1.000,1.000,9,0,-0.4376,-0.0889,0.4466,NO
capture_0041.pgm,122,240,829,22,22,22,0.2152,22.0,0.2152,353,1.000,1.000,9,2,-0.4631,-0.0973,0.4732,NO
capture_0041.pgm,123,652,834,22,24,24,0.2347,24.0,0.2347,390,1.000,1.000,9,6,-0.4358,-0.0457,0.4382,NO
capture_0041.pgm,124,341,873,25,23,25,0.2445,25.0,0.2445,430,1.000,1.000,10,3,-0.4762,-0.0999,0.4865,NO
capture_0041.pgm,125,956,872,21,22,22,0.2152,22.0,0.2152,338,1.000,1.000,10,9,-0.4646,-0.1055,0.4764,NO
capture_0041.pgm,126,548,873,21,22,22,0.2152,22.0,0.2152,338,1.000,1.000,10,5,-0.4527,-0.0985,0.4633,NO
capture_0041.pgm,127,749,875,22,23,23,0.2249,23.0,0.2249,382,1.000,1.000,10,7,-0.4880,-0.0776,0.4941,NO
capture_0041.pgm,128,139,877,23,25,25,0.2445,25.0,0.2445,430,1.000,1.000,10,1,-0.4507,-0.0621,0.4549,NO
capture_0041.pgm,129,1159,877,23,23,23,0.2249,23.0,0.2249,388,1.000,1.000,10,11,-0.4803,-0.0553,0.4835,NO
capture_0041.pgm,130,1057,914,23,23,23,0.2249,23.0,0.2249,384,1.000,1.000,10,10,-0.4776,-0.1114,0.4904,NO
capture_0041.pgm,131,852,917,24,24,24,0.2347,24.0,0.2347,422,1.000,1.000,10,8,-0.4815,-0.0834,0.4886,NO
capture_0041.pgm,132,1259,917,23,24,24,0.2347,24.0,0.2347,403,1.000,1.000,10,11,0.4977,0.3359,0.6005,NO
capture_0041.pgm,133,37,919,24,24,24,0.2347,24.0,0.2347,423,1.000,1.000,10,0,-0.4480,-0.0694,0.4533,NO
capture_0041.pgm,134,650,920,24,24,24,0.2347,24.0,0.2347,420,1.000,1.000,10,6,-0.4560,-0.0554,0.4593,NO
capture_0041.pgm,135,444,921,24,24,24,0.2347,24.0,0.2347,420,1.000,1.000,10,4,-0.4696,-0.0470,0.4720,NO
capture_0041.pgm,136,242,925,23,25,25,0.2445,25.0,0.2445,418,1.000,1.000,10,2,-0.4441,-0.0093,0.4442,NO
capture_0041.pgm,137,342,958,21,23,23,0.2249,23.0,0.2249,359,1.000,1.000,11,3,-0.4670,-0.1195,0.4820,NO
capture_0041.pgm,138,547,960,22,23,23,0.2249,23.0,0.2249,368,1.000,1.000,11,5,-0.4631,-0.0985,0.4735,NO
capture_0041.pgm,139,750,960,22,22,22,0.2152,22.0,0.2152,353,1.000,1.000,11,7,-0.4788,-0.0971,0.4886,NO
capture_0041.pgm,140,1160,961,23,23,23,0.2249,23.0,0.2249,398,1.000,1.000,11,11,-0.4711,-0.0846,0.4786,NO
capture_0041.pgm,141,959,963,26,24,26,0.2543,26.0,0.2543,453,1.000,1.000,11,9,-0.4358,-0.0664,0.4409,NO
capture_0041.pgm,142,139,966,24,24,24,0.2347,24.0,0.2347,431,1.000,1.000,11,1,-0.4513,-0.0426,0.4533,NO
capture_0041.pgm,143,1056,1002,24,25,25,0.2445,25.0,0.2445,439,1.000,1.000,11,10,-0.4880,-0.1016,0.4984,NO
capture_0041.pgm,144,1262,1000,22,22,22,0.2152,22.0,0.2152,353,1.000,1.000,11,12,-0.4744,-0.1198,0.4892,NO
capture_0041.pgm,145,37,1003,25,24,25,0.2445,25.0,0.2445,449,1.000,1.000,11,0,-0.4486,-0.0987,0.4593,NO
capture_0041.pgm,146,653,1003,21,23,23,0.2249,23.0,0.2249,359,1.000,1.000,11,6,-0.4272,-0.0946,0.4376,NO
capture_0041.pgm,147,241,1007,25,23,25,0.2445,25.0,0.2445,434,1.000,1.000,11,2,-0.4545,-0.0582,0.4582,NO
capture_0041.pgm,148,445,1009,22,24,24,0.2347,24.0,0.2347,385,1.000,1.000,11,4,-0.4604,-0.0373,0.4619,NO
capture_0041.pgm,149,858,1008,23,23,23,0.2249,23.0,0.2249,398,1.000,1.000,11,8,-0.4234,-0.0443,0.4257,NO
capture_0041.pgm,SUMMARY,,,,,,,,,,,,,,,,,
capture_0041.pgm,Count,149,,,,,,,,,,,,,,,
capture_0041.pgm,Missed,2,,,,,,,,,,,,,,,
capture_0041.pgm,Mean,,,,,,,,0.2289,,,,,,,,
capture_0041.pgm,Median,,,,,,,,0.2249,,,,,,,,
capture_0041.pgm,StdDev,,,,,,,,0.0110,,,,,,,,
capture_0041.pgm,Min,,,,,,,,0.2054,,,,,,,,
capture_0041.pgm,Max,,,,,,,,0.2543,,,,,,,,
capture_0042.pgm,1,751,16,22,24,24,0.2347,24.0,0.2347,397,1.000,1.000,0,7,-0.4626,0.0300,0.4636,NO
capture_0042.pgm,2,1152,17,24,24,24,0.2347,24.0,0.2347,431,1.000,1.000,0,10,0.4573,-0.3754,0.5917,NO
capture_0042.pgm,3,342,18,24,25,25,0.2445,25.0,0.2445,440,1.000,1.000,0,3,-0.4605,0.0468,0.4629,NO
capture_0042.pgm,4,955,18,23,24,24,0.2347,24.0,0.2347,404,1.000,1.000,0,9,-0.4685,0.0509,0.4713,NO
capture_0042.pgm,5,138,21,24,24,24,0.2347,24.0,0.2347,419,1.000,1.000,0,1,-0.4546,0.0748,0.4607,NO
capture_0042.pgm,6,547,24,23,24,24,0.2347,24.0,0.2347,404,1.000,1.000,0,5,-0.4567,0.1069,0.4690,NO
capture_0042.pgm,7,1066,54,25,25,25,0.2445,25.0,0.2445,470,1.000,1.000,0,10,-0.3838,-0.0136,0.3840,NO
capture_0042.pgm,8,254,58,25,28,28,0.2738,28.0,0.2738,533,1.000,1.000,0,2,-0.3209,0.0200,0.3216,NO
capture_0042.pgm,9,45,57,25,24,25,0.2445,25.0,0.2445,448,1.000,1.000,0,0,-0.3639,0.0089,0.3640,NO
capture_0042.pgm,10,457,57,22,23,23,0.2249,23.0,0.2249,375,1.000,1.000,0,4,-0.3366,0.0116,0.3368,NO
capture_0042.pgm,11,660,56,22,23,23,0.2249,23.0,0.2249,375,1.000,1.000,0,6,-0.3523,0.0032,0.3524,NO
capture_0042.pgm,12,864,57,22,23,23,0.2249,23.0,0.2249,375,1.000,1.000,0,8,-0.3583,0.0144,0.3586,NO
capture_0042.pgm,13,139,107,23,24,24,0.2347,24.0,0.2347,414,1.000,1.000,1,1,-0.4454,0.0650,0.4501,NO
capture_0042.pgm,14,342,106,22,22,22,0.2152,22.0,0.2152,346,1.000,1.000,1,3,-0.4611,0.0566,0.4646,NO
capture_0042.pgm,15,953,106,22,22,22,0.2152,22.0,0.2152,353,1.000,1.000,1,9,-0.4887,0.0607,0.4924,NO
capture_0042.pgm,16,1157,108,23,22,23,0.2249,23.0,0.2249,375,1.000,1.000,1,11,-0.4946,0.0816,0.5013,NO
capture_0042.pgm,17,747,109,23,21,23,0.2249,23.0,0.2249,359,1.000,1.000,1,6,0.4979,-0.3293,0.5970,NO
capture_0042.pgm,18,544,111,24,22,24,0.2347,24.0,0.2347,397,1.000,1.000,1,5,-0.4866,0.1069,0.4982,NO
capture_0042.pgm,19,645,143,22,22,22,0.2152,22.0,0.2152,353,1.000,1.000,1,6,-0.4996,0.0032,0.4996,NO
capture_0042.pgm,20,240,146,21,21,21,0.2054,21.0,0.2054,317,1.000,1.000,1,2,-0.4584,0.0298,0.4594,NO
capture_0042.pgm,21,40,149,24,22,24,0.2347,24.0,0.2347,397,1.000,1.000,1,0,-0.4134,0.0578,0.4174,NO
capture_0042.pgm,22,1056,149,23,22,23,0.2249,23.0,0.2249,382,1.000,1.000,1,10,-0.4821,0.0647,0.4865,NO
capture_0042.pgm,23,849,151,22,22,22,0.2152,22.0,0.2152,353,1.000,1.000,2,7,0.4947,-0.3514,0.6068,NO
capture_0042.pgm,24,1262,153,23,25,25,0.2445,25.0,0.2445,418,1.000,1.000,1,12,-0.4685,0.1052,0.4802,NO
capture_0042.pgm,25,443,155,23,23,23,0.2249,23.0,0.2249,391,1.000,1.000,1,4,-0.4741,0.1192,0.4889,NO
capture_0042.pgm,26,343,192,23,24,24,0.2347,24.0,0.2347,403,1.000,1.000,2,3,-0.4519,0.0468,0.4543,NO
capture_0042.pgm,27,546,192,22,24,24,0.2347,24.0,0.2347,390,1.000,1.000,2,5,-0.4676,0.0482,0.4701,NO
capture_0042.pgm,28,954,192,22,22,22,0.2152,22.0,0.2152,360,1.000,1.000,2,9,-0.4795,0.0509,0.4822,NO
capture_0042.pgm,29,142,195,24,24,24,0.2347,24.0,0.2347,430,1.000,1.000,2,1,-0.4167,0.0748,0.4233,NO
capture_0042.pgm,30,749,198,24,22,24,0.2347,24.0,0.2347,390,1.000,1.000,2,7,-0.4833,0.1082,0.4953,NO
capture_0042.pgm,31,1156,201,21,22,22,0.2152,22.0,0.2152,338,1.000,1.000,2,10,0.4953,-0.2776,0.5678,NO
capture_0042.pgm,32,439,242,21,22,22,0.2152,22.0,0.2152,338,1.000,1.000,3,3,0.4864,-0.3151,0.5795,NO
capture_0042.pgm,33,1258,243,22,23,23,0.2249,23.0,0.2249,368,1.000,1.000,3,11,0.4920,-0.2998,0.5761,NO
capture_0042.pgm,34,847,244,23,22,23,0.2249,23.0,0.2249,375,1.000,1.000,3,7,0.4745,-0.2927,0.5576,NO
capture_0042.pgm,35,24,246,24,23,24,0.2347,24.0,0.2347,394,1.000,1.000,3,-1,0.4298,-0.2787,0.5122,NO
capture_0042.pgm,36,240,246,21,22,22,0.2152,22.0,0.2152,338,1.000,1.000,2,2,-0.4590,0.1570,0.4851,NO
capture_0042.pgm,37,640,246,22,22,22,0.2152,22.0,0.2152,346,1.000,1.000,3,5,0.4511,-0.2746,0.5281,NO
capture_0042.pgm,38,955,278,21,22,22,0.2152,22.0,0.2152,338,1.000,1.000,3,9,-0.4703,0.0411,0.4721,NO
capture_0042.pgm,39,749,281,22,22,22,0.2152,22.0,0.2152,346,1.000,1.000,3,7,-0.4839,0.0691,0.4888,NO
capture_0042.pgm,40,138,283,24,23,24,0.2347,24.0,0.2347,407,1.000,1.000,3,1,-0.4564,0.0845,0.4641,NO
capture_0042.pgm,41,547,284,22,23,23,0.2249,23.0,0.2249,375,1.000,1.000,3,5,-0.4584,0.0971,0.4686,NO
capture_0042.pgm,42,1157,285,24,23,24,0.2347,24.0,0.2347,398,1.000,1.000,3,11,-0.4958,0.1110,0.5080,NO
capture_0042.pgm,43,343,286,22,24,24,0.2347,24.0,0.2347,404,1.000,1.000,3,3,-0.4525,0.1153,0.4670,NO
capture_0042.pgm,44,643,323,24,24,24,0.2347,24.0,0.2347,407,1.000,1.000,4,5,0.4799,-0.3724,0.6074,NO
capture_0042.pgm,45,850,326,22,21,22,0.2152,22.0,0.2152,338,1.000,1.000,3,8,-0.4969,0.0926,0.5055,NO
capture_0042.pgm,46,1052,328,25,23,25,0.2445,25.0,0.2445,437,1.000,1.000,4,9,0.4778,-0.3207,0.5754,NO
capture_0042.pgm,47,29,328,25,22,25,0.2445,25.0,0.2445,412,1.000,1.000,4,-1,0.4781,-0.3276,0.5795,NO
capture_0042.pgm,48,1259,329,22,21,22,0.2152,22.0,0.2152,338,1.000,1.000,3,12,-0.4990,0.1247,0.5144,NO
capture_0042.pgm,49,234,330,25,22,25,0.2445,25.0,0.2445,419,1.000,1.000,4,1,0.4819,-0.3066,0.5712,NO
capture_0042.pgm,50,547,368,22,21,22,0.2152,22.0,0.2152,338,1.000,1.000,4,5,-0.4590,0.0677,0.4640,NO
capture_0042.pgm,51,751,369,21,22,22,0.2152,22.0,0.2152,338,1.000,1.000,4,7,-0.4649,0.0789,0.4716,NO
capture_0042.pgm,52,1159,370,22,22,22,0.2152,22.0,0.2152,360,1.000,1.000,4,11,-0.4768,0.0914,0.4855,NO
capture_0042.pgm,53,959,372,23,24,24,0.2347,24.0,0.2347,421,1.000,1.000,4,9,-0.4317,0.1096,0.4454,NO
capture_0042.pgm,54,344,373,23,22,23,0.2249,23.0,0.2249,375,1.000,1.000,4,3,-0.4433,0.1153,0.4580,NO
capture_0042.pgm,55,140,375,24,25,25,0.2445,25.0,0.2445,451,1.000,1.000,4,1,-0.4374,0.1334,0.4573,NO
capture_0042.pgm,56,851,410,21,21,21,0.2054,21.0,0.2054,317,1.000,1.000,4,8,-0.4877,0.0633,0.4918,NO
capture_0042.pgm,57,1058,410,22,22,22,0.2152,22.0,0.2152,360,1.000,1.000,4,10,-0.4643,0.0647,0.4688,NO
capture_0042.pgm,58,1262,411,23,22,23,0.2249,23.0,0.2249,375,1.000,1.000,4,12,-0.4703,0.0758,0.4763,NO
capture_0042.pgm,59,248,413,25,24,25,0.2445,25.0,0.2445,437,1.000,1.000,4,2,-0.3820,0.0885,0.3921,NO
capture_0042.pgm,60,444,413,24,22,24,0.2347,24.0,0.2347,390,1.000,1.000,4,4,-0.4661,0.0899,0.4747,NO
capture_0042.pgm,61,647,413,24,21,24,0.2347,24.0,0.2347,380,1.000,1.000,4,6,-0.4818,0.0913,0.4904,NO
capture_0042.pgm,62,34,417,24,24,24,0.2347,24.0,0.2347,423,1.000,1.000,4,0,-0.4738,0.1262,0.4904,NO
capture_0042.pgm,63,955,453,21,22,22,0.2152,22.0,0.2152,338,1.000,1.000,5,9,-0.4714,0.0509,0.4742,NO
capture_0042.pgm,64,748,455,22,23,23,0.2249,23.0,0.2249,368,1.000,1.000,5,7,-0.4949,0.0691,0.4997,NO
capture_0042.pgm,65,548,455,21,21,21,0.2054,21.0,0.2054,317,1.000,1.000,5,5,-0.4498,0.0677,0.4549,NO
capture_0042.pgm,66,137,459,24,23,24,0.2347,24.0,0.2347,394,1.000,1.000,5,1,-0.4673,0.1041,0.4788,NO
capture_0042.pgm,67,1159,460,22,23,23,0.2249,23.0,0.2249,375,1.000,1.000,5,11,-0.4774,0.1208,0.4924,NO
capture_0042.pgm,68,345,463,24,24,24,0.2347,24.0,0.2347,431,1.000,1.000,5,3,-0.4341,0.1446,0.4576,NO
capture_0042.pgm,69,852,496,22,21,22,0.2152,22.0,0.2152,338,1.000,1.000,5,8,-0.4786,0.0535,0.4815,NO
capture_0042.pgm,70,35,497,23,23,23,0.2249,23.0,0.2249,384,1.000,1.000,5,0,-0.4646,0.0578,0.4682,NO
capture_0042.pgm,71,239,497,24,22,24,0.2347,24.0,0.2347,390,1.000,1.000,5,2,-0.4706,0.0592,0.4743,NO
capture_0042.pgm,72,445,499,25,23,25,0.2445,25.0,0.2445,423,1.000,1.000,5,4,-0.4569,0.0801,0.4639,NO
capture_0042.pgm,73,648,499,23,22,23,0.2249,23.0,0.2249,368,1.000,1.000,5,6,-0.4726,0.0815,0.4796,NO
capture_0042.pgm,74,1059,504,21,23,23,0.2249,23.0,0.2249,359,1.000,1.000,5,10,-0.4551,0.1331,0.4742,NO
capture_0042.pgm,75,137,540,23,24,24,0.2347,24.0,0.2347,408,1.000,1.000,6,1,-0.4679,0.0454,0.4701,NO
capture_0042.pgm,76,954,539,21,21,21,0.2054,21.0,0.2054,317,1.000,1.000,6,9,-0.4818,0.0412,0.4836,NO
capture_0042.pgm,77,340,541,23,24,24,0.2347,24.0,0.2347,406,1.000,1.000,6,3,-0.4836,0.0566,0.4869,NO
capture_0042.pgm,78,1162,542,23,25,25,0.2445,25.0,0.2445,434,1.000,1.000,6,11,-0.4486,0.0719,0.4543,NO
capture_0042.pgm,79,750,542,22,22,22,0.2152,22.0,0.2152,353,1.000,1.000,6,7,-0.4759,0.0691,0.4809,NO
capture_0042.pgm,80,551,546,25,24,25,0.2445,25.0,0.2445,451,1.000,1.000,6,5,-0.4211,0.1069,0.4344,NO
capture_0042.pgm,81,447,582,23,22,23,0.2249,23.0,0.2249,365,1.000,1.000,6,4,-0.4379,0.0410,0.4399,NO
capture_0042.pgm,82,648,584,22,22,22,0.2152,22.0,0.2152,353,1.000,1.000,6,6,-0.4732,0.0619,0.4772,NO
capture_0042.pgm,83,853,585,22,22,22,0.2152,22.0,0.2152,353,1.000,1.000,6,8,-0.4694,0.0731,0.4750,NO
capture_0042.pgm,84,34,586,24,23,24,0.2347,24.0,0.2347,406,1.000,1.000,6,0,-0.4750,0.0773,0.4813,NO
capture_0042.pgm,85,1058,586,21,22,22,0.2152,22.0,0.2152,338,1.000,1.000,6,10,-0.4655,0.0842,0.4731,NO
capture_0042.pgm,86,1259,587,23,23,23,0.2249,23.0,0.2249,398,1.000,1.000,7,11,0.4995,-0.3389,0.6036,NO
capture_0042.pgm,87,242,587,25,22,25,0.2445,25.0,0.2445,412,1.000,1.000,6,2,-0.4418,0.0885,0.4506,NO
capture_0042.pgm,88,953,626,25,23,25,0.2445,25.0,0.2445,426,1.000,1.000,7,9,-0.4922,0.0412,0.4939,NO
capture_0042.pgm,89,339,629,23,23,23,0.2249,23.0,0.2249,395,1.000,1.000,7,3,-0.4940,0.0664,0.4984,NO
capture_0042.pgm,90,547,630,23,23,23,0.2249,23.0,0.2249,398,1.000,1.000,7,5,-0.4608,0.0775,0.4672,NO
capture_0042.pgm,91,1160,631,23,24,24,0.2347,24.0,0.2347,411,1.000,1.000,7,11,-0.4688,0.0914,0.4776,NO
capture_0042.pgm,92,751,632,23,23,23,0.2249,23.0,0.2249,391,1.000,1.000,7,7,-0.4667,0.0985,0.4770,NO
capture_0042.pgm,93,135,633,25,24,25,0.2445,25.0,0.2445,437,1.000,1.000,7,1,-0.4880,0.1041,0.4990,NO
capture_0042.pgm,94,1056,669,22,23,23,0.2249,23.0,0.2249,375,1.000,1.000,7,10,-0.4856,0.0451,0.4877,NO
capture_0042.pgm,95,1263,672,22,23,23,0.2249,23.0,0.2249,375,1.000,1.000,7,12,-0.4622,0.0758,0.4684,NO
capture_0042.pgm,96,35,672,23,22,23,0.2249,23.0,0.2249,382,1.000,1.000,7,0,-0.4658,0.0676,0.4707,NO
capture_0042.pgm,97,645,672,25,21,25,0.2445,25.0,0.2445,401,1.000,1.000,8,5,0.4971,-0.3626,0.6153,NO
capture_0042.pgm,98,438,673,23,21,23,0.2249,23.0,0.2249,359,1.000,1.000,8,3,0.4737,-0.3542,0.5914,NO
capture_0042.pgm,99,852,674,22,24,24,0.2347,24.0,0.2347,390,1.000,1.000,7,8,-0.4797,0.0926,0.4886,NO
capture_0042.pgm,100,240,676,22,23,23,0.2249,23.0,0.2249,375,1.000,1.000,7,2,-0.4619,0.1081,0.4744,NO
capture_0042.pgm,101,954,714,22,22,22,0.2152,22.0,0.2152,360,1.000,1.000,8,9,-0.4830,0.0509,0.4857,NO
capture_0042.pgm,102,548,716,24,23,24,0.2347,24.0,0.2347,407,1.000,1.000,8,5,-0.4516,0.0677,0.4566,NO
capture_0042.pgm,103,748,716,25,24,25,0.2445,25.0,0.2445,437,1.000,1.000,8,7,-0.4966,0.0691,0.5014,NO
capture_0042.pgm,104,137,719,25,23,25,0.2445,25.0,0.2445,421,1.000,1.000,8,1,-0.4691,0.0943,0.4785,NO
capture_0042.pgm,105,341,718,23,23,23,0.2249,23.0,0.2249,398,1.000,1.000,8,3,-0.4750,0.0859,0.4827,NO
capture_0042.pgm,106,1160,720,24,25,25,0.2445,25.0,0.2445,448,1.000,1.000,8,11,-0.4693,0.1110,0.4823,NO
capture_0042.pgm,107,1264,757,21,23,23,0.2249,23.0,0.2249,359,1.000,1.000,8,12,-0.4530,0.0563,0.4565,NO
capture_0042.pgm,108,856,758,23,24,24,0.2347,24.0,0.2347,394,1.000,1.000,8,8,-0.4412,0.0633,0.4457,NO
capture_0042.pgm,109,238,758,25,23,25,0.2445,25.0,0.2445,418,1.000,1.000,8,2,-0.4821,0.0592,0.4857,NO
capture_0042.pgm,110,648,759,22,23,23,0.2249,23.0,0.2249,368,1.000,1.000,8,6,-0.4744,0.0717,0.4798,NO
capture_0042.pgm,111,1055,761,25,25,25,0.2445,25.0,0.2445,443,1.000,1.000,8,10,-0.4960,0.0940,0.5048,NO
capture_0042.pgm,112,442,761,24,24,24,0.2347,24.0,0.2347,424,1.000,1.000,8,4,-0.4880,0.0899,0.4962,NO
capture_0042.pgm,113,35,764,25,24,25,0.2445,25.0,0.2445,455,1.000,1.000,8,0,-0.4664,0.1165,0.4807,NO
capture_0042.pgm,114,340,801,23,24,24,0.2347,24.0,0.2347,403,1.000,1.000,9,3,-0.4853,0.0468,0.4876,NO
capture_0042.pgm,115,546,802,25,23,25,0.2445,25.0,0.2445,429,1.000,1.000,9,5,-0.4717,0.0580,0.4753,NO
capture_0042.pgm,116,954,801,22,22,22,0.2152,22.0,0.2152,353,1.000,1.000,9,9,-0.4836,0.0509,0.4862,NO
capture_0042.pgm,117,1158,804,23,24,24,0.2347,24.0,0.2347,406,1.000,1.000,9,11,-0.4895,0.0816,0.4963,NO
capture_0042.pgm,118,747,804,24,22,24,0.2347,24.0,0.2347,385,1.000,1.000,9,6,0.4933,-0.3391,0.5985,NO
capture_0042.pgm,119,135,806,25,24,25,0.2445,25.0,0.2445,450,1.000,1.000,9,1,-0.4892,0.0943,0.4982,NO
capture_0042.pgm,120,1264,843,21,22,22,0.2152,22.0,0.2152,338,1.000,1.000,9,12,-0.4536,0.0465,0.4560,NO
capture_0042.pgm,121,37,847,25,25,25,0.2445,25.0,0.2445,457,1.000,1.000,9,0,-0.4474,0.0773,0.4540,NO
capture_0042.pgm,122,243,846,23,24,24,0.2347,24.0,0.2347,407,1.000,1.000,9,2,-0.4338,0.0689,0.4392,NO
capture_0042.pgm,123,649,849,22,23,23,0.2249,23.0,0.2249,375,1.000,1.000,9,6,-0.4652,0.1010,0.4760,NO
capture_0042.pgm,124,1060,849,22,23,23,0.2249,23.0,0.2249,368,1.000,1.000,9,10,-0.4477,0.1038,0.4596,NO
capture_0042.pgm,125,441,849,22,23,23,0.2249,23.0,0.2249,375,1.000,1.000,9,4,-0.4984,0.0997,0.5082,NO
capture_0042.pgm,126,855,853,23,25,25,0.2445,25.0,0.2445,426,1.000,1.000,9,8,-0.4516,0.1415,0.4732,NO
capture_0042.pgm,127,952,889,27,22,27,0.2641,27.0,0.2641,453,1.000,1.000,10,8,0.4965,-0.3572,0.6117,NO
capture_0042.pgm,128,552,891,23,23,23,0.2249,23.0,0.2249,398,1.000,1.000,10,5,-0.4136,0.0775,0.4208,NO
capture_0042.pgm,129,1156,891,24,22,24,0.2347,24.0,0.2347,394,1.000,1.000,10,10,0.4906,-0.3363,0.5948,NO
capture_0042.pgm,130,136,894,24,23,24,0.2347,24.0,0.2347,406,1.000,1.000,10,1,-0.4800,0.1041,0.4912,NO
capture_0042.pgm,131,346,895,24,24,24,0.2347,24.0,0.2347,438,1.000,1.000,10,3,-0.4273,0.1153,0.4425,NO
capture_0042.pgm,132,1263,931,23,22,23,0.2249,23.0,0.2249,375,1.000,1.000,10,12,-0.4640,0.0563,0.4674,NO
capture_0042.pgm,133,650,936,25,24,25,0.2445,25.0,0.2445,443,1.000,1.000,10,6,-0.4560,0.1010,0.4670,NO
capture_0042.pgm,134,37,936,23,22,23,0.2249,23.0,0.2249,368,1.000,1.000,10,0,-0.4480,0.0969,0.4584,NO
capture_0042.pgm,135,246,938,23,24,24,0.2347,24.0,0.2347,428,1.000,1.000,10,2,-0.4050,0.1178,0.4218,NO
capture_0042.pgm,136,853,938,22,23,23,0.2249,23.0,0.2249,382,1.000,1.000,10,8,-0.4717,0.1220,0.4872,NO
capture_0042.pgm,137,1057,939,23,25,25,0.2445,25.0,0.2445,422,1.000,1.000,10,10,-0.4776,0.1331,0.4958,NO
capture_0042.pgm,138,444,940,23,24,24,0.2347,24.0,0.2347,395,1.000,1.000,10,4,-0.4696,0.1388,0.4897,NO
capture_0042.pgm,139,751,977,23,24,24,0.2347,24.0,0.2347,406,1.000,1.000,11,7,-0.4690,0.0691,0.4741,NO
capture_0042.pgm,140,341,977,22,22,22,0.2152,22.0,0.2152,360,1.000,1.000,11,3,-0.4767,0.0664,0.4813,NO
capture_0042.pgm,141,954,978,23,24,24,0.2347,24.0,0.2347,406,1.000,1.000,11,9,-0.4847,0.0803,0.4913,NO
capture_0042.pgm,142,550,978,22,22,22,0.2152,22.0,0.2152,353,1.000,1.000,11,5,-0.4338,0.0775,0.4406,NO
capture_0042.pgm,143,1157,979,24,23,24,0.2347,24.0,0.2347,404,1.000,1.000,11,10,0.4998,-0.3265,0.5970,NO
capture_0042.pgm,144,143,984,25,25,25,0.2445,25.0,0.2445,458,1.000,1.000,11,1,-0.4121,0.1335,0.4332,NO
capture_0042.pgm,SUMMARY,,,,,,,,,,,,,,,,,
capture_0042.pgm,Count,144,,,,,,,,,,,,,,,
capture_0042.pgm,Missed,19,,,,,,,,,,,,,,,
capture_0042.pgm,Mean,,,,,,,,0.2300,,,,,,,,
capture_0042.pgm,Median,,,,,,,,0.2347,,,,,,,,
capture_0042.pgm,StdDev,,,,,,,,0.0117,,,,,,,,
capture_0042.pgm,Min,,,,,,,,0.2054,,,,,,,,
capture_0042.pgm,Max,,,,,,,,0.2738,,,,,,,,
capture_0043.pgm,1,474,17,22,23,23,0.2249,23.0,0.2249,375,1.000,1.000,0,4,-0.1704,-0.3796,0.4161,NO
capture_0043.pgm,2,881,18,23,23,23,0.2249,23.0,0.2249,383,1.000,1.000,0,8,-0.1920,-0.3670,0.4142,NO
capture_0043.pgm,3,678,21,24,24,24,0.2347,24.0,0.2347,435,1.000,1.000,0,6,-0.1763,-0.3391,0.3822,NO
capture_0043.pgm,4,1087,20,24,22,24,0.2347,24.0,0.2347,390,1.000,1.000,0,10,-0.1784,-0.3461,0.3894,NO
capture_0043.pgm,5,268,22,25,25,25,0.2445,25.0,0.2445,462,1.000,1.000,0,2,-0.1840,-0.3320,0.3796,NO
capture_0043.pgm,6,68,25,23,25,25,0.2445,25.0,0.2445,430,1.000,1.000,0,0,-0.1390,-0.3041,0.3343,NO
capture_0043.pgm,7,590,55,22,23,23,0.2249,23.0,0.2249,382,1.000,1.000,0,5,-0.0361,0.4100,0.4116,NO
capture_0043.pgm,8,792,57,26,25,26,0.2543,26.0,0.2543,474,1.000,1.000,1,7,-0.0622,-0.4199,0.4245,NO
capture_0043.pgm,9,1206,58,25,25,25,0.2445,25.0,0.2445,462,1.000,1.000,1,11,-0.0154,-0.4074,0.4076,NO
capture_0043.pgm,10,183,60,23,24,24,0.2347,24.0,0.2347,407,1.000,1.000,1,1,-0.0151,-0.3947,0.3950,NO
capture_0043.pgm,11,380,61,22,23,23,0.2249,23.0,0.2249,368,1.000,1.000,1,3,-0.0895,-0.3835,0.3938,NO
capture_0043.pgm,12,994,63,24,23,24,0.2347,24.0,0.2347,403,1.000,1.000,1,9,-0.0877,-0.3598,0.3704,NO
capture_0043.pgm,13,472,102,26,24,26,0.2543,26.0,0.2543,458,1.000,1.000,1,4,-0.1905,-0.3991,0.4423,NO
capture_0043.pgm,14,882,105,22,22,22,0.2152,22.0,0.2152,353,1.000,1.000,1,8,-0.1828,-0.3670,0.4100,NO
capture_0043.pgm,15,1085,106,25,22,25,0.2445,25.0,0.2445,406,1.000,1.000,1,10,-0.1985,-0.3559,0.4075,NO
capture_0043.pgm,16,271,108,24,25,25,0.2445,25.0,0.2445,444,1.000,1.000,1,2,-0.1553,-0.3418,0.3754,NO
capture_0043.pgm,17,675,108,24,24,24,0.2347,24.0,0.2347,431,1.000,1.000,1,6,-0.2062,-0.3391,0.3969,NO
capture_0043.pgm,18,65,113,25,24,25,0.2445,25.0,0.2445,445,1.000,1.000,1,0,-0.1689,-0.2943,0.3393,NO
capture_0043.pgm,19,1190,148,23,22,23,0.2249,23.0,0.2249,372,1.000,1.000,2,11,-0.1724,-0.3780,0.4155,NO
capture_0043.pgm,20,578,149,25,23,25,0.2445,25.0,0.2445,416,1.000,1.000,2,5,-0.1547,-0.3724,0.4032,NO
capture_0043.pgm,21,778,151,29,25,29,0.2836,29.0,0.2836,534,1.000,1.000,2,7,-0.1997,-0.3514,0.4042,NO
capture_0043.pgm,22,373,150,23,22,23,0.2249,23.0,0.2249,372,1.000,1.000,2,3,-0.1585,-0.3640,0.3970,NO
capture_0043.pgm,23,168,154,24,24,24,0.2347,24.0,0.2347,428,1.000,1.000,2,1,-0.1624,-0.3262,0.3644,NO
capture_0043.pgm,24,880,192,25,23,25,0.2445,25.0,0.2445,418,1.000,1.000,2,8,-0.2030,-0.3670,0.4194,NO
capture_0043.pgm,25,678,194,24,23,24,0.2347,24.0,0.2347,421,1.000,1.000,2,6,-0.1775,-0.3488,0.3914,NO
capture_0043.pgm,26,272,196,22,21,22,0.2152,22.0,0.2152,338,1.000,1.000,2,2,-0.1461,-0.3320,0.3627,NO
capture_0043.pgm,27,474,196,24,23,24,0.2347,24.0,0.2347,403,1.000,1.000,2,4,-0.1715,-0.3307,0.3725,NO
capture_0043.pgm,28,1082,197,24,25,25,0.2445,25.0,0.2445,424,1.000,1.000,2,10,-0.2284,-0.3168,0.3905,NO
capture_0043.pgm,29,66,199,24,24,24,0.2347,24.0,0.2347,452,1.000,1.000,2,0,-0.1597,-0.3041,0.3435,NO
capture_0043.pgm,30,370,237,23,23,23,0.2249,23.0,0.2249,391,1.000,1.000,3,3,-0.1884,-0.3640,0.4098,NO
capture_0043.pgm,31,571,241,22,22,22,0.2152,22.0,0.2152,353,1.000,1.000,3,5,-0.2237,-0.3235,0.3933,NO
capture_0043.pgm,32,779,241,21,22,22,0.2152,22.0,0.2152,338,1.000,1.000,3,7,-0.1905,-0.3221,0.3742,NO
capture_0043.pgm,33,166,243,22,22,22,0.2152,22.0,0.2152,353,1.000,1.000,3,1,-0.1825,-0.3066,0.3569,NO
capture_0043.pgm,34,983,243,22,22,22,0.2152,22.0,0.2152,360,1.000,1.000,3,9,-0.1964,-0.3011,0.3596,NO
capture_0043.pgm,35,270,279,24,24,24,0.2347,24.0,0.2347,420,1.000,1.000,3,2,-0.1662,-0.3712,0.4067,NO
capture_0043.pgm,36,1086,278,22,22,22,0.2152,22.0,0.2152,346,1.000,1.000,3,10,-0.1899,-0.3754,0.4207,NO
capture_0043.pgm,37,678,279,22,22,22,0.2152,22.0,0.2152,360,1.000,1.000,3,6,-0.1781,-0.3684,0.4092,NO
capture_0043.pgm,38,476,282,23,23,23,0.2249,23.0,0.2249,398,1.000,1.000,3,4,-0.1526,-0.3404,0.3731,NO
capture_0043.pgm,39,885,282,25,23,25,0.2445,25.0,0.2445,425,1.000,1.000,3,8,-0.1546,-0.3377,0.3714,NO
capture_0043.pgm,40,64,283,24,23,24,0.2347,24.0,0.2347,410,1.000,1.000,3,0,-0.1798,-0.3334,0.3788,NO
capture_0043.pgm,41,782,328,21,21,21,0.2054,21.0,0.2054,317,1.000,1.000,4,7,-0.1618,-0.3221,0.3604,NO
capture_0043.pgm,42,576,330,22,23,23,0.2249,23.0,0.2249,382,1.000,1.000,4,5,-0.1754,-0.3039,0.3509,NO
capture_0043.pgm,43,990,333,23,24,24,0.2347,24.0,0.2347,406,1.000,1.000,4,9,-0.1286,-0.2718,0.3007,NO
capture_0043.pgm,44,1189,332,21,21,21,0.2054,21.0,0.2054,317,1.000,1.000,4,11,-0.1834,-0.2802,0.3349,NO
capture_0043.pgm,45,164,333,22,22,22,0.2152,22.0,0.2152,353,1.000,1.000,4,1,-0.2027,-0.2773,0.3435,NO
capture_0043.pgm,46,377,335,24,24,24,0.2347,24.0,0.2347,437,1.000,1.000,4,3,-0.1206,-0.2564,0.2833,NO
capture_0043.pgm,47,676,366,28,21,28,0.2738,28.0,0.2738,464,1.000,1.000,4,6,-0.1982,-0.3684,0.4183,NO
capture_0043.pgm,48,65,370,24,27,27,0.2641,27.0,0.2641,482,1.000,1.000,4,0,-0.1706,-0.3334,0.3745,NO
capture_0043.pgm,49,475,368,24,23,24,0.2347,24.0,0.2347,403,1.000,1.000,4,4,-0.1629,-0.3502,0.3863,NO
capture_0043.pgm,50,889,368,23,22,23,0.2249,23.0,0.2249,382,1.000,1.000,4,8,-0.1161,-0.3475,0.3664,NO
capture_0043.pgm,51,1087,370,23,23,23,0.2249,23.0,0.2249,398,1.000,1.000,4,10,-0.1807,-0.3265,0.3732,NO
capture_0043.pgm,52,268,371,22,21,22,0.2152,22.0,0.2152,338,1.000,1.000,4,2,-0.1864,-0.3223,0.3723,NO
capture_0043.pgm,53,783,411,21,22,22,0.2152,22.0,0.2152,338,1.000,1.000,5,7,-0.1526,-0.3612,0.3921,NO
capture_0043.pgm,54,1191,413,25,23,25,0.2445,25.0,0.2445,430,1.000,1.000,5,11,-0.1644,-0.3389,0.3767,NO
capture_0043.pgm,55,578,417,24,25,25,0.2445,25.0,0.2445,440,1.000,1.000,5,5,-0.1564,-0.3039,0.3418,NO
capture_0043.pgm,56,170,418,22,24,24,0.2347,24.0,0.2347,390,1.000,1.000,5,1,-0.1446,-0.2969,0.3302,NO
capture_0043.pgm,57,380,418,23,23,23,0.2249,23.0,0.2249,381,1.000,1.000,5,3,-0.0918,-0.2955,0.3094,NO
capture_0043.pgm,58,68,456,25,24,25,0.2445,25.0,0.2445,437,1.000,1.000,5,0,-0.1419,-0.3432,0.3714,NO
capture_0043.pgm,59,277,457,25,25,25,0.2445,25.0,0.2445,460,1.000,1.000,5,2,-0.0989,-0.3320,0.3465,NO
capture_0043.pgm,60,681,457,23,23,23,0.2249,23.0,0.2249,405,1.000,1.000,5,6,-0.1499,-0.3293,0.3618,NO
capture_0043.pgm,61,1087,457,23,23,23,0.2249,23.0,0.2249,398,1.000,1.000,5,10,-0.1813,-0.3265,0.3735,NO
capture_0043.pgm,62,479,457,22,21,22,0.2152,22.0,0.2152,338,1.000,1.000,5,4,-0.1244,-0.3307,0.3533,NO
capture_0043.pgm,63,886,457,22,22,22,0.2152,22.0,0.2152,353,1.000,1.000,5,8,-0.1460,-0.3279,0.3590,NO
capture_0043.pgm,64,373,499,24,23,24,0.2347,24.0,0.2347,404,1.000,1.000,6,3,-0.1609,-0.3542,0.3890,NO
capture_0043.pgm,65,581,499,21,22,22,0.2152,22.0,0.2152,338,1.000,1.000,6,5,-0.1277,-0.3528,0.3752,NO
capture_0043.pgm,66,173,500,22,22,22,0.2152,22.0,0.2152,360,1.000,1.000,6,1,-0.1158,-0.3458,0.3646,NO
capture_0043.pgm,67,782,503,23,23,23,0.2249,23.0,0.2249,375,1.000,1.000,6,7,-0.1629,-0.3123,0.3522,NO
capture_0043.pgm,68,991,502,21,22,22,0.2152,22.0,0.2152,338,1.000,1.000,6,9,-0.1200,-0.3207,0.3424,NO
capture_0043.pgm,69,1194,502,21,21,21,0.2054,21.0,0.2054,317,1.000,1.000,6,11,-0.1357,-0.3193,0.3470,NO
capture_0043.pgm,70,66,540,23,25,25,0.2445,25.0,0.2445,422,1.000,1.000,6,0,-0.1620,-0.3725,0.4062,NO
capture_0043.pgm,71,271,541,21,21,21,0.2054,21.0,0.2054,317,1.000,1.000,6,2,-0.1582,-0.3614,0.3945,NO
capture_0043.pgm,72,478,543,24,24,24,0.2347,24.0,0.2347,431,1.000,1.000,6,4,-0.1348,-0.3404,0.3661,NO
capture_0043.pgm,73,682,544,23,24,24,0.2347,24.0,0.2347,407,1.000,1.000,6,6,-0.1407,-0.3293,0.3581,NO
capture_0043.pgm,74,885,545,24,24,24,0.2347,24.0,0.2347,431,1.000,1.000,6,8,-0.1564,-0.3181,0.3545,NO
capture_0043.pgm,75,1086,545,25,24,25,0.2445,25.0,0.2445,443,1.000,1.000,6,10,-0.1917,-0.3168,0.3702,NO
capture_0043.pgm,76,580,584,21,22,22,0.2152,22.0,0.2152,338,1.000,1.000,7,5,-0.1380,-0.3724,0.3971,NO
capture_0043.pgm,77,1190,586,23,23,23,0.2249,23.0,0.2249,391,1.000,1.000,7,11,-0.1754,-0.3487,0.3903,NO
capture_0043.pgm,78,780,586,24,23,24,0.2347,24.0,0.2347,421,1.000,1.000,7,7,-0.1831,-0.3514,0.3962,NO
capture_0043.pgm,79,369,588,24,24,24,0.2347,24.0,0.2347,418,1.000,1.000,7,3,-0.2006,-0.3346,0.3901,NO
capture_0043.pgm,80,172,588,23,22,23,0.2249,23.0,0.2249,375,1.000,1.000,7,1,-0.1262,-0.3360,0.3589,NO
capture_0043.pgm,81,988,589,21,22,22,0.2152,22.0,0.2152,338,1.000,1.000,7,9,-0.1499,-0.3207,0.3540,NO
capture_0043.pgm,82,71,625,23,23,23,0.2249,23.0,0.2249,384,1.000,1.000,7,0,-0.1137,-0.3921,0.4082,NO
capture_0043.pgm,83,476,627,22,23,23,0.2249,23.0,0.2249,375,1.000,1.000,7,4,-0.1549,-0.3698,0.4009,NO
capture_0043.pgm,84,884,628,24,24,24,0.2347,24.0,0.2347,427,1.000,1.000,7,8,-0.1668,-0.3573,0.3943,NO
capture_0043.pgm,85,1089,634,24,26,26,0.2543,26.0,0.2543,454,1.000,1.000,7,10,-0.1629,-0.2972,0.3389,NO
capture_0043.pgm,86,268,633,26,22,26,0.2543,26.0,0.2543,441,1.000,1.000,7,2,-0.1881,-0.3125,0.3647,NO
capture_0043.pgm,87,687,634,24,25,25,0.2445,25.0,0.2445,447,1.000,1.000,7,6,-0.0924,-0.2999,0.3138,NO
capture_0043.pgm,88,167,673,25,23,25,0.2445,25.0,0.2445,425,1.000,1.000,8,1,-0.1757,-0.3555,0.3966,NO
capture_0043.pgm,89,579,673,21,21,21,0.2054,21.0,0.2054,317,1.000,1.000,8,5,-0.1484,-0.3528,0.3827,NO
capture_0043.pgm,90,779,674,22,22,22,0.2152,22.0,0.2152,346,1.000,1.000,8,7,-0.1934,-0.3416,0.3926,NO
capture_0043.pgm,91,984,674,22,22,22,0.2152,22.0,0.2152,360,1.000,1.000,8,9,-0.1896,-0.3403,0.3895,NO
capture_0043.pgm,92,374,675,21,22,22,0.2152,22.0,0.2152,338,1.000,1.000,8,3,-0.1522,-0.3346,0.3676,NO
capture_0043.pgm,93,1193,676,25,23,25,0.2445,25.0,0.2445,424,1.000,1.000,8,11,-0.1466,-0.3193,0.3514,NO
capture_0043.pgm,94,886,709,21,23,23,0.2249,23.0,0.2249,359,1.000,1.000,8,8,-0.1478,-0.4159,0.4414,NO
capture_0043.pgm,95,71,712,24,24,24,0.2347,24.0,0.2347,423,1.000,1.000,8,0,-0.1143,-0.3921,0.4084,NO
capture_0043.pgm,96,478,715,24,24,24,0.2347,24.0,0.2347,421,1.000,1.000,8,4,-0.1359,-0.3600,0.3848,NO
capture_0043.pgm,97,1088,718,26,23,26,0.2543,26.0,0.2543,454,1.000,1.000,8,10,-0.1733,-0.3265,0.3697,NO
capture_0043.pgm,98,275,718,24,22,24,0.2347,24.0,0.2347,397,1.000,1.000,8,2,-0.1202,-0.3320,0.3531,NO
capture_0043.pgm,99,688,722,24,23,24,0.2347,24.0,0.2347,407,1.000,1.000,8,6,-0.0832,-0.2902,0.3019,NO
capture_0043.pgm,100,777,757,23,24,24,0.2347,24.0,0.2347,403,1.000,1.000,9,7,-0.2136,-0.3808,0.4366,NO
capture_0043.pgm,101,578,758,23,22,23,0.2249,23.0,0.2249,375,1.000,1.000,9,5,-0.1588,-0.3724,0.4048,NO
capture_0043.pgm,102,170,762,22,22,22,0.2152,22.0,0.2152,353,1.000,1.000,9,1,-0.1469,-0.3360,0.3667,NO
capture_0043.pgm,103,375,762,22,22,22,0.2152,22.0,0.2152,353,1.000,1.000,9,3,-0.1431,-0.3346,0.3639,NO
capture_0043.pgm,104,1197,762,22,22,22,0.2152,22.0,0.2152,353,1.000,1.000,9,11,-0.1081,-0.3291,0.3464,NO
capture_0043.pgm,105,989,764,22,21,22,0.2152,22.0,0.2152,338,1.000,1.000,9,9,-0.1413,-0.3109,0.3415,NO
capture_0043.pgm,106,890,797,24,25,25,0.2445,25.0,0.2445,431,1.000,1.000,9,8,-0.1093,-0.4061,0.4206,NO
capture_0043.pgm,107,1092,797,24,23,24,0.2347,24.0,0.2347,421,1.000,1.000,9,10,-0.1347,-0.4048,0.4266,NO
capture_0043.pgm,108,72,799,25,24,25,0.2445,25.0,0.2445,447,1.000,1.000,9,0,-0.1051,-0.3921,0.4059,NO
capture_0043.pgm,109,477,802,23,24,24,0.2347,24.0,0.2347,411,1.000,1.000,9,4,-0.1463,-0.3600,0.3886,NO
capture_0043.pgm,110,679,803,25,22,25,0.2445,25.0,0.2445,406,1.000,1.000,9,6,-0.1718,-0.3488,0.3888,NO
capture_0043.pgm,111,269,811,24,23,24,0.2347,24.0,0.2347,411,1.000,1.000,9,2,-0.1795,-0.2734,0.3270,NO
capture_0043.pgm,112,1193,843,24,23,24,0.2347,24.0,0.2347,406,1.000,1.000,10,11,-0.1478,-0.3878,0.4150,NO
capture_0043.pgm,113,172,848,23,23,23,0.2249,23.0,0.2249,391,1.000,1.000,10,1,-0.1279,-0.3458,0.3687,NO
capture_0043.pgm,114,373,848,23,23,23,0.2249,23.0,0.2249,384,1.000,1.000,10,3,-0.1632,-0.3444,0.3811,NO
capture_0043.pgm,115,579,847,22,22,22,0.2152,22.0,0.2152,353,1.000,1.000,10,5,-0.1496,-0.3528,0.3832,NO
capture_0043.pgm,116,990,850,21,23,23,0.2249,23.0,0.2249,359,1.000,1.000,10,9,-0.1321,-0.3207,0.3468,NO
capture_0043.pgm,117,781,850,22,22,22,0.2152,22.0,0.2152,353,1.000,1.000,10,7,-0.1750,-0.3221,0.3666,NO
capture_0043.pgm,118,885,885,22,23,23,0.2249,23.0,0.2249,375,1.000,1.000,10,8,-0.1587,-0.3964,0.4270,NO
capture_0043.pgm,119,480,886,23,23,23,0.2249,23.0,0.2249,390,1.000,1.000,10,4,-0.1175,-0.3893,0.4067,NO
capture_0043.pgm,120,1088,886,25,23,25,0.2445,25.0,0.2445,437,1.000,1.000,10,10,-0.1744,-0.3852,0.4229,NO
capture_0043.pgm,121,70,889,23,23,23,0.2249,23.0,0.2249,384,1.000,1.000,10,0,-0.1253,-0.3627,0.3838,NO
capture_0043.pgm,122,677,890,27,23,27,0.2641,27.0,0.2641,459,1.000,1.000,10,6,-0.1919,-0.3488,0.3982,NO
capture_0043.pgm,123,274,891,22,23,23,0.2249,23.0,0.2249,382,1.000,1.000,10,2,-0.1312,-0.3418,0.3661,NO
capture_0043.pgm,124,173,935,23,24,24,0.2347,24.0,0.2347,407,1.000,1.000,11,1,-0.1187,-0.3458,0.3656,NO
capture_0043.pgm,125,1197,934,21,22,22,0.2152,22.0,0.2152,338,1.000,1.000,11,11,-0.1092,-0.3487,0.3654,NO
capture_0043.pgm,126,377,935,22,22,22,0.2152,22.0,0.2152,353,1.000,1.000,11,3,-0.1247,-0.3444,0.3663,NO
capture_0043.pgm,127,782,935,22,22,22,0.2152,22.0,0.2152,353,1.000,1.000,11,7,-0.1659,-0.3416,0.3798,NO
capture_0043.pgm,128,991,937,23,23,23,0.2249,23.0,0.2249,384,1.000,1.000,11,9,-0.1229,-0.3207,0.3434,NO
capture_0043.pgm,129,581,941,22,23,23,0.2249,23.0,0.2249,382,1.000,1.000,11,5,-0.1306,-0.2843,0.3129,NO
capture_0043.pgm,130,692,974,24,25,25,0.2445,25.0,0.2445,448,1.000,1.000,11,6,-0.0458,-0.3782,0.3809,NO
capture_0043.pgm,131,475,975,24,25,25,0.2445,25.0,0.2445,454,1.000,1.000,11,4,-0.1670,-0.3698,0.4058,NO
capture_0043.pgm,132,888,975,22,23,23,0.2249,23.0,0.2249,375,1.000,1.000,11,8,-0.1300,-0.3670,0.3894,NO
capture_0043.pgm,133,1087,976,24,23,24,0.2347,24.0,0.2347,413,1.000,1.000,11,10,-0.1848,-0.3559,0.4010,NO
capture_0043.pgm,134,71,978,22,23,23,0.2249,23.0,0.2249,375,1.000,1.000,11,0,-0.1161,-0.3432,0.3623,NO
capture_0043.pgm,135,273,980,23,24,24,0.2347,24.0,0.2347,421,1.000,1.000,11,2,-0.1415,-0.3223,0.3520,NO
capture_0043.pgm,SUMMARY,,,,,,,,,,,,,,,,,
capture_0043.pgm,Count,135,,,,,,,,,,,,,,,
capture_0043.pgm,Missed,4,,,,,,,,,,,,,,,
capture_0043.pgm,Mean,,,,,,,,0.2306,,,,,,,,
capture_0043.pgm,Median,,,,,,,,0.2347,,,,,,,,
capture_0043.pgm,StdDev,,,,,,,,0.0140,,,,,,,,
capture_0043.pgm,Min,,,,,,,,0.2054,,,,,,,,
capture_0043.pgm,Max,,,,,,,,0.2836,,,,,,,,
capture_0044.pgm,1,783,47,21,22,22,0.2152,22.0,0.2152,338,1.000,1.000,0,7,-0.1496,0.3332,0.3652,NO
capture_0044.pgm,2,988,47,22,22,22,0.2152,22.0,0.2152,353,1.000,1.000,0,9,-0.1458,0.3345,0.3649,NO
capture_0044.pgm,3,574,50,26,25,26,0.2543,26.0,0.2543,453,1.000,1.000,0,5,-0.1926,0.3611,0.4093,NO
capture_0044.pgm,4,170,49,22,22,22,0.2152,22.0,0.2152,360,1.000,1.000,0,1,-0.1416,0.3486,0.3763,NO
capture_0044.pgm,5,1190,51,23,23,23,0.2249,23.0,0.2249,391,1.000,1.000,0,11,-0.1713,0.3750,0.4123,NO
capture_0044.pgm,6,374,52,23,23,23,0.2249,23.0,0.2249,395,1.000,1.000,0,3,-0.1476,0.3793,0.4070,NO
capture_0044.pgm,7,478,85,25,25,25,0.2445,25.0,0.2445,456,1.000,1.000,0,4,-0.1313,0.2855,0.3142,NO
capture_0044.pgm,8,71,89,22,23,23,0.2249,23.0,0.2249,368,1.000,1.000,0,0,-0.1096,0.3218,0.3400,NO
capture_0044.pgm,9,877,89,24,23,24,0.2347,24.0,0.2347,414,1.000,1.000,0,8,-0.2311,0.3273,0.4007,NO
capture_0044.pgm,10,270,89,24,22,24,0.2347,24.0,0.2347,397,1.000,1.000,0,2,-0.1645,0.3232,0.3626,NO
capture_0044.pgm,11,679,91,22,22,22,0.2152,22.0,0.2152,353,1.000,1.000,0,6,-0.1665,0.3455,0.3836,NO
capture_0044.pgm,12,1087,95,25,25,25,0.2445,25.0,0.2445,451,1.000,1.000,0,10,-0.1784,0.3874,0.4265,NO
capture_0044.pgm,13,582,131,24,23,24,0.2347,24.0,0.2347,413,1.000,1.000,1,5,-0.1150,0.3025,0.3236,NO
capture_0044.pgm,14,987,134,22,22,22,0.2152,22.0,0.2152,353,1.000,1.000,1,9,-0.1562,0.3345,0.3692,NO
capture_0044.pgm,15,372,135,24,22,24,0.2347,24.0,0.2347,390,1.000,1.000,1,3,-0.1677,0.3402,0.3793,NO
capture_0044.pgm,16,1192,136,23,24,24,0.2347,24.0,0.2347,414,1.000,1.000,1,11,-0.1523,0.3555,0.3867,NO
capture_0044.pgm,17,169,138,23,23,23,0.2249,23.0,0.2249,391,1.000,1.000,1,1,-0.1520,0.3682,0.3983,NO
capture_0044.pgm,18,785,137,22,22,22,0.2152,22.0,0.2152,360,1.000,1.000,1,7,-0.1307,0.3625,0.3853,NO
capture_0044.pgm,19,477,172,24,24,24,0.2347,24.0,0.2347,422,1.000,1.000,1,4,-0.1416,0.2855,0.3187,NO
capture_0044.pgm,20,1087,176,23,23,23,0.2249,23.0,0.2249,385,1.000,1.000,1,10,-0.1790,0.3287,0.3743,NO
capture_0044.pgm,21,70,179,22,23,23,0.2249,23.0,0.2249,368,1.000,1.000,1,0,-0.1200,0.3512,0.3711,NO
capture_0044.pgm,22,681,179,22,23,23,0.2249,23.0,0.2249,368,1.000,1.000,1,6,-0.1475,0.3553,0.3847,NO
capture_0044.pgm,23,272,179,21,21,21,0.2054,21.0,0.2054,317,1.000,1.000,1,2,-0.1455,0.3526,0.3814,NO
capture_0044.pgm,24,883,180,22,22,22,0.2152,22.0,0.2152,353,1.000,1.000,1,8,-0.1730,0.3665,0.4053,NO
capture_0044.pgm,25,371,219,24,22,24,0.2347,24.0,0.2347,397,1.000,1.000,2,3,-0.1781,0.3109,0.3583,NO
capture_0044.pgm,26,988,222,21,21,21,0.2054,21.0,0.2054,317,1.000,1.000,2,9,-0.1470,0.3443,0.3744,NO
capture_0044.pgm,27,579,224,24,23,24,0.2347,24.0,0.2347,398,1.000,1.000,2,5,-0.1449,0.3611,0.3891,NO
capture_0044.pgm,28,1190,224,23,24,24,0.2347,24.0,0.2347,398,1.000,1.000,2,11,-0.1724,0.3653,0.4039,NO
capture_0044.pgm,29,168,225,24,23,24,0.2347,24.0,0.2347,414,1.000,1.000,2,1,-0.1624,0.3682,0.4024,NO
capture_0044.pgm,30,780,226,23,22,23,0.2249,23.0,0.2249,368,1.000,1.000,2,7,-0.1802,0.3821,0.4224,NO
capture_0044.pgm,31,66,263,23,23,23,0.2249,23.0,0.2249,383,1.000,1.000,2,0,-0.1597,0.3218,0.3593,NO
capture_0044.pgm,32,1089,262,22,23,23,0.2249,23.0,0.2249,375,1.000,1.000,2,10,-0.1600,0.3189,0.3568,NO
capture_0044.pgm,33,271,264,24,22,24,0.2347,24.0,0.2347,397,1.000,1.000,2,2,-0.1558,0.3330,0.3677,NO
capture_0044.pgm,34,474,264,23,22,23,0.2249,23.0,0.2249,375,1.000,1.000,2,4,-0.1715,0.3344,0.3758,NO
capture_0044.pgm,35,681,265,24,22,24,0.2347,24.0,0.2347,397,1.000,1.000,2,6,-0.1481,0.3455,0.3759,NO
capture_0044.pgm,36,883,267,22,22,22,0.2152,22.0,0.2152,360,1.000,1.000,2,8,-0.1736,0.3665,0.4055,NO
capture_0044.pgm,37,1190,307,24,23,24,0.2347,24.0,0.2347,404,1.000,1.000,3,11,-0.1730,0.3261,0.3692,NO
capture_0044.pgm,38,782,308,23,22,23,0.2249,23.0,0.2249,368,1.000,1.000,3,7,-0.1612,0.3332,0.3701,NO
capture_0044.pgm,39,987,310,25,23,25,0.2445,25.0,0.2445,434,1.000,1.000,3,9,-0.1573,0.3541,0.3875,NO
capture_0044.pgm,40,578,310,22,21,22,0.2152,22.0,0.2152,338,1.000,1.000,3,5,-0.1552,0.3514,0.3841,NO
capture_0044.pgm,41,170,311,23,21,23,0.2249,23.0,0.2249,359,1.000,1.000,3,1,-0.1434,0.3584,0.3860,NO
capture_0044.pgm,42,367,314,23,23,23,0.2249,23.0,0.2249,380,1.000,1.000,3,3,-0.2178,0.3891,0.4459,NO
capture_0044.pgm,43,886,351,23,23,23,0.2249,23.0,0.2249,398,1.000,1.000,3,8,-0.1449,0.3371,0.3669,NO
capture_0044.pgm,44,1091,352,21,22,22,0.2152,22.0,0.2152,338,1.000,1.000,3,10,-0.1410,0.3483,0.3757,NO
capture_0044.pgm,45,270,353,25,22,25,0.2445,25.0,0.2445,412,1.000,1.000,3,2,-0.1662,0.3526,0.3898,NO
capture_0044.pgm,46,475,355,24,24,24,0.2347,24.0,0.2347,431,1.000,1.000,3,4,-0.1624,0.3735,0.4073,NO
capture_0044.pgm,47,68,355,22,21,22,0.2152,22.0,0.2152,338,1.000,1.000,3,0,-0.1407,0.3707,0.3966,NO
capture_0044.pgm,48,681,356,22,23,23,0.2249,23.0,0.2249,375,1.000,1.000,3,6,-0.1487,0.3846,0.4124,NO
capture_0044.pgm,49,369,397,24,24,24,0.2347,24.0,0.2347,427,1.000,1.000,4,3,-0.1988,0.3500,0.4025,NO
capture_0044.pgm,50,784,396,21,22,22,0.2152,22.0,0.2152,338,1.000,1.000,4,7,-0.1422,0.3430,0.3713,NO
capture_0044.pgm,51,1189,396,24,22,24,0.2347,24.0,0.2347,382,1.000,1.000,4,11,-0.1834,0.3457,0.3913,NO
capture_0044.pgm,52,170,397,21,22,22,0.2152,22.0,0.2152,338,1.000,1.000,4,1,-0.1440,0.3486,0.3772,NO
capture_0044.pgm,53,580,397,22,21,22,0.2152,22.0,0.2152,338,1.000,1.000,4,5,-0.1363,0.3514,0.3769,NO
capture_0044.pgm,54,474,434,23,24,24,0.2347,24.0,0.2347,406,1.000,1.000,4,4,-0.1727,0.2953,0.3421,NO
capture_0044.pgm,55,676,435,23,22,23,0.2249,23.0,0.2249,372,1.000,1.000,4,6,-0.1982,0.3064,0.3649,NO
capture_0044.pgm,56,1087,435,23,22,23,0.2249,23.0,0.2249,368,1.000,1.000,4,10,-0.1807,0.3092,0.3581,NO
capture_0044.pgm,57,66,437,23,24,24,0.2347,24.0,0.2347,414,1.000,1.000,4,0,-0.1609,0.3218,0.3598,NO
capture_0044.pgm,58,885,441,24,25,25,0.2445,25.0,0.2445,437,1.000,1.000,4,8,-0.1552,0.3665,0.3980,NO
capture_0044.pgm,59,271,441,23,24,24,0.2347,24.0,0.2347,418,1.000,1.000,4,2,-0.1570,0.3623,0.3949,NO
capture_0044.pgm,60,783,481,21,21,21,0.2054,21.0,0.2054,317,1.000,1.000,5,7,-0.1526,0.3234,0.3576,NO
capture_0044.pgm,61,985,481,23,23,23,0.2249,23.0,0.2249,398,1.000,1.000,5,9,-0.1780,0.3248,0.3704,NO
capture_0044.pgm,62,1191,483,21,22,22,0.2152,22.0,0.2152,338,1.000,1.000,5,11,-0.1644,0.3457,0.3828,NO
capture_0044.pgm,63,575,484,23,22,23,0.2249,23.0,0.2249,375,1.000,1.000,5,5,-0.1858,0.3514,0.3974,NO
capture_0044.pgm,64,171,487,24,23,24,0.2347,24.0,0.2347,402,1.000,1.000,5,1,-0.1348,0.3779,0.4013,NO
capture_0044.pgm,65,370,487,23,24,24,0.2347,24.0,0.2347,428,1.000,1.000,5,3,-0.1896,0.3793,0.4241,NO
capture_0044.pgm,66,680,521,23,24,24,0.2347,24.0,0.2347,406,1.000,1.000,5,6,-0.1597,0.2966,0.3369,NO
capture_0044.pgm,67,472,521,22,23,23,0.2249,23.0,0.2249,365,1.000,1.000,5,4,-0.1929,0.2953,0.3527,NO
capture_0044.pgm,68,885,525,23,24,24,0.2347,24.0,0.2347,414,1.000,1.000,5,8,-0.1558,0.3371,0.3714,NO
capture_0044.pgm,69,69,527,25,25,25,0.2445,25.0,0.2445,459,1.000,1.000,5,0,-0.1321,0.3512,0.3752,NO
capture_0044.pgm,70,1086,526,22,21,22,0.2152,22.0,0.2152,338,1.000,1.000,5,10,-0.1911,0.3483,0.3973,NO
capture_0044.pgm,71,272,529,24,23,24,0.2347,24.0,0.2347,407,1.000,1.000,5,2,-0.1478,0.3721,0.4004,NO
capture_0044.pgm,72,784,568,21,21,21,0.2054,21.0,0.2054,317,1.000,1.000,6,7,-0.1434,0.3234,0.3537,NO
capture_0044.pgm,73,172,569,22,22,22,0.2152,22.0,0.2152,360,1.000,1.000,6,1,-0.1256,0.3290,0.3522,NO
capture_0044.pgm,74,987,569,23,22,23,0.2249,23.0,0.2249,368,1.000,1.000,6,9,-0.1591,0.3345,0.3704,NO
capture_0044.pgm,75,1186,569,24,23,24,0.2347,24.0,0.2347,400,1.000,1.000,6,11,-0.2139,0.3359,0.3982,NO
capture_0044.pgm,76,374,570,23,23,23,0.2249,23.0,0.2249,391,1.000,1.000,6,3,-0.1511,0.3402,0.3722,NO
capture_0044.pgm,77,573,573,23,23,23,0.2249,23.0,0.2249,380,1.000,1.000,6,5,-0.2059,0.3709,0.4242,NO
capture_0044.pgm,78,270,610,24,24,24,0.2347,24.0,0.2347,424,1.000,1.000,6,2,-0.1680,0.3134,0.3556,NO
capture_0044.pgm,79,681,609,21,22,22,0.2152,22.0,0.2152,338,1.000,1.000,6,6,-0.1505,0.3064,0.3414,NO
capture_0044.pgm,80,883,610,23,23,23,0.2249,23.0,0.2249,405,1.000,1.000,6,8,-0.1760,0.3176,0.3631,NO
capture_0044.pgm,81,1093,610,23,22,23,0.2249,23.0,0.2249,375,1.000,1.000,6,10,-0.1232,0.3189,0.3419,NO
capture_0044.pgm,82,68,613,26,25,26,0.2543,26.0,0.2543,475,1.000,1.000,6,0,-0.1425,0.3414,0.3699,NO
capture_0044.pgm,83,473,615,24,23,24,0.2347,24.0,0.2347,411,1.000,1.000,6,4,-0.1837,0.3637,0.4075,NO
capture_0044.pgm,84,784,652,21,21,21,0.2054,21.0,0.2054,317,1.000,1.000,7,7,-0.1440,0.2941,0.3274,NO
capture_0044.pgm,85,1190,654,23,23,23,0.2249,23.0,0.2249,398,1.000,1.000,7,11,-0.1754,0.3164,0.3617,NO
capture_0044.pgm,86,989,657,21,22,22,0.2152,22.0,0.2152,338,1.000,1.000,7,9,-0.1401,0.3443,0.3717,NO
capture_0044.pgm,87,170,663,23,24,24,0.2347,24.0,0.2347,398,1.000,1.000,7,1,-0.1457,0.3975,0.4234,NO
capture_0044.pgm,88,375,663,22,24,24,0.2347,24.0,0.2347,387,1.000,1.000,7,3,-0.1419,0.3989,0.4234,NO
capture_0044.pgm,89,576,663,22,23,23,0.2249,23.0,0.2249,368,1.000,1.000,7,5,-0.1771,0.4003,0.4377,NO
capture_0044.pgm,90,470,696,24,23,24,0.2347,24.0,0.2347,403,1.000,1.000,7,4,-0.2136,0.3050,0.3724,NO
capture_0044.pgm,91,886,697,22,23,23,0.2249,23.0,0.2249,368,1.000,1.000,7,8,-0.1472,0.3176,0.3500,NO
capture_0044.pgm,92,273,701,22,22,22,0.2152,22.0,0.2152,360,1.000,1.000,7,2,-0.1392,0.3526,0.3790,NO
capture_0044.pgm,93,1093,703,22,24,24,0.2347,24.0,0.2347,404,1.000,1.000,7,10,-0.1238,0.3776,0.3974,NO
capture_0044.pgm,94,75,704,25,24,25,0.2445,25.0,0.2445,439,1.000,1.000,7,0,-0.0746,0.3805,0.3878,NO
capture_0044.pgm,95,680,705,25,24,25,0.2445,25.0,0.2445,457,1.000,1.000,7,6,-0.1608,0.3944,0.4260,NO
capture_0044.pgm,96,1192,737,23,23,23,0.2249,23.0,0.2249,377,1.000,1.000,8,11,-0.1564,0.2772,0.3183,NO
capture_0044.pgm,97,779,743,23,23,23,0.2249,23.0,0.2249,383,1.000,1.000,8,7,-0.1934,0.3332,0.3853,NO
capture_0044.pgm,98,986,743,22,21,22,0.2152,22.0,0.2152,338,1.000,1.000,8,9,-0.1700,0.3345,0.3753,NO
capture_0044.pgm,99,172,746,23,23,23,0.2249,23.0,0.2249,391,1.000,1.000,8,1,-0.1268,0.3584,0.3801,NO
capture_0044.pgm,100,374,747,21,22,22,0.2152,22.0,0.2152,338,1.000,1.000,8,3,-0.1522,0.3695,0.3997,NO
capture_0044.pgm,101,576,747,23,22,23,0.2249,23.0,0.2249,382,1.000,1.000,8,5,-0.1777,0.3709,0.4113,NO
capture_0044.pgm,102,886,783,22,23,23,0.2249,23.0,0.2249,382,1.000,1.000,8,8,-0.1478,0.3078,0.3414,NO
capture_0044.pgm,103,272,785,23,23,23,0.2249,23.0,0.2249,391,1.000,1.000,8,2,-0.1496,0.3232,0.3562,NO
capture_0044.pgm,104,471,786,26,24,26,0.2543,26.0,0.2543,448,1.000,1.000,8,4,-0.2044,0.3344,0.3919,NO
capture_0044.pgm,105,1090,785,23,22,23,0.2249,23.0,0.2249,375,1.000,1.000,8,10,-0.1537,0.3287,0.3629,NO
capture_0044.pgm,106,681,788,22,23,23,0.2249,23.0,0.2249,382,1.000,1.000,8,6,-0.1516,0.3553,0.3863,NO
capture_0044.pgm,107,64,790,25,22,25,0.2445,25.0,0.2445,426,1.000,1.000,8,0,-0.1828,0.3707,0.4133,NO
capture_0044.pgm,108,781,823,24,25,25,0.2445,25.0,0.2445,445,1.000,1.000,9,7,-0.1745,0.2647,0.3170,NO
capture_0044.pgm,109,374,830,22,23,23,0.2249,23.0,0.2249,375,1.000,1.000,9,3,-0.1528,0.3304,0.3641,NO
capture_0044.pgm,110,1192,831,23,24,24,0.2347,24.0,0.2347,421,1.000,1.000,9,11,-0.1570,0.3457,0.3797,NO
capture_0044.pgm,111,167,831,24,23,24,0.2347,24.0,0.2347,399,1.000,1.000,9,1,-0.1762,0.3388,0.3819,NO
capture_0044.pgm,112,577,833,24,25,25,0.2445,25.0,0.2445,425,1.000,1.000,9,5,-0.1685,0.3611,0.3985,NO
capture_0044.pgm,113,994,832,25,23,25,0.2445,25.0,0.2445,427,1.000,1.000,9,9,-0.0924,0.3541,0.3660,NO
capture_0044.pgm,114,886,868,23,22,23,0.2249,23.0,0.2249,375,1.000,1.000,9,8,-0.1484,0.2882,0.3242,NO
capture_0044.pgm,115,77,871,26,25,26,0.2543,26.0,0.2543,479,1.000,1.000,9,0,-0.0562,0.3121,0.3171,NO
capture_0044.pgm,116,1094,870,22,24,24,0.2347,24.0,0.2347,394,1.000,1.000,9,10,-0.1152,0.3092,0.3299,NO
capture_0044.pgm,117,473,872,26,23,26,0.2543,26.0,0.2543,444,1.000,1.000,9,4,-0.1854,0.3246,0.3738,NO
capture_0044.pgm,118,273,878,24,23,24,0.2347,24.0,0.2347,414,1.000,1.000,9,2,-0.1404,0.3819,0.4069,NO
capture_0044.pgm,119,679,879,23,23,23,0.2249,23.0,0.2249,391,1.000,1.000,9,6,-0.1718,0.3944,0.4302,NO
capture_0044.pgm,120,377,913,23,24,24,0.2347,24.0,0.2347,407,1.000,1.000,10,3,-0.1241,0.2913,0.3166,NO
capture_0044.pgm,121,171,917,22,23,23,0.2249,23.0,0.2249,368,1.000,1.000,10,1,-0.1377,0.3291,0.3567,NO
capture_0044.pgm,122,781,916,24,22,24,0.2347,24.0,0.2347,390,1.000,1.000,10,7,-0.1750,0.3234,0.3677,NO
capture_0044.pgm,123,992,916,21,22,22,0.2152,22.0,0.2152,338,1.000,1.000,10,9,-0.1125,0.3248,0.3437,NO
capture_0044.pgm,124,576,917,24,23,24,0.2347,24.0,0.2347,406,1.000,1.000,10,5,-0.1789,0.3318,0.3770,NO
capture_0044.pgm,125,1190,918,23,24,24,0.2347,24.0,0.2347,410,1.000,1.000,10,11,-0.1771,0.3457,0.3884,NO
capture_0044.pgm,126,886,954,22,23,23,0.2249,23.0,0.2249,365,1.000,1.000,10,8,-0.1490,0.2784,0.3158,NO
capture_0044.pgm,127,474,957,26,23,26,0.2543,26.0,0.2543,441,1.000,1.000,10,4,-0.1762,0.3050,0.3523,NO
capture_0044.pgm,128,1095,959,22,23,23,0.2249,23.0,0.2249,375,1.000,1.000,10,10,-0.1060,0.3287,0.3454,NO
capture_0044.pgm,129,271,962,24,26,26,0.2543,26.0,0.2543,458,1.000,1.000,10,2,-0.1605,0.3526,0.3874,NO
capture_0044.pgm,130,682,961,22,22,22,0.2152,22.0,0.2152,353,1.000,1.000,10,6,-0.1430,0.3455,0.3740,NO
capture_0044.pgm,131,70,965,24,25,25,0.2445,25.0,0.2445,455,1.000,1.000,10,0,-0.1253,0.3805,0.4006,NO
capture_0044.pgm,132,372,1001,27,24,27,0.2641,27.0,0.2641,483,1.000,1.000,11,3,-0.1736,0.3011,0.3475,NO
capture_0044.pgm,133,1190,1001,24,23,24,0.2347,24.0,0.2347,414,1.000,1.000,11,11,-0.1777,0.3066,0.3544,NO
capture_0044.pgm,134,784,1002,21,23,23,0.2249,23.0,0.2249,359,1.000,1.000,11,7,-0.1463,0.3136,0.3461,NO
capture_0044.pgm,135,582,1005,23,23,23,0.2249,23.0,0.2249,388,1.000,1.000,11,5,-0.1208,0.3416,0.3623,NO
capture_0044.pgm,136,170,1006,24,23,24,0.2347,24.0,0.2347,414,1.000,1.000,11,1,-0.1481,0.3486,0.3788,NO
capture_0044.pgm,137,983,1006,26,23,26,0.2543,26.0,0.2543,449,1.000,1.000,11,9,-0.2011,0.3541,0.4072,NO
capture_0044.pgm,SUMMARY,,,,,,,,,,,,,,,,,
capture_0044.pgm,Count,137,,,,,,,,,,,,,,,
capture_0044.pgm,Missed,1,,,,,,,,,,,,,,,
capture_0044.pgm,Mean,,,,,,,,0.2293,,,,,,,,
capture_0044.pgm,Median,,,,,,,,0.2249,,,,,,,,
capture_0044.pgm,StdDev,,,,,,,,0.0118,,,,,,,,
capture_0044.pgm,Min,,,,,,,,0.2054,,,,,,,,
capture_0044.pgm,Max,,,,,,,,0.2641,,,,,,,,
capture_0045.pgm,1,1191,26,23,25,25,0.2445,25.0,0.2445,417,1.000,1.000,0,11,-0.1615,0.1305,0.2077,NO
capture_0045.pgm,2,373,30,23,22,23,0.2249,23.0,0.2249,368,1.000,1.000,0,3,-0.1573,0.1642,0.2274,NO
capture_0045.pgm,3,580,31,23,23,23,0.2249,23.0,0.2249,384,1.000,1.000,0,5,-0.1339,0.1753,0.2206,NO
capture_0045.pgm,4,981,31,24,24,24,0.2347,24.0,0.2347,430,1.000,1.000,0,9,-0.2142,0.1781,0.2786,NO
capture_0045.pgm,5,781,32,24,24,24,0.2347,24.0,0.2347,438,1.000,1.000,0,7,-0.1692,0.1865,0.2518,NO
capture_0045.pgm,6,170,37,22,23,23,0.2249,23.0,0.2249,375,1.000,1.000,0,1,-0.1416,0.2312,0.2712,NO
capture_0045.pgm,7,678,73,24,23,24,0.2347,24.0,0.2347,398,1.000,1.000,0,6,-0.1763,0.1695,0.2446,NO
capture_0045.pgm,8,63,74,27,23,27,0.2641,27.0,0.2641,471,1.000,1.000,0,0,-0.1879,0.1751,0.2568,NO
capture_0045.pgm,9,881,75,23,24,24,0.2347,24.0,0.2347,400,1.000,1.000,0,8,-0.1920,0.1904,0.2704,NO
capture_0045.pgm,10,276,77,25,23,25,0.2445,25.0,0.2445,437,1.000,1.000,0,2,-0.1058,0.2059,0.2314,NO
capture_0045.pgm,11,1089,76,22,22,22,0.2152,22.0,0.2152,360,1.000,1.000,0,10,-0.1588,0.2016,0.2566,NO
capture_0045.pgm,12,472,77,24,23,24,0.2347,24.0,0.2347,411,1.000,1.000,0,4,-0.1899,0.2072,0.2811,NO
capture_0045.pgm,13,375,117,24,22,24,0.2347,24.0,0.2347,404,1.000,1.000,1,3,-0.1384,0.1642,0.2147,NO
capture_0045.pgm,14,782,118,23,24,24,0.2347,24.0,0.2347,404,1.000,1.000,1,7,-0.1600,0.1767,0.2384,NO
capture_0045.pgm,15,985,118,23,23,23,0.2249,23.0,0.2249,383,1.000,1.000,1,9,-0.1757,0.1781,0.2502,NO
capture_0045.pgm,16,1188,118,24,23,24,0.2347,24.0,0.2347,404,1.000,1.000,1,11,-0.1914,0.1794,0.2624,NO
capture_0045.pgm,17,169,118,21,21,21,0.2054,21.0,0.2054,317,1.000,1.000,1,1,-0.1520,0.1726,0.2300,NO
capture_0045.pgm,18,580,120,23,23,23,0.2249,23.0,0.2249,384,1.000,1.000,1,5,-0.1345,0.1949,0.2368,NO
capture_0045.pgm,19,679,158,24,23,24,0.2347,24.0,0.2347,407,1.000,1.000,1,6,-0.1671,0.1499,0.2245,NO
capture_0045.pgm,20,881,159,23,24,24,0.2347,24.0,0.2347,411,1.000,1.000,1,8,-0.1926,0.1611,0.2511,NO
capture_0045.pgm,21,473,160,24,23,24,0.2347,24.0,0.2347,400,1.000,1.000,1,4,-0.1807,0.1681,0.2468,NO
capture_0045.pgm,22,275,162,23,22,23,0.2249,23.0,0.2249,375,1.000,1.000,1,2,-0.1161,0.1863,0.2195,NO
capture_0045.pgm,23,67,164,25,24,25,0.2445,25.0,0.2445,440,1.000,1.000,1,0,-0.1493,0.2045,0.2532,NO
capture_0045.pgm,24,1085,164,22,22,22,0.2152,22.0,0.2152,360,1.000,1.000,1,10,-0.1985,0.2114,0.2900,NO
capture_0045.pgm,25,1190,202,22,22,22,0.2152,22.0,0.2152,353,1.000,1.000,2,11,-0.1724,0.1501,0.2286,NO
capture_0045.pgm,26,376,204,23,23,23,0.2249,23.0,0.2249,377,1.000,1.000,2,3,-0.1292,0.1642,0.2089,NO
capture_0045.pgm,27,782,205,24,23,24,0.2347,24.0,0.2347,404,1.000,1.000,2,7,-0.1606,0.1767,0.2388,NO
capture_0045.pgm,28,984,204,21,22,22,0.2152,22.0,0.2152,338,1.000,1.000,2,9,-0.1861,0.1683,0.2509,NO
capture_0045.pgm,29,168,206,24,22,24,0.2347,24.0,0.2347,394,1.000,1.000,2,1,-0.1624,0.1823,0.2442,NO
capture_0045.pgm,30,581,209,21,22,22,0.2152,22.0,0.2152,338,1.000,1.000,2,5,-0.1253,0.2144,0.2484,NO
capture_0045.pgm,31,475,247,25,23,25,0.2445,25.0,0.2445,434,1.000,1.000,2,4,-0.1618,0.1681,0.2333,NO
capture_0045.pgm,32,879,246,23,22,23,0.2249,23.0,0.2249,368,1.000,1.000,2,8,-0.2127,0.1611,0.2668,NO
capture_0045.pgm,33,273,247,21,21,21,0.2054,21.0,0.2054,317,1.000,1.000,2,2,-0.1363,0.1667,0.2153,NO
capture_0045.pgm,34,66,250,24,23,24,0.2347,24.0,0.2347,414,1.000,1.000,2,0,-0.1597,0.1947,0.2518,NO
capture_0045.pgm,35,1090,251,22,22,22,0.2152,22.0,0.2152,353,1.000,1.000,2,10,-0.1502,0.2114,0.2593,NO
capture_0045.pgm,36,675,252,23,22,23,0.2249,23.0,0.2249,372,1.000,1.000,2,6,-0.2068,0.2184,0.3008,NO
capture_0045.pgm,37,1189,289,22,22,22,0.2152,22.0,0.2152,353,1.000,1.000,3,11,-0.1828,0.1501,0.2365,NO
capture_0045.pgm,38,781,290,21,22,22,0.2152,22.0,0.2152,338,1.000,1.000,3,7,-0.1710,0.1571,0.2322,NO
capture_0045.pgm,39,578,292,23,23,23,0.2249,23.0,0.2249,384,1.000,1.000,3,5,-0.1552,0.1753,0.2342,NO
capture_0045.pgm,40,171,292,22,21,22,0.2152,22.0,0.2152,338,1.000,1.000,3,1,-0.1336,0.1726,0.2183,NO
capture_0045.pgm,41,375,295,22,22,22,0.2152,22.0,0.2152,360,1.000,1.000,3,3,-0.1395,0.2033,0.2466,NO
capture_0045.pgm,42,981,296,21,21,21,0.2054,21.0,0.2054,317,1.000,1.000,3,9,-0.2160,0.2172,0.3063,NO
capture_0045.pgm,43,270,333,21,21,21,0.2054,21.0,0.2054,317,1.000,1.000,3,2,-0.1662,0.1570,0.2286,NO
capture_0045.pgm,44,884,334,23,25,25,0.2445,25.0,0.2445,426,1.000,1.000,3,8,-0.1644,0.1709,0.2371,NO
capture_0045.pgm,45,69,335,24,24,24,0.2347,24.0,0.2347,431,1.000,1.000,3,0,-0.1309,0.1751,0.2187,NO
capture_0045.pgm,46,478,339,24,24,24,0.2347,24.0,0.2347,431,1.000,1.000,3,4,-0.1330,0.2170,0.2545,NO
capture_0045.pgm,47,680,341,26,23,26,0.2543,26.0,0.2543,434,1.000,1.000,3,6,-0.1585,0.2379,0.2859,NO
capture_0045.pgm,48,1094,342,23,23,23,0.2249,23.0,0.2249,405,1.000,1.000,3,10,-0.1117,0.2505,0.2742,NO
capture_0045.pgm,49,783,375,23,23,23,0.2249,23.0,0.2249,398,1.000,1.000,4,7,-0.1520,0.1376,0.2050,NO
capture_0045.pgm,50,166,376,25,22,25,0.2445,25.0,0.2445,419,1.000,1.000,4,1,-0.1831,0.1432,0.2325,NO
capture_0045.pgm,51,377,378,22,22,22,0.2152,22.0,0.2152,353,1.000,1.000,4,3,-0.1206,0.1642,0.2037,NO
capture_0045.pgm,52,986,379,23,23,23,0.2249,23.0,0.2249,384,1.000,1.000,4,9,-0.1677,0.1781,0.2446,NO
capture_0045.pgm,53,1190,378,22,21,22,0.2152,22.0,0.2152,338,1.000,1.000,4,11,-0.1736,0.1697,0.2427,NO
capture_0045.pgm,54,577,379,22,21,22,0.2152,22.0,0.2152,338,1.000,1.000,4,5,-0.1656,0.1753,0.2412,NO
capture_0045.pgm,55,1086,419,24,23,24,0.2347,24.0,0.2347,408,1.000,1.000,4,10,-0.1905,0.1527,0.2441,NO
capture_0045.pgm,56,67,421,24,22,24,0.2347,24.0,0.2347,397,1.000,1.000,4,0,-0.1511,0.1654,0.2240,NO
capture_0045.pgm,57,272,421,22,22,22,0.2152,22.0,0.2152,353,1.000,1.000,4,2,-0.1472,0.1667,0.2224,NO
capture_0045.pgm,58,482,426,24,24,24,0.2347,24.0,0.2347,438,1.000,1.000,4,4,-0.0945,0.2170,0.2367,NO
capture_0045.pgm,59,884,425,23,21,23,0.2249,23.0,0.2249,359,1.000,1.000,4,8,-0.1650,0.2100,0.2671,NO
capture_0045.pgm,60,686,428,22,23,23,0.2249,23.0,0.2249,382,1.000,1.000,4,6,-0.1004,0.2379,0.2583,NO
capture_0045.pgm,61,1190,463,22,25,25,0.2445,25.0,0.2445,412,1.000,1.000,5,11,-0.1742,0.1501,0.2299,NO
capture_0045.pgm,62,984,467,22,23,23,0.2249,23.0,0.2249,375,1.000,1.000,5,9,-0.1878,0.1878,0.2656,NO
capture_0045.pgm,63,172,468,25,23,25,0.2445,25.0,0.2445,426,1.000,1.000,5,1,-0.1250,0.1921,0.2292,NO
capture_0045.pgm,64,776,468,23,25,25,0.2445,25.0,0.2445,427,1.000,1.000,5,7,-0.2210,0.1963,0.2956,NO
capture_0045.pgm,65,578,469,21,21,21,0.2054,21.0,0.2054,317,1.000,1.000,5,5,-0.1564,0.2047,0.2576,NO
capture_0045.pgm,66,375,470,23,22,23,0.2249,23.0,0.2249,375,1.000,1.000,5,3,-0.1407,0.2131,0.2553,NO
capture_0045.pgm,67,888,501,26,22,26,0.2543,26.0,0.2543,438,1.000,1.000,5,8,-0.1265,0.1024,0.1627,NO
capture_0045.pgm,68,1090,506,23,24,24,0.2347,24.0,0.2347,407,1.000,1.000,5,10,-0.1520,0.1527,0.2154,NO
capture_0045.pgm,69,71,507,23,24,24,0.2347,24.0,0.2347,414,1.000,1.000,5,0,-0.1126,0.1556,0.1920,NO
capture_0045.pgm,70,478,507,21,22,22,0.2152,22.0,0.2152,338,1.000,1.000,5,4,-0.1342,0.1583,0.2075,NO
capture_0045.pgm,71,271,513,23,23,23,0.2249,23.0,0.2249,398,1.000,1.000,5,2,-0.1576,0.2156,0.2671,NO
capture_0045.pgm,72,688,515,25,25,25,0.2445,25.0,0.2445,454,1.000,1.000,5,6,-0.0814,0.2380,0.2515,NO
capture_0045.pgm,73,783,549,22,22,22,0.2152,22.0,0.2152,360,1.000,1.000,6,7,-0.1531,0.1376,0.2059,NO
capture_0045.pgm,74,1187,553,25,23,25,0.2445,25.0,0.2445,427,1.000,1.000,6,11,-0.2041,0.1794,0.2718,NO
capture_0045.pgm,75,374,554,25,22,25,0.2445,25.0,0.2445,412,1.000,1.000,6,3,-0.1511,0.1837,0.2379,NO
capture_0045.pgm,76,581,554,21,21,21,0.2054,21.0,0.2054,317,1.000,1.000,6,5,-0.1277,0.1851,0.2249,NO
capture_0045.pgm,77,986,554,22,22,22,0.2152,22.0,0.2152,360,1.000,1.000,6,9,-0.1689,0.1878,0.2526,NO
capture_0045.pgm,78,168,560,25,24,25,0.2445,25.0,0.2445,452,1.000,1.000,6,1,-0.1647,0.2410,0.2919,NO
capture_0045.pgm,79,1087,593,22,21,22,0.2152,22.0,0.2152,338,1.000,1.000,6,10,-0.1819,0.1527,0.2375,NO
capture_0045.pgm,80,268,596,25,25,25,0.2445,25.0,0.2445,456,1.000,1.000,6,2,-0.1875,0.1765,0.2575,NO
capture_0045.pgm,81,476,597,23,24,24,0.2347,24.0,0.2347,421,1.000,1.000,6,4,-0.1543,0.1877,0.2430,NO
capture_0045.pgm,82,884,597,26,23,26,0.2543,26.0,0.2543,444,1.000,1.000,6,8,-0.1662,0.1904,0.2527,NO
capture_0045.pgm,83,68,597,25,23,25,0.2445,25.0,0.2445,444,1.000,1.000,6,0,-0.1425,0.1849,0.2334,NO
capture_0045.pgm,84,676,597,23,22,23,0.2249,23.0,0.2249,375,1.000,1.000,6,6,-0.1994,0.1891,0.2748,NO
capture_0045.pgm,85,1189,637,22,22,22,0.2152,22.0,0.2152,360,1.000,1.000,7,11,-0.1851,0.1501,0.2383,NO
capture_0045.pgm,86,579,639,23,24,24,0.2347,24.0,0.2347,410,1.000,1.000,7,5,-0.1478,0.1655,0.2219,NO
capture_0045.pgm,87,986,638,22,23,23,0.2249,23.0,0.2249,375,1.000,1.000,7,9,-0.1694,0.1585,0.2320,NO
capture_0045.pgm,88,776,641,24,24,24,0.2347,24.0,0.2347,420,1.000,1.000,7,7,-0.2222,0.1865,0.2901,NO
capture_0045.pgm,89,374,643,24,26,26,0.2543,26.0,0.2543,444,1.000,1.000,7,3,-0.1517,0.2033,0.2536,NO
capture_0045.pgm,90,171,643,24,24,24,0.2347,24.0,0.2347,428,1.000,1.000,7,1,-0.1360,0.2019,0.2434,NO
capture_0045.pgm,91,69,677,23,23,23,0.2249,23.0,0.2249,391,1.000,1.000,7,0,-0.1333,0.1165,0.1770,NO
capture_0045.pgm,92,266,681,24,22,24,0.2347,24.0,0.2347,392,1.000,1.000,7,2,-0.2077,0.1570,0.2603,NO
capture_0045.pgm,93,677,681,23,22,23,0.2249,23.0,0.2249,365,1.000,1.000,7,6,-0.1902,0.1597,0.2483,NO
capture_0045.pgm,94,886,683,24,25,25,0.2445,25.0,0.2445,430,1.000,1.000,7,8,-0.1472,0.1806,0.2330,NO
capture_0045.pgm,95,1087,685,24,23,24,0.2347,24.0,0.2347,400,1.000,1.000,7,10,-0.1825,0.2016,0.2719,NO
capture_0045.pgm,96,476,686,22,25,25,0.2445,25.0,0.2445,409,1.000,1.000,7,4,-0.1549,0.2072,0.2587,NO
capture_0045.pgm,97,1190,724,22,21,22,0.2152,22.0,0.2152,338,1.000,1.000,8,11,-0.1759,0.1501,0.2313,NO
capture_0045.pgm,98,985,725,24,22,24,0.2347,24.0,0.2347,390,1.000,1.000,8,9,-0.1798,0.1585,0.2397,NO
capture_0045.pgm,99,169,726,23,22,23,0.2249,23.0,0.2249,375,1.000,1.000,8,1,-0.1561,0.1628,0.2255,NO
capture_0045.pgm,100,376,729,23,24,24,0.2347,24.0,0.2347,398,1.000,1.000,8,3,-0.1327,0.1935,0.2346,NO
capture_0045.pgm,101,573,728,21,21,21,0.2054,21.0,0.2054,317,1.000,1.000,8,5,-0.2071,0.1851,0.2777,NO
capture_0045.pgm,102,780,730,25,22,25,0.2445,25.0,0.2445,419,1.000,1.000,8,7,-0.1837,0.2060,0.2760,NO
capture_0045.pgm,103,1091,766,23,23,23,0.2249,23.0,0.2249,391,1.000,1.000,8,10,-0.1439,0.1429,0.2028,NO
capture_0045.pgm,104,476,768,23,23,23,0.2249,23.0,0.2249,377,1.000,1.000,8,4,-0.1555,0.1583,0.2219,NO
capture_0045.pgm,105,271,770,25,24,25,0.2445,25.0,0.2445,432,1.000,1.000,8,2,-0.1594,0.1765,0.2378,NO
capture_0045.pgm,106,71,772,25,24,25,0.2445,25.0,0.2445,444,1.000,1.000,8,0,-0.1143,0.1947,0.2258,NO
capture_0045.pgm,107,885,771,24,23,24,0.2347,24.0,0.2347,413,1.000,1.000,8,8,-0.1576,0.1904,0.2472,NO
capture_0045.pgm,108,989,811,23,22,23,0.2249,23.0,0.2249,382,1.000,1.000,9,9,-0.1413,0.1487,0.2051,NO
capture_0045.pgm,109,1191,811,21,21,21,0.2054,21.0,0.2054,317,1.000,1.000,9,11,-0.1668,0.1501,0.2244,NO
capture_0045.pgm,110,170,813,22,23,23,0.2249,23.0,0.2249,375,1.000,1.000,9,1,-0.1469,0.1628,0.2193,NO
capture_0045.pgm,111,580,813,21,22,22,0.2152,22.0,0.2152,338,1.000,1.000,9,5,-0.1392,0.1655,0.2163,NO
capture_0045.pgm,112,779,814,24,23,24,0.2347,24.0,0.2347,395,1.000,1.000,9,7,-0.1940,0.1767,0.2624,NO
capture_0045.pgm,113,378,822,24,25,25,0.2445,25.0,0.2445,448,1.000,1.000,9,3,-0.1137,0.2522,0.2766,NO
capture_0045.pgm,114,70,854,23,25,25,0.2445,25.0,0.2445,430,1.000,1.000,9,0,-0.1247,0.1458,0.1918,NO
capture_0045.pgm,115,476,853,21,22,22,0.2152,22.0,0.2152,338,1.000,1.000,9,4,-0.1561,0.1388,0.2089,NO
capture_0045.pgm,116,1085,854,24,22,24,0.2347,24.0,0.2347,404,1.000,1.000,9,10,-0.2032,0.1527,0.2542,NO
capture_0045.pgm,117,679,858,22,24,24,0.2347,24.0,0.2347,397,1.000,1.000,9,6,-0.1718,0.1891,0.2554,NO
capture_0045.pgm,118,885,858,23,24,24,0.2347,24.0,0.2347,404,1.000,1.000,9,8,-0.1582,0.1904,0.2475,NO
capture_0045.pgm,119,268,859,25,22,25,0.2445,25.0,0.2445,419,1.000,1.000,9,2,-0.1893,0.1961,0.2725,NO
capture_0045.pgm,120,375,897,24,23,24,0.2347,24.0,0.2347,404,1.000,1.000,10,3,-0.1436,0.1348,0.1970,NO
capture_0045.pgm,121,1188,897,24,22,24,0.2347,24.0,0.2347,394,1.000,1.000,10,11,-0.1967,0.1403,0.2416,NO
capture_0045.pgm,122,783,899,23,23,23,0.2249,23.0,0.2249,391,1.000,1.000,10,7,-0.1555,0.1571,0.2211,NO
capture_0045.pgm,123,988,900,22,22,22,0.2152,22.0,0.2152,353,1.000,1.000,10,9,-0.1516,0.1683,0.2265,NO
capture_0045.pgm,124,170,903,23,24,24,0.2347,24.0,0.2347,407,1.000,1.000,10,1,-0.1475,0.1921,0.2422,NO
capture_0045.pgm,125,585,905,23,24,24,0.2347,24.0,0.2347,400,1.000,1.000,10,5,-0.0909,0.2144,0.2329,NO
capture_0045.pgm,126,1089,940,23,24,24,0.2347,24.0,0.2347,414,1.000,1.000,10,10,-0.1647,0.1429,0.2180,NO
capture_0045.pgm,127,71,941,24,23,24,0.2347,24.0,0.2347,407,1.000,1.000,10,0,-0.1155,0.1458,0.1860,NO
capture_0045.pgm,128,273,941,23,25,25,0.2445,25.0,0.2445,430,1.000,1.000,10,2,-0.1410,0.1472,0.2038,NO
capture_0045.pgm,129,884,942,23,24,24,0.2347,24.0,0.2347,406,1.000,1.000,10,8,-0.1685,0.1611,0.2331,NO
capture_0045.pgm,130,685,947,21,22,22,0.2152,22.0,0.2152,338,1.000,1.000,10,6,-0.1137,0.2086,0.2376,NO
capture_0045.pgm,131,481,950,24,25,25,0.2445,25.0,0.2445,442,1.000,1.000,10,4,-0.1078,0.2366,0.2600,NO
capture_0045.pgm,132,1189,983,22,22,22,0.2152,22.0,0.2152,360,1.000,1.000,11,11,-0.1875,0.1305,0.2285,NO
capture_0045.pgm,133,781,985,23,22,23,0.2249,23.0,0.2249,375,1.000,1.000,11,7,-0.1756,0.1474,0.2293,NO
capture_0045.pgm,134,987,985,23,23,23,0.2249,23.0,0.2249,384,1.000,1.000,11,9,-0.1620,0.1487,0.2199,NO
capture_0045.pgm,135,375,988,23,24,24,0.2347,24.0,0.2347,406,1.000,1.000,11,3,-0.1442,0.1739,0.2260,NO
capture_0045.pgm,136,577,988,24,24,24,0.2347,24.0,0.2347,416,1.000,1.000,11,5,-0.1697,0.1753,0.2440,NO
capture_0045.pgm,137,170,991,21,21,21,0.2054,21.0,0.2054,317,1.000,1.000,11,1,-0.1481,0.2019,0.2504,NO
capture_0045.pgm,SUMMARY,,,,,,,,,,,,,,,,,
capture_0045.pgm,Count,137,,,,,,,,,,,,,,,
capture_0045.pgm,Missed,1,,,,,,,,,,,,,,,
capture_0045.pgm,Mean,,,,,,,,0.2297,,,,,,,,
capture_0045.pgm,Median,,,,,,,,0.2347,,,,,,,,
capture_0045.pgm,StdDev,,,,,,,,0.0125,,,,,,,,
capture_0045.pgm,Min,,,,,,,,0.2054,,,,,,,,
capture_0045.pgm,Max,,,,,,,,0.2641,,,,,,,,
capture_0046.pgm,1,986,12,21,22,22,0.2152,22.0,0.2152,338,1.000,1.000,0,9,-0.1653,-0.0078,0.1655,NO
capture_0046.pgm,2,377,16,23,23,23,0.2249,23.0,0.2249,405,1.000,1.000,0,3,-0.1182,0.0272,0.1213,NO
capture_0046.pgm,3,576,17,24,24,24,0.2347,24.0,0.2347,419,1.000,1.000,0,5,-0.1731,0.0384,0.1773,NO
capture_0046.pgm,4,1196,19,24,23,24,0.2347,24.0,0.2347,414,1.000,1.000,0,11,-0.1126,0.0621,0.1286,NO
capture_0046.pgm,5,477,53,22,23,23,0.2249,23.0,0.2249,372,1.000,1.000,0,4,-0.1410,-0.0275,0.1437,NO
capture_0046.pgm,6,882,55,23,25,25,0.2445,25.0,0.2445,433,1.000,1.000,0,8,-0.1822,-0.0052,0.1823,NO
capture_0046.pgm,7,1088,56,23,22,23,0.2249,23.0,0.2249,368,1.000,1.000,0,10,-0.1686,0.0060,0.1687,NO
capture_0046.pgm,8,268,60,24,23,24,0.2347,24.0,0.2347,411,1.000,1.000,0,2,-0.1840,0.0396,0.1882,NO
capture_0046.pgm,9,677,60,22,23,23,0.2249,23.0,0.2249,382,1.000,1.000,0,6,-0.1861,0.0423,0.1908,NO
capture_0046.pgm,10,66,62,26,24,26,0.2543,26.0,0.2543,471,1.000,1.000,0,0,-0.1585,0.0578,0.1687,NO
capture_0046.pgm,11,169,100,24,24,24,0.2347,24.0,0.2347,427,1.000,1.000,1,1,-0.1520,-0.0035,0.1520,NO
capture_0046.pgm,12,375,100,24,24,24,0.2347,24.0,0.2347,428,1.000,1.000,1,3,-0.1384,-0.0021,0.1384,NO
capture_0046.pgm,13,577,100,24,24,24,0.2347,24.0,0.2347,421,1.000,1.000,1,5,-0.1639,-0.0007,0.1639,NO
capture_0046.pgm,14,984,99,23,22,23,0.2249,23.0,0.2249,375,1.000,1.000,1,9,-0.1855,-0.0078,0.1857,NO
capture_0046.pgm,15,1187,101,23,23,23,0.2249,23.0,0.2249,398,1.000,1.000,1,11,-0.2012,0.0132,0.2016,NO
capture_0046.pgm,16,788,104,23,23,23,0.2249,23.0,0.2249,391,1.000,1.000,1,7,-0.1013,0.0398,0.1089,NO
capture_0046.pgm,17,68,140,22,23,23,0.2249,23.0,0.2249,375,1.000,1.000,1,0,-0.1396,-0.0302,0.1428,NO
capture_0046.pgm,18,1088,143,22,23,23,0.2249,23.0,0.2249,368,1.000,1.000,1,10,-0.1692,0.0060,0.1693,NO
capture_0046.pgm,19,476,143,23,23,23,0.2249,23.0,0.2249,384,1.000,1.000,1,4,-0.1514,0.0019,0.1514,NO
capture_0046.pgm,20,272,146,24,23,24,0.2347,24.0,0.2347,414,1.000,1.000,1,2,-0.1455,0.0298,0.1485,NO
capture_0046.pgm,21,681,146,22,23,23,0.2249,23.0,0.2249,375,1.000,1.000,1,6,-0.1475,0.0326,0.1511,NO
capture_0046.pgm,22,881,146,22,22,22,0.2152,22.0,0.2152,360,1.000,1.000,1,8,-0.1926,0.0339,0.1956,NO
capture_0046.pgm,23,577,186,22,22,22,0.2152,22.0,0.2152,360,1.000,1.000,2,5,-0.1644,-0.0105,0.1648,NO
capture_0046.pgm,24,988,186,21,22,22,0.2152,22.0,0.2152,338,1.000,1.000,2,9,-0.1470,-0.0078,0.1472,NO
capture_0046.pgm,25,1186,188,23,23,23,0.2249,23.0,0.2249,383,1.000,1.000,2,11,-0.2116,0.0132,0.2120,NO
capture_0046.pgm,26,369,188,23,22,23,0.2249,23.0,0.2249,365,1.000,1.000,2,3,-0.1976,0.0077,0.1978,NO
capture_0046.pgm,27,783,189,23,25,25,0.2445,25.0,0.2445,430,1.000,1.000,2,7,-0.1508,0.0202,0.1522,NO
capture_0046.pgm,28,169,190,24,23,24,0.2347,24.0,0.2347,421,1.000,1.000,2,1,-0.1526,0.0259,0.1548,NO
capture_0046.pgm,29,66,229,25,23,25,0.2445,25.0,0.2445,430,1.000,1.000,2,0,-0.1597,-0.0107,0.1601,NO
capture_0046.pgm,30,272,230,21,21,21,0.2054,21.0,0.2054,317,1.000,1.000,2,2,-0.1461,0.0005,0.1461,NO
capture_0046.pgm,31,1087,230,23,22,23,0.2249,23.0,0.2249,368,1.000,1.000,2,10,-0.1795,0.0060,0.1796,NO
capture_0046.pgm,32,473,231,22,22,22,0.2152,22.0,0.2152,360,1.000,1.000,2,4,-0.1813,0.0116,0.1817,NO
capture_0046.pgm,33,888,231,22,22,22,0.2152,22.0,0.2152,353,1.000,1.000,2,8,-0.1247,0.0144,0.1255,NO
capture_0046.pgm,34,678,233,23,23,23,0.2249,23.0,0.2249,398,1.000,1.000,2,6,-0.1775,0.0326,0.1804,NO
capture_0046.pgm,35,576,272,23,22,23,0.2249,23.0,0.2249,375,1.000,1.000,3,5,-0.1748,-0.0203,0.1760,NO
capture_0046.pgm,36,375,274,24,24,24,0.2347,24.0,0.2347,416,1.000,1.000,3,3,-0.1395,-0.0021,0.1396,NO
capture_0046.pgm,37,987,273,22,22,22,0.2152,22.0,0.2152,346,1.000,1.000,3,9,-0.1573,-0.0078,0.1575,NO
capture_0046.pgm,38,170,274,22,21,22,0.2152,22.0,0.2152,338,1.000,1.000,3,1,-0.1434,-0.0035,0.1434,NO
capture_0046.pgm,39,779,277,25,23,25,0.2445,25.0,0.2445,429,1.000,1.000,3,7,-0.1905,0.0300,0.1929,NO
capture_0046.pgm,40,1184,277,22,22,22,0.2152,22.0,0.2152,353,1.000,1.000,3,11,-0.2317,0.0327,0.2340,NO
capture_0046.pgm,41,271,317,24,23,24,0.2347,24.0,0.2347,403,1.000,1.000,3,2,-0.1564,0.0005,0.1564,NO
capture_0046.pgm,42,483,318,24,24,24,0.2347,24.0,0.2347,413,1.000,1.000,3,4,-0.0841,0.0116,0.0849,NO
capture_0046.pgm,43,888,317,22,21,22,0.2152,22.0,0.2152,338,1.000,1.000,3,8,-0.1253,0.0046,0.1254,NO
capture_0046.pgm,44,1090,317,21,21,21,0.2054,21.0,0.2054,317,1.000,1.000,3,10,-0.1508,0.0060,0.1509,NO
capture_0046.pgm,45,679,319,23,23,23,0.2249,23.0,0.2249,383,1.000,1.000,3,6,-0.1683,0.0228,0.1698,NO
capture_0046.pgm,46,67,323,24,23,24,0.2347,24.0,0.2347,414,1.000,1.000,3,0,-0.1505,0.0578,0.1612,NO
capture_0046.pgm,47,579,359,22,23,23,0.2249,23.0,0.2249,375,1.000,1.000,4,5,-0.1461,-0.0203,0.1475,NO
capture_0046.pgm,48,985,360,24,23,24,0.2347,24.0,0.2347,399,1.000,1.000,4,9,-0.1775,-0.0077,0.1776,NO
capture_0046.pgm,49,787,363,23,24,24,0.2347,24.0,0.2347,407,1.000,1.000,4,7,-0.1129,0.0202,0.1147,NO
capture_0046.pgm,50,373,363,25,23,25,0.2445,25.0,0.2445,429,1.000,1.000,4,3,-0.1597,0.0175,0.1606,NO
capture_0046.pgm,51,1190,364,22,22,22,0.2152,22.0,0.2152,346,1.000,1.000,4,11,-0.1736,0.0327,0.1767,NO
capture_0046.pgm,52,167,368,22,22,22,0.2152,22.0,0.2152,353,1.000,1.000,4,1,-0.1733,0.0650,0.1851,NO
capture_0046.pgm,53,476,400,22,22,22,0.2152,22.0,0.2152,353,1.000,1.000,4,4,-0.1532,-0.0373,0.1576,NO
capture_0046.pgm,54,684,403,23,24,24,0.2347,24.0,0.2347,421,1.000,1.000,4,6,-0.1200,-0.0065,0.1201,NO
capture_0046.pgm,55,888,403,22,24,24,0.2347,24.0,0.2347,392,1.000,1.000,4,8,-0.1259,-0.0052,0.1260,NO
capture_0046.pgm,56,67,405,25,22,25,0.2445,25.0,0.2445,419,1.000,1.000,4,0,-0.1511,0.0089,0.1513,NO
capture_0046.pgm,57,1088,405,22,22,22,0.2152,22.0,0.2152,360,1.000,1.000,4,10,-0.1709,0.0158,0.1717,NO
capture_0046.pgm,58,271,406,22,22,22,0.2152,22.0,0.2152,360,1.000,1.000,4,2,-0.1570,0.0200,0.1583,NO
capture_0046.pgm,59,373,446,22,22,22,0.2152,22.0,0.2152,353,1.000,1.000,5,3,-0.1603,-0.0217,0.1617,NO
capture_0046.pgm,60,988,448,22,21,22,0.2152,22.0,0.2152,338,1.000,1.000,5,9,-0.1487,0.0020,0.1487,NO
capture_0046.pgm,61,171,450,23,23,23,0.2249,23.0,0.2249,398,1.000,1.000,5,1,-0.1348,0.0161,0.1357,NO
capture_0046.pgm,62,579,450,21,22,22,0.2152,22.0,0.2152,338,1.000,1.000,5,5,-0.1466,0.0188,0.1478,NO
capture_0046.pgm,63,784,451,22,23,23,0.2249,23.0,0.2249,368,1.000,1.000,5,7,-0.1428,0.0300,0.1459,NO
capture_0046.pgm,64,1191,450,21,21,21,0.2054,21.0,0.2054,317,1.000,1.000,5,11,-0.1644,0.0230,0.1660,NO
capture_0046.pgm,65,682,486,23,23,23,0.2249,23.0,0.2249,398,1.000,1.000,5,6,-0.1401,-0.0457,0.1474,NO
capture_0046.pgm,66,887,492,22,23,23,0.2249,23.0,0.2249,375,1.000,1.000,5,8,-0.1363,0.0144,0.1370,NO
capture_0046.pgm,67,1090,493,21,22,22,0.2152,22.0,0.2152,338,1.000,1.000,5,10,-0.1520,0.0255,0.1541,NO
capture_0046.pgm,68,69,496,26,24,26,0.2543,26.0,0.2543,456,1.000,1.000,5,0,-0.1321,0.0480,0.1406,NO
capture_0046.pgm,69,273,496,24,24,24,0.2347,24.0,0.2347,430,1.000,1.000,5,2,-0.1380,0.0494,0.1466,NO
capture_0046.pgm,70,480,497,24,23,24,0.2347,24.0,0.2347,407,1.000,1.000,5,4,-0.1146,0.0605,0.1296,NO
capture_0046.pgm,71,168,536,25,23,25,0.2445,25.0,0.2445,434,1.000,1.000,6,1,-0.1647,0.0063,0.1648,NO
capture_0046.pgm,72,372,536,24,25,25,0.2445,25.0,0.2445,432,1.000,1.000,6,3,-0.1706,0.0077,0.1708,NO
capture_0046.pgm,73,988,535,22,22,22,0.2152,22.0,0.2152,360,1.000,1.000,6,9,-0.1493,0.0020,0.1493,NO
capture_0046.pgm,74,579,537,24,24,24,0.2347,24.0,0.2347,422,1.000,1.000,6,5,-0.1472,0.0188,0.1484,NO
capture_0046.pgm,75,1187,539,26,24,26,0.2543,26.0,0.2543,463,1.000,1.000,6,11,-0.2041,0.0425,0.2085,NO
capture_0046.pgm,76,681,574,25,24,25,0.2445,25.0,0.2445,446,1.000,1.000,6,6,-0.1505,-0.0359,0.1547,NO
capture_0046.pgm,77,67,577,22,22,22,0.2152,22.0,0.2152,360,1.000,1.000,6,0,-0.1523,-0.0107,0.1526,NO
capture_0046.pgm,78,273,579,26,24,26,0.2543,26.0,0.2543,452,1.000,1.000,6,2,-0.1386,0.0103,0.1390,NO
capture_0046.pgm,79,889,578,22,22,22,0.2152,22.0,0.2152,360,1.000,1.000,6,8,-0.1173,0.0046,0.1174,NO
capture_0046.pgm,80,478,579,23,23,23,0.2249,23.0,0.2249,398,1.000,1.000,6,4,-0.1348,0.0116,0.1353,NO
capture_0046.pgm,81,1089,583,25,23,25,0.2445,25.0,0.2445,436,1.000,1.000,6,10,-0.1623,0.0549,0.1714,NO
capture_0046.pgm,82,371,622,23,24,24,0.2347,24.0,0.2347,398,1.000,1.000,7,3,-0.1810,-0.0021,0.1810,NO
capture_0046.pgm,83,987,621,22,22,22,0.2152,22.0,0.2152,353,1.000,1.000,7,9,-0.1597,-0.0077,0.1598,NO
capture_0046.pgm,84,1190,623,23,24,24,0.2347,24.0,0.2347,398,1.000,1.000,7,11,-0.1754,0.0132,0.1759,NO
capture_0046.pgm,85,173,626,23,26,26,0.2543,26.0,0.2543,444,1.000,1.000,7,1,-0.1164,0.0357,0.1217,NO
capture_0046.pgm,86,578,624,25,23,25,0.2445,25.0,0.2445,437,1.000,1.000,7,5,-0.1576,0.0188,0.1587,NO
capture_0046.pgm,87,779,624,22,22,22,0.2152,22.0,0.2152,360,1.000,1.000,7,7,-0.1929,0.0202,0.1939,NO
capture_0046.pgm,88,888,661,21,21,21,0.2054,21.0,0.2054,317,1.000,1.000,7,8,-0.1276,-0.0345,0.1322,NO
capture_0046.pgm,89,1089,663,22,25,25,0.2445,25.0,0.2445,412,1.000,1.000,7,10,-0.1629,-0.0136,0.1635,NO
capture_0046.pgm,90,272,663,22,22,22,0.2152,22.0,0.2152,353,1.000,1.000,7,2,-0.1490,-0.0191,0.1502,NO
capture_0046.pgm,91,481,663,22,23,23,0.2249,23.0,0.2249,375,1.000,1.000,7,4,-0.1060,-0.0177,0.1075,NO
capture_0046.pgm,92,677,663,23,22,23,0.2249,23.0,0.2249,368,1.000,1.000,7,6,-0.1902,-0.0163,0.1909,NO
capture_0046.pgm,93,69,668,25,24,25,0.2445,25.0,0.2445,447,1.000,1.000,7,0,-0.1333,0.0284,0.1363,NO
capture_0046.pgm,94,373,706,24,23,24,0.2347,24.0,0.2347,421,1.000,1.000,8,3,-0.1620,-0.0314,0.1650,NO
capture_0046.pgm,95,786,708,21,23,23,0.2249,23.0,0.2249,359,1.000,1.000,8,7,-0.1250,-0.0091,0.1253,NO
capture_0046.pgm,96,988,707,23,23,23,0.2249,23.0,0.2249,383,1.000,1.000,8,9,-0.1505,-0.0175,0.1515,NO
capture_0046.pgm,97,174,709,23,23,23,0.2249,23.0,0.2249,391,1.000,1.000,8,1,-0.1072,-0.0035,0.1073,NO
capture_0046.pgm,98,1193,708,21,22,22,0.2152,22.0,0.2152,338,1.000,1.000,8,11,-0.1466,-0.0064,0.1467,NO
capture_0046.pgm,99,579,710,22,23,23,0.2249,23.0,0.2249,375,1.000,1.000,8,5,-0.1484,0.0091,0.1487,NO
capture_0046.pgm,100,678,748,24,26,26,0.2543,26.0,0.2543,451,1.000,1.000,8,6,-0.1810,-0.0359,0.1845,NO
capture_0046.pgm,101,1088,750,22,22,22,0.2152,22.0,0.2152,353,1.000,1.000,8,10,-0.1733,-0.0136,0.1738,NO
capture_0046.pgm,102,884,752,25,22,25,0.2445,25.0,0.2445,419,1.000,1.000,8,8,-0.1673,0.0046,0.1674,NO
capture_0046.pgm,103,273,755,24,25,25,0.2445,25.0,0.2445,451,1.000,1.000,8,2,-0.1398,0.0298,0.1429,NO
capture_0046.pgm,104,476,754,24,23,24,0.2347,24.0,0.2347,421,1.000,1.000,8,4,-0.1555,0.0214,0.1570,NO
capture_0046.pgm,105,71,758,25,25,25,0.2445,25.0,0.2445,469,1.000,1.000,8,0,-0.1143,0.0578,0.1281,NO
capture_0046.pgm,106,784,794,22,23,23,0.2249,23.0,0.2249,368,1.000,1.000,9,7,-0.1451,-0.0189,0.1463,NO
capture_0046.pgm,107,375,797,24,25,25,0.2445,25.0,0.2445,440,1.000,1.000,9,3,-0.1431,0.0077,0.1433,NO
capture_0046.pgm,108,579,795,22,22,22,0.2152,22.0,0.2152,360,1.000,1.000,9,5,-0.1490,-0.0105,0.1493,NO
capture_0046.pgm,109,989,795,21,22,22,0.2152,22.0,0.2152,338,1.000,1.000,9,9,-0.1413,-0.0077,0.1415,NO
capture_0046.pgm,110,1191,798,24,25,25,0.2445,25.0,0.2445,425,1.000,1.000,9,11,-0.1668,0.0230,0.1683,NO
capture_0046.pgm,111,173,801,23,24,24,0.2347,24.0,0.2347,418,1.000,1.000,9,1,-0.1176,0.0454,0.1260,NO
capture_0046.pgm,112,884,835,26,22,26,0.2543,26.0,0.2543,434,1.000,1.000,9,8,-0.1679,-0.0345,0.1714,NO
capture_0046.pgm,113,1091,837,21,21,21,0.2054,21.0,0.2054,317,1.000,1.000,9,10,-0.1445,-0.0136,0.1452,NO
capture_0046.pgm,114,474,838,24,23,24,0.2347,24.0,0.2347,406,1.000,1.000,9,4,-0.1756,-0.0079,0.1758,NO
capture_0046.pgm,115,679,839,22,22,22,0.2152,22.0,0.2152,353,1.000,1.000,9,6,-0.1718,0.0032,0.1718,NO
capture_0046.pgm,116,274,841,23,24,24,0.2347,24.0,0.2347,428,1.000,1.000,9,2,-0.1306,0.0200,0.1321,NO
capture_0046.pgm,117,70,845,25,23,25,0.2445,25.0,0.2445,426,1.000,1.000,9,0,-0.1247,0.0578,0.1374,NO
capture_0046.pgm,118,578,879,23,22,23,0.2249,23.0,0.2249,375,1.000,1.000,10,5,-0.1593,-0.0398,0.1642,NO
capture_0046.pgm,119,176,882,25,23,25,0.2445,25.0,0.2445,429,1.000,1.000,10,1,-0.0888,-0.0132,0.0898,NO
capture_0046.pgm,120,375,883,23,23,23,0.2249,23.0,0.2249,391,1.000,1.000,10,3,-0.1436,-0.0021,0.1437,NO
capture_0046.pgm,121,778,884,24,23,24,0.2347,24.0,0.2347,410,1.000,1.000,10,7,-0.2044,0.0104,0.2047,NO
capture_0046.pgm,122,1192,885,26,24,26,0.2543,26.0,0.2543,466,1.000,1.000,10,11,-0.1576,0.0230,0.1592,NO
capture_0046.pgm,123,985,886,23,24,24,0.2347,24.0,0.2347,411,1.000,1.000,10,9,-0.1810,0.0314,0.1837,NO
capture_0046.pgm,124,67,924,24,26,26,0.2543,26.0,0.2543,456,1.000,1.000,10,0,-0.1546,-0.0205,0.1559,NO
capture_0046.pgm,125,886,923,22,23,23,0.2249,23.0,0.2249,365,1.000,1.000,10,8,-0.1490,-0.0247,0.1510,NO
capture_0046.pgm,126,1088,924,22,24,24,0.2347,24.0,0.2347,390,1.000,1.000,10,10,-0.1744,-0.0136,0.1750,NO
capture_0046.pgm,127,682,926,21,22,22,0.2152,22.0,0.2152,338,1.000,1.000,10,6,-0.1430,0.0032,0.1431,NO
capture_0046.pgm,128,476,927,23,23,23,0.2249,23.0,0.2249,395,1.000,1.000,10,4,-0.1567,0.0116,0.1571,NO
capture_0046.pgm,129,274,928,23,23,23,0.2249,23.0,0.2249,384,1.000,1.000,10,2,-0.1312,0.0200,0.1327,NO
capture_0046.pgm,130,786,965,23,23,23,0.2249,23.0,0.2249,391,1.000,1.000,11,7,-0.1267,-0.0482,0.1356,NO
capture_0046.pgm,131,580,966,25,22,25,0.2445,25.0,0.2445,416,1.000,1.000,11,5,-0.1404,-0.0398,0.1459,NO
capture_0046.pgm,132,1192,968,22,24,24,0.2347,24.0,0.2347,397,1.000,1.000,11,11,-0.1581,-0.0162,0.1590,NO
capture_0046.pgm,133,987,970,24,24,24,0.2347,24.0,0.2347,445,1.000,1.000,11,9,-0.1620,0.0020,0.1620,NO
capture_0046.pgm,134,176,972,24,24,24,0.2347,24.0,0.2347,416,1.000,1.000,11,1,-0.0894,0.0161,0.0908,NO
capture_0046.pgm,135,376,974,24,26,26,0.2543,26.0,0.2543,460,1.000,1.000,11,3,-0.1344,0.0370,0.1394,NO
capture_0046.pgm,136,274,1007,25,24,25,0.2445,25.0,0.2445,429,1.000,1.000,11,2,-0.1318,-0.0582,0.1440,NO
capture_0046.pgm,137,883,1009,22,25,25,0.2445,25.0,0.2445,412,1.000,1.000,11,8,-0.1789,-0.0345,0.1822,NO
capture_0046.pgm,SUMMARY,,,,,,,,,,,,,,,,,
capture_0046.pgm,Count,137,,,,,,,,,,,,,,,
capture_0046.pgm,Missed,1,,,,,,,,,,,,,,,
capture_0046.pgm,Mean,,,,,,,,0.2297,,,,,,,,
capture_0046.pgm,Median,,,,,,,,0.2249,,,,,,,,
capture_0046.pgm,StdDev,,,,,,,,0.0127,,,,,,,,
capture_0046.pgm,Min,,,,,,,,0.2054,,,,,,,,
capture_0046.pgm,Max,,,,,,,,0.2543,,,,,,,,
capture_0047.pgm,1,271,35,23,22,23,0.2249,23.0,0.2249,368,1.000,1.000,0,2,-0.1547,-0.2049,0.2567,NO
capture_0047.pgm,2,1085,36,24,23,24,0.2347,24.0,0.2347,413,1.000,1.000,0,10,-0.1979,-0.1896,0.2741,NO
capture_0047.pgm,3,67,39,24,24,24,0.2347,24.0,0.2347,431,1.000,1.000,0,0,-0.1487,-0.1672,0.2238,NO
capture_0047.pgm,4,478,39,23,25,25,0.2445,25.0,0.2445,426,1.000,1.000,0,4,-0.1313,-0.1644,0.2104,NO
capture_0047.pgm,5,685,48,21,22,22,0.2152,22.0,0.2152,338,1.000,1.000,0,6,-0.1078,-0.0750,0.1314,NO
capture_0047.pgm,6,168,80,24,23,24,0.2347,24.0,0.2347,411,1.000,1.000,1,1,-0.1618,-0.1991,0.2565,NO
capture_0047.pgm,7,781,81,22,23,23,0.2249,23.0,0.2249,368,1.000,1.000,1,7,-0.1698,-0.1852,0.2512,NO
capture_0047.pgm,8,579,81,21,21,21,0.2054,21.0,0.2054,317,1.000,1.000,1,5,-0.1443,-0.1865,0.2358,NO
capture_0047.pgm,9,985,82,23,23,23,0.2249,23.0,0.2249,398,1.000,1.000,1,9,-0.1757,-0.1740,0.2473,NO
capture_0047.pgm,10,1193,82,21,21,21,0.2054,21.0,0.2054,317,1.000,1.000,1,11,-0.1425,-0.1726,0.2239,NO
capture_0047.pgm,11,373,84,24,23,24,0.2347,24.0,0.2347,411,1.000,1.000,1,3,-0.1579,-0.1586,0.2238,NO
capture_0047.pgm,12,1087,123,21,21,21,0.2054,21.0,0.2054,317,1.000,1.000,1,10,-0.1790,-0.1896,0.2607,NO
capture_0047.pgm,13,884,125,23,23,23,0.2249,23.0,0.2249,388,1.000,1.000,1,8,-0.1633,-0.1714,0.2367,NO
capture_0047.pgm,14,265,127,24,22,24,0.2347,24.0,0.2347,404,1.000,1.000,1,2,-0.2139,-0.1560,0.2648,NO
capture_0047.pgm,15,479,127,22,22,22,0.2152,22.0,0.2152,353,1.000,1.000,1,4,-0.1221,-0.1546,0.1970,NO
capture_0047.pgm,16,67,131,25,23,25,0.2445,25.0,0.2445,427,1.000,1.000,1,0,-0.1493,-0.1183,0.1905,NO
capture_0047.pgm,17,679,132,21,21,21,0.2054,21.0,0.2054,317,1.000,1.000,1,6,-0.1671,-0.1043,0.1970,NO
capture_0047.pgm,18,783,166,25,27,27,0.2641,27.0,0.2641,480,1.000,1.000,2,7,-0.1508,-0.2047,0.2543,NO
capture_0047.pgm,19,174,166,23,22,23,0.2249,23.0,0.2249,382,1.000,1.000,2,1,-0.1037,-0.2088,0.2332,NO
capture_0047.pgm,20,376,168,21,21,21,0.2054,21.0,0.2054,317,1.000,1.000,2,3,-0.1292,-0.1879,0.2280,NO
capture_0047.pgm,21,1190,169,23,22,23,0.2249,23.0,0.2249,368,1.000,1.000,2,11,-0.1724,-0.1726,0.2440,NO
capture_0047.pgm,22,987,171,22,23,23,0.2249,23.0,0.2249,368,1.000,1.000,2,9,-0.1567,-0.1545,0.2200,NO
capture_0047.pgm,23,582,176,21,25,25,0.2445,25.0,0.2445,401,1.000,1.000,2,5,-0.1155,-0.1083,0.1584,NO
capture_0047.pgm,24,682,210,21,22,22,0.2152,22.0,0.2152,338,1.000,1.000,2,6,-0.1384,-0.1924,0.2370,NO
capture_0047.pgm,25,886,210,22,23,23,0.2249,23.0,0.2249,365,1.000,1.000,2,8,-0.1443,-0.1910,0.2394,NO
capture_0047.pgm,26,1087,210,22,22,22,0.2152,22.0,0.2152,353,1.000,1.000,2,10,-0.1795,-0.1896,0.2611,NO
capture_0047.pgm,27,481,212,21,21,21,0.2054,21.0,0.2054,317,1.000,1.000,2,4,-0.1031,-0.1742,0.2024,NO
capture_0047.pgm,28,71,215,24,24,24,0.2347,24.0,0.2347,421,1.000,1.000,2,0,-0.1108,-0.1476,0.1846,NO
capture_0047.pgm,29,271,215,23,22,23,0.2249,23.0,0.2249,368,1.000,1.000,2,2,-0.1558,-0.1462,0.2137,NO
capture_0047.pgm,30,1187,254,24,23,24,0.2347,24.0,0.2347,421,1.000,1.000,3,11,-0.2024,-0.1922,0.2791,NO
capture_0047.pgm,31,987,255,22,23,23,0.2249,23.0,0.2249,382,1.000,1.000,3,9,-0.1573,-0.1838,0.2419,NO
capture_0047.pgm,32,170,258,25,24,25,0.2445,25.0,0.2445,431,1.000,1.000,3,1,-0.1434,-0.1599,0.2148,NO
capture_0047.pgm,33,580,257,23,22,23,0.2249,23.0,0.2249,375,1.000,1.000,3,5,-0.1357,-0.1670,0.2152,NO
capture_0047.pgm,34,376,259,23,23,23,0.2249,23.0,0.2249,384,1.000,1.000,3,3,-0.1298,-0.1488,0.1974,NO
capture_0047.pgm,35,781,258,24,22,24,0.2347,24.0,0.2347,390,1.000,1.000,3,7,-0.1710,-0.1558,0.2313,NO
capture_0047.pgm,36,1086,297,21,21,21,0.2054,21.0,0.2054,317,1.000,1.000,3,10,-0.1899,-0.1896,0.2684,NO
capture_0047.pgm,37,887,299,21,22,22,0.2152,22.0,0.2152,338,1.000,1.000,3,8,-0.1351,-0.1714,0.2183,NO
capture_0047.pgm,38,681,303,22,23,23,0.2249,23.0,0.2249,368,1.000,1.000,3,6,-0.1487,-0.1337,0.2000,NO
capture_0047.pgm,39,71,303,22,22,22,0.2152,22.0,0.2152,360,1.000,1.000,3,0,-0.1114,-0.1378,0.1772,NO
capture_0047.pgm,40,479,304,22,23,23,0.2249,23.0,0.2249,375,1.000,1.000,3,4,-0.1232,-0.1253,0.1757,NO
capture_0047.pgm,41,274,309,23,25,25,0.2445,25.0,0.2445,421,1.000,1.000,3,2,-0.1271,-0.0778,0.1490,NO
capture_0047.pgm,42,1187,338,24,24,24,0.2347,24.0,0.2347,418,1.000,1.000,4,11,-0.2030,-0.2215,0.3004,NO
capture_0047.pgm,43,778,343,25,23,25,0.2445,25.0,0.2445,427,1.000,1.000,4,7,-0.2009,-0.1754,0.2667,NO
capture_0047.pgm,44,374,344,23,23,23,0.2249,23.0,0.2249,398,1.000,1.000,4,3,-0.1499,-0.1684,0.2254,NO
capture_0047.pgm,45,578,344,22,22,22,0.2152,22.0,0.2152,360,1.000,1.000,4,5,-0.1558,-0.1670,0.2284,NO
capture_0047.pgm,46,171,346,24,24,24,0.2347,24.0,0.2347,438,1.000,1.000,4,1,-0.1342,-0.1502,0.2014,NO
capture_0047.pgm,47,988,345,21,21,21,0.2054,21.0,0.2054,317,1.000,1.000,4,9,-0.1481,-0.1544,0.2140,NO
capture_0047.pgm,48,1089,384,21,21,21,0.2054,21.0,0.2054,317,1.000,1.000,4,10,-0.1612,-0.1896,0.2488,NO
capture_0047.pgm,49,682,386,21,22,22,0.2152,22.0,0.2152,338,1.000,1.000,4,6,-0.1395,-0.1728,0.2221,NO
capture_0047.pgm,50,890,386,21,21,21,0.2054,21.0,0.2054,317,1.000,1.000,4,8,-0.1063,-0.1714,0.2017,NO
capture_0047.pgm,51,267,388,26,23,26,0.2543,26.0,0.2543,431,1.000,1.000,4,2,-0.1961,-0.1560,0.2506,NO
capture_0047.pgm,52,71,392,22,23,23,0.2249,23.0,0.2249,382,1.000,1.000,4,0,-0.1120,-0.1183,0.1629,NO
capture_0047.pgm,53,475,394,22,23,23,0.2249,23.0,0.2249,368,1.000,1.000,4,4,-0.1629,-0.0959,0.1891,NO
capture_0047.pgm,54,375,428,21,21,21,0.2054,21.0,0.2054,317,1.000,1.000,5,3,-0.1407,-0.1977,0.2427,NO
capture_0047.pgm,55,784,430,23,24,24,0.2347,24.0,0.2347,414,1.000,1.000,5,7,-0.1428,-0.1754,0.2262,NO
capture_0047.pgm,56,169,432,25,23,25,0.2445,25.0,0.2445,422,1.000,1.000,5,1,-0.1543,-0.1599,0.2223,NO
capture_0047.pgm,57,579,432,21,21,21,0.2054,21.0,0.2054,317,1.000,1.000,5,5,-0.1466,-0.1572,0.2150,NO
capture_0047.pgm,58,998,434,23,25,25,0.2445,25.0,0.2445,422,1.000,1.000,5,9,-0.0509,-0.1349,0.1442,NO
capture_0047.pgm,59,1193,434,21,23,23,0.2249,23.0,0.2249,359,1.000,1.000,5,11,-0.1449,-0.1335,0.1970,NO
capture_0047.pgm,60,65,472,23,22,23,0.2249,23.0,0.2249,375,1.000,1.000,5,0,-0.1712,-0.1867,0.2533,NO
capture_0047.pgm,61,679,473,25,23,25,0.2445,25.0,0.2445,425,1.000,1.000,5,6,-0.1694,-0.1728,0.2420,NO
capture_0047.pgm,62,267,473,26,22,26,0.2543,26.0,0.2543,436,1.000,1.000,5,2,-0.1967,-0.1756,0.2637,NO
capture_0047.pgm,63,476,474,23,23,23,0.2249,23.0,0.2249,391,1.000,1.000,5,4,-0.1537,-0.1644,0.2251,NO
capture_0047.pgm,64,1088,473,22,22,22,0.2152,22.0,0.2152,353,1.000,1.000,5,10,-0.1715,-0.1701,0.2415,NO
capture_0047.pgm,65,887,476,22,22,22,0.2152,22.0,0.2152,346,1.000,1.000,5,8,-0.1363,-0.1421,0.1969,NO
capture_0047.pgm,66,1187,516,25,23,25,0.2445,25.0,0.2445,420,1.000,1.000,6,11,-0.2041,-0.1824,0.2738,NO
capture_0047.pgm,67,373,517,26,23,26,0.2543,26.0,0.2543,443,1.000,1.000,6,3,-0.1609,-0.1781,0.2400,NO
capture_0047.pgm,68,166,521,26,23,26,0.2543,26.0,0.2543,440,1.000,1.000,6,1,-0.1843,-0.1404,0.2317,NO
capture_0047.pgm,69,994,523,22,25,25,0.2445,25.0,0.2445,419,1.000,1.000,6,9,-0.0906,-0.1153,0.1467,NO
capture_0047.pgm,70,581,523,23,23,23,0.2249,23.0,0.2249,391,1.000,1.000,6,5,-0.1277,-0.1181,0.1739,NO
capture_0047.pgm,71,786,523,23,22,23,0.2249,23.0,0.2249,375,1.000,1.000,6,7,-0.1238,-0.1167,0.1701,NO
capture_0047.pgm,72,269,555,27,23,27,0.2641,27.0,0.2641,463,1.000,1.000,6,2,-0.1777,-0.2245,0.2863,NO
capture_0047.pgm,73,885,555,22,23,23,0.2249,23.0,0.2249,375,1.000,1.000,6,8,-0.1564,-0.2203,0.2702,NO
capture_0047.pgm,74,72,561,23,27,27,0.2641,27.0,0.2641,449,1.000,1.000,6,0,-0.1034,-0.1672,0.1965,NO
capture_0047.pgm,75,677,559,25,23,25,0.2445,25.0,0.2445,420,1.000,1.000,6,6,-0.1896,-0.1826,0.2632,NO
capture_0047.pgm,76,1087,559,22,21,22,0.2152,22.0,0.2152,338,1.000,1.000,6,10,-0.1819,-0.1798,0.2558,NO
capture_0047.pgm,77,479,566,23,24,24,0.2347,24.0,0.2347,407,1.000,1.000,6,4,-0.1250,-0.1155,0.1702,NO
capture_0047.pgm,78,987,604,22,22,22,0.2152,22.0,0.2152,353,1.000,1.000,7,9,-0.1597,-0.1740,0.2362,NO
capture_0047.pgm,79,1194,604,23,22,23,0.2249,23.0,0.2249,382,1.000,1.000,7,11,-0.1362,-0.1726,0.2199,NO
capture_0047.pgm,80,784,606,22,23,23,0.2249,23.0,0.2249,382,1.000,1.000,7,7,-0.1440,-0.1558,0.2121,NO
capture_0047.pgm,81,377,608,23,24,24,0.2347,24.0,0.2347,407,1.000,1.000,7,3,-0.1223,-0.1390,0.1852,NO
capture_0047.pgm,82,581,608,23,22,23,0.2249,23.0,0.2249,368,1.000,1.000,7,5,-0.1282,-0.1376,0.1881,NO
capture_0047.pgm,83,167,612,24,23,24,0.2347,24.0,0.2347,398,1.000,1.000,7,1,-0.1751,-0.1013,0.2023,NO
capture_0047.pgm,84,472,644,25,23,25,0.2445,25.0,0.2445,418,1.000,1.000,7,4,-0.1940,-0.2035,0.2812,NO
capture_0047.pgm,85,272,647,23,23,23,0.2249,23.0,0.2249,384,1.000,1.000,7,2,-0.1490,-0.1756,0.2303,NO
capture_0047.pgm,86,1088,648,23,23,23,0.2249,23.0,0.2249,388,1.000,1.000,7,10,-0.1727,-0.1603,0.2356,NO
capture_0047.pgm,87,885,648,21,21,21,0.2054,21.0,0.2054,317,1.000,1.000,7,8,-0.1570,-0.1617,0.2253,NO
capture_0047.pgm,88,62,650,25,22,25,0.2445,25.0,0.2445,406,1.000,1.000,7,0,-0.2017,-0.1476,0.2500,NO
capture_0047.pgm,89,681,651,22,23,23,0.2249,23.0,0.2249,375,1.000,1.000,7,6,-0.1511,-0.1337,0.2017,NO
capture_0047.pgm,90,984,689,22,22,22,0.2152,22.0,0.2152,353,1.000,1.000,8,9,-0.1896,-0.1936,0.2709,NO
capture_0047.pgm,91,381,693,23,26,26,0.2543,26.0,0.2543,438,1.000,1.000,8,3,-0.0838,-0.1586,0.1793,NO
capture_0047.pgm,92,582,692,23,23,23,0.2249,23.0,0.2249,398,1.000,1.000,8,5,-0.1191,-0.1670,0.2051,NO
capture_0047.pgm,93,782,693,24,23,24,0.2347,24.0,0.2347,404,1.000,1.000,8,7,-0.1641,-0.1558,0.2263,NO
capture_0047.pgm,94,1195,693,23,23,23,0.2249,23.0,0.2249,395,1.000,1.000,8,11,-0.1270,-0.1531,0.1989,NO
capture_0047.pgm,95,166,695,24,23,24,0.2347,24.0,0.2347,406,1.000,1.000,8,1,-0.1854,-0.1404,0.2326,NO
capture_0047.pgm,96,676,731,24,23,24,0.2347,24.0,0.2347,406,1.000,1.000,8,6,-0.2005,-0.2021,0.2847,NO
capture_0047.pgm,97,63,734,24,22,24,0.2347,24.0,0.2347,397,1.000,1.000,8,0,-0.1925,-0.1769,0.2615,NO
capture_0047.pgm,98,274,734,21,22,22,0.2152,22.0,0.2152,338,1.000,1.000,8,2,-0.1300,-0.1756,0.2185,NO
capture_0047.pgm,99,886,734,22,23,23,0.2249,23.0,0.2249,375,1.000,1.000,8,8,-0.1478,-0.1714,0.2263,NO
capture_0047.pgm,100,477,740,26,23,26,0.2543,26.0,0.2543,453,1.000,1.000,8,4,-0.1457,-0.1155,0.1859,NO
capture_0047.pgm,101,986,777,23,23,23,0.2249,23.0,0.2249,398,1.000,1.000,9,9,-0.1706,-0.1838,0.2508,NO
capture_0047.pgm,102,1204,777,26,23,26,0.2543,26.0,0.2543,452,1.000,1.000,9,11,-0.0396,-0.1824,0.1867,NO
capture_0047.pgm,103,579,778,25,23,25,0.2445,25.0,0.2445,430,1.000,1.000,9,5,-0.1490,-0.1768,0.2312,NO
capture_0047.pgm,104,783,779,22,22,22,0.2152,22.0,0.2152,360,1.000,1.000,9,7,-0.1549,-0.1656,0.2268,NO
capture_0047.pgm,105,371,781,25,23,25,0.2445,25.0,0.2445,411,1.000,1.000,9,3,-0.1822,-0.1488,0.2352,NO
capture_0047.pgm,106,171,785,23,23,23,0.2249,23.0,0.2249,391,1.000,1.000,9,1,-0.1371,-0.1110,0.1765,NO
capture_0047.pgm,107,272,819,23,24,24,0.2347,24.0,0.2347,407,1.000,1.000,9,2,-0.1502,-0.1951,0.2462,NO
capture_0047.pgm,108,477,819,23,23,23,0.2249,23.0,0.2249,388,1.000,1.000,9,4,-0.1463,-0.1937,0.2428,NO
capture_0047.pgm,109,64,821,23,24,24,0.2347,24.0,0.2347,400,1.000,1.000,9,0,-0.1833,-0.1769,0.2548,NO
capture_0047.pgm,110,681,820,22,22,22,0.2152,22.0,0.2152,360,1.000,1.000,9,6,-0.1522,-0.1826,0.2377,NO
capture_0047.pgm,111,886,820,24,23,24,0.2347,24.0,0.2347,414,1.000,1.000,9,8,-0.1484,-0.1812,0.2342,NO
capture_0047.pgm,112,1081,824,24,22,24,0.2347,24.0,0.2347,387,1.000,1.000,9,10,-0.2423,-0.1407,0.2802,NO
capture_0047.pgm,113,1192,859,23,24,24,0.2347,24.0,0.2347,421,1.000,1.000,10,11,-0.1576,-0.2313,0.2799,NO
capture_0047.pgm,114,984,861,24,23,24,0.2347,24.0,0.2347,400,1.000,1.000,10,9,-0.1908,-0.2131,0.2860,NO
capture_0047.pgm,115,377,864,22,22,22,0.2152,22.0,0.2152,353,1.000,1.000,10,3,-0.1241,-0.1879,0.2252,NO
capture_0047.pgm,116,785,866,21,22,22,0.2152,22.0,0.2152,338,1.000,1.000,10,7,-0.1359,-0.1656,0.2142,NO
capture_0047.pgm,117,173,870,23,24,24,0.2347,24.0,0.2347,404,1.000,1.000,10,1,-0.1182,-0.1306,0.1761,NO
capture_0047.pgm,118,577,871,24,24,24,0.2347,24.0,0.2347,413,1.000,1.000,10,5,-0.1691,-0.1181,0.2063,NO
capture_0047.pgm,119,477,908,22,23,23,0.2249,23.0,0.2249,382,1.000,1.000,10,4,-0.1469,-0.1742,0.2278,NO
capture_0047.pgm,120,885,908,24,24,24,0.2347,24.0,0.2347,420,1.000,1.000,10,8,-0.1587,-0.1714,0.2336,NO
capture_0047.pgm,121,1090,908,22,23,23,0.2249,23.0,0.2249,375,1.000,1.000,10,10,-0.1549,-0.1701,0.2300,NO
capture_0047.pgm,122,270,909,25,23,25,0.2445,25.0,0.2445,434,1.000,1.000,10,2,-0.1703,-0.1658,0.2377,NO
capture_0047.pgm,123,682,909,23,22,23,0.2249,23.0,0.2249,375,1.000,1.000,10,6,-0.1430,-0.1630,0.2169,NO
capture_0047.pgm,124,65,911,25,23,25,0.2445,25.0,0.2445,422,1.000,1.000,10,0,-0.1742,-0.1476,0.2283,NO
capture_0047.pgm,125,986,950,22,23,23,0.2249,23.0,0.2249,382,1.000,1.000,11,9,-0.1718,-0.1936,0.2588,NO
capture_0047.pgm,126,376,950,24,23,24,0.2347,24.0,0.2347,400,1.000,1.000,11,3,-0.1344,-0.1977,0.2391,NO
capture_0047.pgm,127,575,951,26,24,26,0.2543,26.0,0.2543,467,1.000,1.000,11,5,-0.1893,-0.1865,0.2657,NO
capture_0047.pgm,128,786,953,23,25,25,0.2445,25.0,0.2445,423,1.000,1.000,11,7,-0.1267,-0.1656,0.2085,NO
capture_0047.pgm,129,1193,953,22,23,23,0.2249,23.0,0.2249,382,1.000,1.000,11,11,-0.1484,-0.1629,0.2203,NO
capture_0047.pgm,130,174,956,24,23,24,0.2347,24.0,0.2347,398,1.000,1.000,11,1,-0.1090,-0.1404,0.1777,NO
capture_0047.pgm,131,477,993,23,24,24,0.2347,24.0,0.2347,406,1.000,1.000,11,4,-0.1475,-0.1937,0.2435,NO
capture_0047.pgm,132,273,997,23,25,25,0.2445,25.0,0.2445,437,1.000,1.000,11,2,-0.1415,-0.1560,0.2106,NO
capture_0047.pgm,133,70,997,24,24,24,0.2347,24.0,0.2347,438,1.000,1.000,11,0,-0.1258,-0.1574,0.2015,NO
capture_0047.pgm,134,681,1000,25,25,25,0.2445,25.0,0.2445,457,1.000,1.000,11,6,-0.1534,-0.1239,0.1972,NO
capture_0047.pgm,135,888,1000,23,25,25,0.2445,25.0,0.2445,434,1.000,1.000,11,8,-0.1300,-0.1225,0.1786,NO
capture_0047.pgm,136,1093,1000,24,23,24,0.2347,24.0,0.2347,406,1.000,1.000,11,10,-0.1261,-0.1212,0.1749,NO
capture_0047.pgm,SUMMARY,,,,,,,,,,,,,,,,,
capture_0047.pgm,Count,136,,,,,,,,,,,,,,,
capture_0047.pgm,Missed,2,,,,,,,,,,,,,,,
capture_0047.pgm,Mean,,,,,,,,0.2298,,,,,,,,
capture_0047.pgm,Median,,,,,,,,0.2249,,,,,,,,
capture_0047.pgm,StdDev,,,,,,,,0.0139,,,,,,,,
capture_0047.pgm,Min,,,,,,,,0.2054,,,,,,,,
capture_0047.pgm,Max,,,,,,,,0.2641,,,,,,,,
capture_0048.pgm,1,275,22,22,23,23,0.2249,23.0,0.2249,375,1.000,1.000,0,2,-0.1156,-0.3320,0.3516,NO
capture_0048.pgm,2,1081,22,25,23,25,0.2445,25.0,0.2445,417,1.000,1.000,0,10,-0.2371,-0.3265,0.4035,NO
capture_0048.pgm,3,678,23,25,25,25,0.2445,25.0,0.2445,459,1.000,1.000,0,6,-0.1763,-0.3195,0.3649,NO
capture_0048.pgm,4,882,25,24,24,24,0.2347,24.0,0.2347,431,1.000,1.000,0,8,-0.1822,-0.2986,0.3498,NO
capture_0048.pgm,5,69,26,23,23,23,0.2249,23.0,0.2249,383,1.000,1.000,0,0,-0.1292,-0.2943,0.3214,NO
capture_0048.pgm,6,474,26,26,23,26,0.2543,26.0,0.2543,452,1.000,1.000,0,4,-0.1704,-0.2915,0.3377,NO
capture_0048.pgm,7,378,63,23,24,24,0.2347,24.0,0.2347,411,1.000,1.000,1,3,-0.1090,-0.3640,0.3799,NO
capture_0048.pgm,8,1189,64,22,22,22,0.2152,22.0,0.2152,353,1.000,1.000,1,11,-0.1816,-0.3487,0.3931,NO
capture_0048.pgm,9,986,65,22,22,22,0.2152,22.0,0.2152,360,1.000,1.000,1,9,-0.1659,-0.3403,0.3786,NO
capture_0048.pgm,10,580,66,21,21,21,0.2054,21.0,0.2054,317,1.000,1.000,1,5,-0.1345,-0.3332,0.3594,NO
capture_0048.pgm,11,169,68,24,23,24,0.2347,24.0,0.2347,397,1.000,1.000,1,1,-0.1520,-0.3164,0.3510,NO
capture_0048.pgm,12,784,71,23,25,25,0.2445,25.0,0.2445,427,1.000,1.000,1,7,-0.1404,-0.2830,0.3159,NO
capture_0048.pgm,13,677,107,24,23,24,0.2347,24.0,0.2347,398,1.000,1.000,1,6,-0.1867,-0.3488,0.3957,NO
capture_0048.pgm,14,1088,110,21,22,22,0.2152,22.0,0.2152,338,1.000,1.000,1,10,-0.1692,-0.3168,0.3591,NO
capture_0048.pgm,15,273,112,22,22,22,0.2152,22.0,0.2152,353,1.000,1.000,1,2,-0.1357,-0.3027,0.3317,NO
capture_0048.pgm,16,477,113,22,23,23,0.2249,23.0,0.2249,375,1.000,1.000,1,4,-0.1416,-0.2915,0.3241,NO
capture_0048.pgm,17,70,119,23,24,24,0.2347,24.0,0.2347,400,1.000,1.000,1,0,-0.1200,-0.2356,0.2644,NO
capture_0048.pgm,18,884,118,22,22,22,0.2152,22.0,0.2152,360,1.000,1.000,1,8,-0.1633,-0.2399,0.2902,NO
capture_0048.pgm,19,373,154,23,24,24,0.2347,24.0,0.2347,398,1.000,1.000,2,3,-0.1585,-0.3248,0.3614,NO
capture_0048.pgm,20,578,153,22,21,22,0.2152,22.0,0.2152,338,1.000,1.000,2,5,-0.1547,-0.3332,0.3674,NO
capture_0048.pgm,21,785,156,25,26,26,0.2543,26.0,0.2543,479,1.000,1.000,2,7,-0.1313,-0.3025,0.3298,NO
capture_0048.pgm,22,169,155,25,22,25,0.2445,25.0,0.2445,412,1.000,1.000,2,1,-0.1526,-0.3164,0.3513,NO
capture_0048.pgm,23,983,155,25,22,25,0.2445,25.0,0.2445,406,1.000,1.000,2,9,-0.1959,-0.3109,0.3675,NO
capture_0048.pgm,24,1188,155,23,22,23,0.2249,23.0,0.2249,375,1.000,1.000,2,11,-0.1920,-0.3096,0.3643,NO
capture_0048.pgm,25,683,190,21,24,24,0.2347,24.0,0.2347,380,1.000,1.000,2,6,-0.1286,-0.3880,0.4087,NO
capture_0048.pgm,26,887,194,21,21,21,0.2054,21.0,0.2054,317,1.000,1.000,2,8,-0.1345,-0.3475,0.3726,NO
capture_0048.pgm,27,274,196,21,22,22,0.2152,22.0,0.2152,338,1.000,1.000,2,2,-0.1265,-0.3320,0.3553,NO
capture_0048.pgm,28,65,198,25,24,25,0.2445,25.0,0.2445,444,1.000,1.000,2,0,-0.1695,-0.3139,0.3567,NO
capture_0048.pgm,29,477,197,22,22,22,0.2152,22.0,0.2152,353,1.000,1.000,2,4,-0.1422,-0.3209,0.3510,NO
capture_0048.pgm,30,1085,197,23,22,23,0.2249,23.0,0.2249,382,1.000,1.000,2,10,-0.1991,-0.3168,0.3741,NO
capture_0048.pgm,31,986,239,21,21,21,0.2054,21.0,0.2054,317,1.000,1.000,3,9,-0.1671,-0.3403,0.3791,NO
capture_0048.pgm,32,783,241,22,23,23,0.2249,23.0,0.2249,375,1.000,1.000,3,7,-0.1514,-0.3221,0.3559,NO
capture_0048.pgm,33,172,243,22,22,22,0.2152,22.0,0.2152,360,1.000,1.000,3,1,-0.1238,-0.3066,0.3307,NO
capture_0048.pgm,34,584,244,22,23,23,0.2249,23.0,0.2249,375,1.000,1.000,3,5,-0.0966,-0.2941,0.3096,NO
capture_0048.pgm,35,1191,245,23,22,23,0.2249,23.0,0.2249,372,1.000,1.000,3,11,-0.1632,-0.2802,0.3243,NO
capture_0048.pgm,36,376,248,24,25,25,0.2445,25.0,0.2445,434,1.000,1.000,3,3,-0.1298,-0.2564,0.2873,NO
capture_0048.pgm,37,679,278,22,22,22,0.2152,22.0,0.2152,353,1.000,1.000,3,6,-0.1683,-0.3782,0.4139,NO
capture_0048.pgm,38,64,282,25,24,25,0.2445,25.0,0.2445,441,1.000,1.000,3,0,-0.1798,-0.3432,0.3875,NO
capture_0048.pgm,39,886,281,23,22,23,0.2249,23.0,0.2249,368,1.000,1.000,3,8,-0.1449,-0.3475,0.3765,NO
capture_0048.pgm,40,480,284,21,22,22,0.2152,22.0,0.2152,338,1.000,1.000,3,4,-0.1135,-0.3209,0.3403,NO
capture_0048.pgm,41,274,286,22,22,22,0.2152,22.0,0.2152,353,1.000,1.000,3,2,-0.1271,-0.3027,0.3283,NO
capture_0048.pgm,42,1086,292,23,24,24,0.2347,24.0,0.2347,421,1.000,1.000,3,10,-0.1899,-0.2385,0.3049,NO
capture_0048.pgm,43,1190,325,24,24,24,0.2347,24.0,0.2347,422,1.000,1.000,4,11,-0.1736,-0.3487,0.3895,NO
capture_0048.pgm,44,578,329,23,23,23,0.2249,23.0,0.2249,388,1.000,1.000,4,5,-0.1558,-0.3137,0.3503,NO
capture_0048.pgm,45,787,330,23,23,23,0.2249,23.0,0.2249,391,1.000,1.000,4,7,-0.1129,-0.3025,0.3229,NO
capture_0048.pgm,46,987,330,22,22,22,0.2152,22.0,0.2152,346,1.000,1.000,4,9,-0.1579,-0.3011,0.3400,NO
capture_0048.pgm,47,173,332,24,23,24,0.2347,24.0,0.2347,407,1.000,1.000,4,1,-0.1146,-0.2871,0.3091,NO
capture_0048.pgm,48,378,332,24,23,24,0.2347,24.0,0.2347,414,1.000,1.000,4,3,-0.1108,-0.2857,0.3064,NO
capture_0048.pgm,49,64,368,24,24,24,0.2347,24.0,0.2347,427,1.000,1.000,4,0,-0.1804,-0.3530,0.3964,NO
capture_0048.pgm,50,680,368,22,22,22,0.2152,22.0,0.2152,346,1.000,1.000,4,6,-0.1591,-0.3488,0.3834,NO
capture_0048.pgm,51,480,369,21,21,21,0.2054,21.0,0.2054,317,1.000,1.000,4,4,-0.1140,-0.3404,0.3590,NO
capture_0048.pgm,52,881,370,22,23,23,0.2249,23.0,0.2249,368,1.000,1.000,4,8,-0.1943,-0.3279,0.3812,NO
capture_0048.pgm,53,1091,369,21,21,21,0.2054,21.0,0.2054,317,1.000,1.000,4,10,-0.1416,-0.3363,0.3649,NO
capture_0048.pgm,54,272,374,22,21,22,0.2152,22.0,0.2152,338,1.000,1.000,4,2,-0.1472,-0.2929,0.3278,NO
capture_0048.pgm,55,374,411,22,23,23,0.2249,23.0,0.2249,375,1.000,1.000,5,3,-0.1505,-0.3640,0.3938,NO
capture_0048.pgm,56,585,414,25,25,25,0.2445,25.0,0.2445,465,1.000,1.000,5,5,-0.0880,-0.3332,0.3447,NO
capture_0048.pgm,57,783,414,23,22,23,0.2249,23.0,0.2249,375,1.000,1.000,5,7,-0.1526,-0.3319,0.3653,NO
capture_0048.pgm,58,1192,415,22,22,22,0.2152,22.0,0.2152,353,1.000,1.000,5,11,-0.1546,-0.3193,0.3548,NO
capture_0048.pgm,59,173,420,24,23,24,0.2347,24.0,0.2347,428,1.000,1.000,5,1,-0.1152,-0.2773,0.3003,NO
capture_0048.pgm,60,987,421,23,24,24,0.2347,24.0,0.2347,392,1.000,1.000,5,9,-0.1585,-0.2620,0.3062,NO
capture_0048.pgm,61,66,455,25,23,25,0.2445,25.0,0.2445,416,1.000,1.000,5,0,-0.1615,-0.3530,0.3881,NO
capture_0048.pgm,62,479,456,21,21,21,0.2054,21.0,0.2054,317,1.000,1.000,5,4,-0.1244,-0.3404,0.3625,NO
capture_0048.pgm,63,1085,456,24,22,24,0.2347,24.0,0.2347,390,1.000,1.000,5,10,-0.2009,-0.3363,0.3917,NO
capture_0048.pgm,64,683,460,27,23,27,0.2641,27.0,0.2641,458,1.000,1.000,5,6,-0.1303,-0.2999,0.3270,NO
capture_0048.pgm,65,887,460,23,23,23,0.2249,23.0,0.2249,380,1.000,1.000,5,8,-0.1363,-0.2986,0.3282,NO
capture_0048.pgm,66,275,460,23,22,23,0.2249,23.0,0.2249,375,1.000,1.000,5,2,-0.1185,-0.3027,0.3251,NO
capture_0048.pgm,67,170,501,22,23,23,0.2249,23.0,0.2249,382,1.000,1.000,6,1,-0.1452,-0.3360,0.3660,NO
capture_0048.pgm,68,781,502,24,24,24,0.2347,24.0,0.2347,420,1.000,1.000,6,7,-0.1727,-0.3221,0.3655,NO
capture_0048.pgm,69,380,502,24,23,24,0.2347,24.0,0.2347,414,1.000,1.000,6,3,-0.0924,-0.3248,0.3377,NO
capture_0048.pgm,70,576,504,22,23,23,0.2249,23.0,0.2249,382,1.000,1.000,6,5,-0.1766,-0.3039,0.3515,NO
capture_0048.pgm,71,1190,505,24,25,25,0.2445,25.0,0.2445,421,1.000,1.000,6,11,-0.1748,-0.2900,0.3386,NO
capture_0048.pgm,72,992,505,23,23,23,0.2249,23.0,0.2249,390,1.000,1.000,6,9,-0.1102,-0.2914,0.3115,NO
capture_0048.pgm,73,681,540,22,22,22,0.2152,22.0,0.2152,353,1.000,1.000,6,6,-0.1505,-0.3684,0.3980,NO
capture_0048.pgm,74,68,541,25,22,25,0.2445,25.0,0.2445,412,1.000,1.000,6,0,-0.1425,-0.3628,0.3897,NO
capture_0048.pgm,75,1084,543,24,21,24,0.2347,24.0,0.2347,380,1.000,1.000,6,10,-0.2112,-0.3363,0.3971,NO
capture_0048.pgm,76,886,544,23,21,23,0.2249,23.0,0.2249,359,1.000,1.000,6,8,-0.1466,-0.3279,0.3592,NO
capture_0048.pgm,77,271,545,22,22,22,0.2152,22.0,0.2152,353,1.000,1.000,6,2,-0.1582,-0.3223,0.3590,NO
capture_0048.pgm,78,480,546,21,22,22,0.2152,22.0,0.2152,338,1.000,1.000,6,4,-0.1152,-0.3111,0.3317,NO
capture_0048.pgm,79,580,585,24,23,24,0.2347,24.0,0.2347,401,1.000,1.000,7,5,-0.1380,-0.3626,0.3880,NO
capture_0048.pgm,80,372,588,25,26,26,0.2543,26.0,0.2543,462,1.000,1.000,7,3,-0.1712,-0.3346,0.3759,NO
capture_0048.pgm,81,779,588,23,22,23,0.2249,23.0,0.2249,372,1.000,1.000,7,7,-0.1929,-0.3319,0.3838,NO
capture_0048.pgm,82,1187,589,25,23,25,0.2445,25.0,0.2445,418,1.000,1.000,7,11,-0.2047,-0.3193,0.3793,NO
capture_0048.pgm,83,166,593,25,24,25,0.2445,25.0,0.2445,421,1.000,1.000,7,1,-0.1849,-0.2871,0.3415,NO
capture_0048.pgm,84,989,593,24,23,24,0.2347,24.0,0.2347,414,1.000,1.000,7,9,-0.1401,-0.2816,0.3145,NO
capture_0048.pgm,85,680,629,24,22,24,0.2347,24.0,0.2347,390,1.000,1.000,7,6,-0.1608,-0.3488,0.3841,NO
capture_0048.pgm,86,67,631,23,23,23,0.2249,23.0,0.2249,388,1.000,1.000,7,0,-0.1528,-0.3334,0.3668,NO
capture_0048.pgm,87,1086,633,23,24,24,0.2347,24.0,0.2347,406,1.000,1.000,7,10,-0.1922,-0.3070,0.3622,NO
capture_0048.pgm,88,270,634,23,24,24,0.2347,24.0,0.2347,414,1.000,1.000,7,2,-0.1685,-0.3027,0.3465,NO
capture_0048.pgm,89,477,636,23,23,23,0.2249,23.0,0.2249,395,1.000,1.000,7,4,-0.1451,-0.2818,0.3169,NO
capture_0048.pgm,90,889,636,22,23,23,0.2249,23.0,0.2249,368,1.000,1.000,7,8,-0.1179,-0.2790,0.3029,NO
capture_0048.pgm,91,985,673,23,23,23,0.2249,23.0,0.2249,398,1.000,1.000,8,9,-0.1798,-0.3500,0.3935,NO
capture_0048.pgm,92,781,675,23,25,25,0.2445,25.0,0.2445,434,1.000,1.000,8,7,-0.1739,-0.3319,0.3747,NO
capture_0048.pgm,93,1189,674,22,22,22,0.2152,22.0,0.2152,353,1.000,1.000,8,11,-0.1857,-0.3389,0.3864,NO
capture_0048.pgm,94,581,676,24,24,24,0.2347,24.0,0.2347,427,1.000,1.000,8,5,-0.1288,-0.3235,0.3482,NO
capture_0048.pgm,95,374,677,24,24,24,0.2347,24.0,0.2347,421,1.000,1.000,8,3,-0.1522,-0.3151,0.3499,NO
capture_0048.pgm,96,175,684,25,24,25,0.2445,25.0,0.2445,452,1.000,1.000,8,1,-0.0974,-0.2480,0.2664,NO
capture_0048.pgm,97,1088,714,23,24,24,0.2347,24.0,0.2347,400,1.000,1.000,8,10,-0.1733,-0.3657,0.4046,NO
capture_0048.pgm,98,476,721,23,26,26,0.2543,26.0,0.2543,449,1.000,1.000,8,4,-0.1555,-0.3013,0.3391,NO
capture_0048.pgm,99,682,720,21,23,23,0.2249,23.0,0.2249,359,1.000,1.000,8,6,-0.1419,-0.3097,0.3407,NO
capture_0048.pgm,100,70,724,25,24,25,0.2445,25.0,0.2445,445,1.000,1.000,8,0,-0.1241,-0.2747,0.3015,NO
capture_0048.pgm,101,887,724,24,23,24,0.2347,24.0,0.2347,421,1.000,1.000,8,8,-0.1380,-0.2692,0.3025,NO
capture_0048.pgm,102,267,725,23,22,23,0.2249,23.0,0.2249,372,1.000,1.000,8,2,-0.1985,-0.2636,0.3299,NO
capture_0048.pgm,103,1184,756,26,23,26,0.2543,26.0,0.2543,431,1.000,1.000,9,11,-0.2352,-0.3878,0.4535,NO
capture_0048.pgm,104,984,759,25,23,25,0.2445,25.0,0.2445,429,1.000,1.000,9,9,-0.1902,-0.3598,0.4070,NO
capture_0048.pgm,105,582,761,21,22,22,0.2152,22.0,0.2152,338,1.000,1.000,9,5,-0.1196,-0.3430,0.3633,NO
capture_0048.pgm,106,786,763,22,24,24,0.2347,24.0,0.2347,397,1.000,1.000,9,7,-0.1256,-0.3221,0.3457,NO
capture_0048.pgm,107,174,767,23,24,24,0.2347,24.0,0.2347,414,1.000,1.000,9,1,-0.1078,-0.2871,0.3067,NO
capture_0048.pgm,108,373,766,25,22,25,0.2445,25.0,0.2445,412,1.000,1.000,9,3,-0.1626,-0.2955,0.3373,NO
capture_0048.pgm,109,481,806,22,23,23,0.2249,23.0,0.2249,371,1.000,1.000,9,4,-0.1072,-0.3209,0.3383,NO
capture_0048.pgm,110,1092,809,23,23,23,0.2249,23.0,0.2249,384,1.000,1.000,9,10,-0.1347,-0.2874,0.3174,NO
capture_0048.pgm,111,73,810,26,25,26,0.2543,26.0,0.2543,471,1.000,1.000,9,0,-0.0953,-0.2845,0.3001,NO
capture_0048.pgm,112,687,812,22,23,23,0.2249,23.0,0.2249,368,1.000,1.000,9,6,-0.0935,-0.2608,0.2771,NO
capture_0048.pgm,113,273,813,24,23,24,0.2347,24.0,0.2347,406,1.000,1.000,9,2,-0.1404,-0.2538,0.2900,NO
capture_0048.pgm,114,890,813,21,22,22,0.2152,22.0,0.2152,338,1.000,1.000,9,8,-0.1093,-0.2497,0.2725,NO
capture_0048.pgm,115,582,845,24,24,24,0.2347,24.0,0.2347,416,1.000,1.000,10,5,-0.1202,-0.3724,0.3913,NO
capture_0048.pgm,116,1187,845,24,24,24,0.2347,24.0,0.2347,435,1.000,1.000,10,11,-0.2065,-0.3682,0.4222,NO
capture_0048.pgm,117,781,847,26,22,26,0.2543,26.0,0.2543,434,1.000,1.000,10,7,-0.1750,-0.3514,0.3926,NO
capture_0048.pgm,118,373,848,23,22,23,0.2249,23.0,0.2249,382,1.000,1.000,10,3,-0.1632,-0.3444,0.3811,NO
capture_0048.pgm,119,985,851,23,24,24,0.2347,24.0,0.2347,411,1.000,1.000,10,9,-0.1810,-0.3109,0.3598,NO
capture_0048.pgm,120,172,855,23,23,23,0.2249,23.0,0.2249,391,1.000,1.000,10,1,-0.1279,-0.2773,0.3054,NO
capture_0048.pgm,121,683,887,24,22,24,0.2347,24.0,0.2347,390,1.000,1.000,10,6,-0.1333,-0.3782,0.4010,NO
capture_0048.pgm,122,887,889,23,23,23,0.2249,23.0,0.2249,383,1.000,1.000,10,8,-0.1392,-0.3572,0.3834,NO
capture_0048.pgm,123,69,892,22,26,26,0.2543,26.0,0.2543,434,1.000,1.000,10,0,-0.1350,-0.3334,0.3597,NO
capture_0048.pgm,124,274,890,23,23,23,0.2249,23.0,0.2249,398,1.000,1.000,10,2,-0.1312,-0.3516,0.3753,NO
capture_0048.pgm,125,1085,891,25,23,25,0.2445,25.0,0.2445,429,1.000,1.000,10,10,-0.2038,-0.3363,0.3932,NO
capture_0048.pgm,126,480,893,23,25,25,0.2445,25.0,0.2445,437,1.000,1.000,10,4,-0.1175,-0.3209,0.3417,NO
capture_0048.pgm,127,986,934,24,23,24,0.2347,24.0,0.2347,398,1.000,1.000,11,9,-0.1718,-0.3500,0.3899,NO
capture_0048.pgm,128,374,935,21,22,22,0.2152,22.0,0.2152,338,1.000,1.000,11,3,-0.1540,-0.3444,0.3773,NO
capture_0048.pgm,129,782,936,24,25,25,0.2445,25.0,0.2445,447,1.000,1.000,11,7,-0.1659,-0.3319,0.3710,NO
capture_0048.pgm,130,1192,937,24,23,24,0.2347,24.0,0.2347,404,1.000,1.000,11,11,-0.1581,-0.3193,0.3563,NO
capture_0048.pgm,131,582,938,22,23,23,0.2249,23.0,0.2249,375,1.000,1.000,11,5,-0.1208,-0.3137,0.3361,NO
capture_0048.pgm,132,174,941,24,26,26,0.2543,26.0,0.2543,453,1.000,1.000,11,1,-0.1090,-0.2871,0.3071,NO
capture_0048.pgm,133,57,971,23,24,24,0.2347,24.0,0.2347,421,1.000,1.000,11,0,-0.2530,-0.4116,0.4832,NO
capture_0048.pgm,134,875,971,22,24,24,0.2347,24.0,0.2347,397,1.000,1.000,11,8,-0.2571,-0.4061,0.4807,NO
capture_0048.pgm,135,471,977,26,24,26,0.2543,26.0,0.2543,454,1.000,1.000,11,4,-0.2062,-0.3502,0.4064,NO
capture_0048.pgm,136,1078,977,24,24,24,0.2347,24.0,0.2347,413,1.000,1.000,11,10,-0.2728,-0.3461,0.4407,NO
capture_0048.pgm,137,263,978,23,23,23,0.2249,23.0,0.2249,405,1.000,1.000,11,2,-0.2393,-0.3418,0.4173,NO
capture_0048.pgm,138,675,978,23,24,24,0.2347,24.0,0.2347,414,1.000,1.000,11,6,-0.2121,-0.3391,0.3999,NO
capture_0048.pgm,SUMMARY,,,,,,,,,,,,,,,,,
capture_0048.pgm,Count,138,,,,,,,,,,,,,,,
capture_0048.pgm,Missed,0,,,,,,,,,,,,,,,
capture_0048.pgm,Mean,,,,,,,,0.2308,,,,,,,,
capture_0048.pgm,Median,,,,,,,,0.2347,,,,,,,,
capture_0048.pgm,StdDev,,,,,,,,0.0127,,,,,,,,
capture_0048.pgm,Min,,,,,,,,0.2054,,,,,,,,
capture_0048.pgm,Max,,,,,,,,0.2641,,,,,,,,
capture_0049.pgm,1,405,18,24,25,25,0.2445,25.0,0.2445,433,1.000,1.000,0,3,0.1556,0.0468,0.1625,NO
capture_0049.pgm,2,199,26,25,23,25,0.2445,25.0,0.2445,421,1.000,1.000,0,1,0.1420,0.1237,0.1883,NO
capture_0049.pgm,3,612,27,23,24,24,0.2347,24.0,0.2347,428,1.000,1.000,0,5,0.1790,0.1362,0.2249,NO
capture_0049.pgm,4,814,27,23,24,24,0.2347,24.0,0.2347,407,1.000,1.000,0,7,0.1535,0.1376,0.2062,NO
capture_0049.pgm,5,1018,27,23,24,24,0.2347,24.0,0.2347,414,1.000,1.000,0,9,0.1476,0.1389,0.2027,NO
capture_0049.pgm,6,302,64,24,24,24,0.2347,24.0,0.2347,423,1.000,1.000,0,2,0.1485,0.0787,0.1681,NO
capture_0049.pgm,7,918,65,26,23,26,0.2543,26.0,0.2543,438,1.000,1.000,0,8,0.1698,0.0926,0.1935,NO
capture_0049.pgm,8,1118,67,24,23,24,0.2347,24.0,0.2347,407,1.000,1.000,0,10,0.1248,0.1136,0.1687,NO
capture_0049.pgm,9,712,69,25,23,25,0.2445,25.0,0.2445,437,1.000,1.000,0,6,0.1562,0.1304,0.2035,NO
capture_0049.pgm,10,514,71,23,25,25,0.2445,25.0,0.2445,437,1.000,1.000,0,4,0.2208,0.1486,0.2661,NO
capture_0049.pgm,11,109,73,24,24,24,0.2347,24.0,0.2347,431,1.000,1.000,0,0,0.2620,0.1654,0.3098,NO
capture_0049.pgm,12,400,108,24,23,24,0.2347,24.0,0.2347,407,1.000,1.000,1,3,0.1061,0.0761,0.1306,NO
capture_0049.pgm,13,199,112,25,24,25,0.2445,25.0,0.2445,434,1.000,1.000,1,1,0.1414,0.1139,0.1816,NO
capture_0049.pgm,14,818,112,22,23,23,0.2249,23.0,0.2249,382,1.000,1.000,1,7,0.1921,0.1180,0.2254,NO
capture_0049.pgm,15,610,113,24,23,24,0.2347,24.0,0.2347,414,1.000,1.000,1,5,0.1589,0.1264,0.2030,NO
capture_0049.pgm,16,1016,115,24,25,25,0.2445,25.0,0.2445,447,1.000,1.000,1,9,0.1275,0.1487,0.1959,NO
capture_0049.pgm,17,914,151,24,23,24,0.2347,24.0,0.2347,403,1.000,1.000,1,8,0.1301,0.0828,0.1543,NO
capture_0049.pgm,18,1119,153,21,22,22,0.2152,22.0,0.2152,338,1.000,1.000,1,10,0.1340,0.1038,0.1695,NO
capture_0049.pgm,19,711,156,25,23,25,0.2445,25.0,0.2445,419,1.000,1.000,1,6,0.1458,0.1304,0.1956,NO
capture_0049.pgm,20,506,158,23,23,23,0.2249,23.0,0.2249,388,1.000,1.000,1,4,0.1420,0.1486,0.2055,NO
capture_0049.pgm,21,105,159,22,23,23,0.2249,23.0,0.2249,368,1.000,1.000,1,0,0.2223,0.1556,0.2713,NO
capture_0049.pgm,22,303,158,25,23,25,0.2445,25.0,0.2445,418,1.000,1.000,1,2,0.1577,0.1472,0.2157,NO
capture_0049.pgm,23,611,194,21,22,22,0.2152,22.0,0.2152,338,1.000,1.000,2,5,0.1681,0.0677,0.1812,NO
capture_0049.pgm,24,814,194,21,21,21,0.2054,21.0,0.2054,317,1.000,1.000,2,7,0.1524,0.0691,0.1673,NO
capture_0049.pgm,25,1221,196,22,22,22,0.2152,22.0,0.2152,360,1.000,1.000,2,11,0.1307,0.0914,0.1595,NO
capture_0049.pgm,26,407,198,22,22,22,0.2152,22.0,0.2152,353,1.000,1.000,2,3,0.1740,0.1055,0.2035,NO
capture_0049.pgm,27,1017,200,24,24,24,0.2347,24.0,0.2347,420,1.000,1.000,2,9,0.1367,0.1292,0.1880,NO
capture_0049.pgm,28,200,204,24,24,24,0.2347,24.0,0.2347,428,1.000,1.000,2,1,0.1506,0.1628,0.2218,NO
capture_0049.pgm,29,506,238,22,23,23,0.2249,23.0,0.2249,375,1.000,1.000,2,4,0.1414,0.0801,0.1625,NO
capture_0049.pgm,30,917,238,21,22,22,0.2152,22.0,0.2152,338,1.000,1.000,2,8,0.1589,0.0828,0.1792,NO
capture_0049.pgm,31,709,242,24,25,25,0.2445,25.0,0.2445,447,1.000,1.000,2,6,0.1257,0.1206,0.1742,NO
capture_0049.pgm,32,100,244,24,25,25,0.2445,25.0,0.2445,449,1.000,1.000,2,0,0.1728,0.1360,0.2199,NO
capture_0049.pgm,33,308,247,25,24,25,0.2445,25.0,0.2445,431,1.000,1.000,2,2,0.2060,0.1667,0.2650,NO
capture_0049.pgm,34,1127,246,23,23,23,0.2249,23.0,0.2249,398,1.000,1.000,2,10,0.2117,0.1625,0.2668,NO
capture_0049.pgm,35,1019,283,22,22,22,0.2152,22.0,0.2152,353,1.000,1.000,3,9,0.1556,0.0900,0.1798,NO
capture_0049.pgm,36,1221,283,23,23,23,0.2249,23.0,0.2249,383,1.000,1.000,3,11,0.1302,0.0914,0.1591,NO
capture_0049.pgm,37,202,285,22,22,22,0.2152,22.0,0.2152,353,1.000,1.000,3,1,0.1696,0.1041,0.1990,NO
capture_0049.pgm,38,611,286,23,23,23,0.2249,23.0,0.2249,395,1.000,1.000,3,5,0.1675,0.1166,0.2041,NO
capture_0049.pgm,39,812,286,24,24,24,0.2347,24.0,0.2347,413,1.000,1.000,3,7,0.1322,0.1180,0.1772,NO
capture_0049.pgm,40,714,326,22,23,23,0.2249,23.0,0.2249,382,1.000,1.000,3,6,0.1740,0.0913,0.1965,NO
capture_0049.pgm,41,915,326,22,22,22,0.2152,22.0,0.2152,353,1.000,1.000,3,8,0.1388,0.0926,0.1668,NO
capture_0049.pgm,42,1121,327,23,22,23,0.2249,23.0,0.2249,375,1.000,1.000,3,10,0.1524,0.1038,0.1844,NO
capture_0049.pgm,43,306,328,22,21,22,0.2152,22.0,0.2152,338,1.000,1.000,3,2,0.1859,0.1081,0.2150,NO
capture_0049.pgm,44,508,328,21,21,21,0.2054,21.0,0.2054,317,1.000,1.000,3,4,0.1604,0.1094,0.1942,NO
capture_0049.pgm,45,107,335,25,25,25,0.2445,25.0,0.2445,459,1.000,1.000,3,0,0.2407,0.1751,0.2977,NO
capture_0049.pgm,46,202,372,23,23,23,0.2249,23.0,0.2249,391,1.000,1.000,4,1,0.1690,0.1041,0.1985,NO
capture_0049.pgm,47,614,371,23,22,23,0.2249,23.0,0.2249,368,1.000,1.000,4,5,0.1962,0.0971,0.2189,NO
capture_0049.pgm,48,1016,371,22,22,22,0.2152,22.0,0.2152,353,1.000,1.000,4,9,0.1257,0.0998,0.1605,NO
capture_0049.pgm,49,1222,371,22,22,22,0.2152,22.0,0.2152,353,1.000,1.000,4,11,0.1393,0.1012,0.1722,NO
capture_0049.pgm,50,413,373,25,25,25,0.2445,25.0,0.2445,462,1.000,1.000,4,3,0.2315,0.1153,0.2586,NO
capture_0049.pgm,51,820,375,23,25,25,0.2445,25.0,0.2445,424,1.000,1.000,4,7,0.2099,0.1376,0.2509,NO
capture_0049.pgm,52,714,412,23,23,23,0.2249,23.0,0.2249,384,1.000,1.000,4,6,0.1734,0.0815,0.1916,NO
capture_0049.pgm,53,505,414,22,26,26,0.2543,26.0,0.2543,434,1.000,1.000,4,4,0.1305,0.0997,0.1642,NO
capture_0049.pgm,54,1121,412,22,21,22,0.2152,22.0,0.2152,338,1.000,1.000,4,10,0.1518,0.0842,0.1736,NO
capture_0049.pgm,55,916,414,22,22,22,0.2152,22.0,0.2152,360,1.000,1.000,4,8,0.1479,0.1024,0.1799,NO
capture_0049.pgm,56,101,415,25,22,25,0.2445,25.0,0.2445,409,1.000,1.000,4,0,0.1814,0.1067,0.2105,NO
capture_0049.pgm,57,305,417,23,23,23,0.2249,23.0,0.2249,398,1.000,1.000,4,2,0.1755,0.1276,0.2170,NO
capture_0049.pgm,58,1022,454,21,23,23,0.2249,23.0,0.2249,359,1.000,1.000,5,9,0.1838,0.0607,0.1936,NO
capture_0049.pgm,59,817,457,23,24,24,0.2347,24.0,0.2347,414,1.000,1.000,5,7,0.1800,0.0887,0.2006,NO
capture_0049.pgm,60,412,461,24,24,24,0.2347,24.0,0.2347,435,1.000,1.000,5,3,0.2211,0.1250,0.2540,NO
capture_0049.pgm,61,619,460,23,23,23,0.2249,23.0,0.2249,398,1.000,1.000,5,5,0.2446,0.1166,0.2710,NO
capture_0049.pgm,62,1228,461,23,22,23,0.2249,23.0,0.2249,382,1.000,1.000,5,11,0.1974,0.1305,0.2367,NO
capture_0049.pgm,63,200,464,24,25,25,0.2445,25.0,0.2445,432,1.000,1.000,5,1,0.1488,0.1530,0.2135,NO
capture_0049.pgm,64,713,499,27,22,27,0.2641,27.0,0.2641,453,1.000,1.000,5,6,0.1631,0.0815,0.1823,NO
capture_0049.pgm,65,302,501,22,24,24,0.2347,24.0,0.2347,390,1.000,1.000,5,2,0.1456,0.0983,0.1757,NO
capture_0049.pgm,66,103,504,24,25,25,0.2445,25.0,0.2445,444,1.000,1.000,5,0,0.2004,0.1262,0.2369,NO
capture_0049.pgm,67,918,502,21,22,22,0.2152,22.0,0.2152,338,1.000,1.000,5,8,0.1669,0.1122,0.2011,NO
capture_0049.pgm,68,1122,504,24,24,24,0.2347,24.0,0.2347,428,1.000,1.000,5,10,0.1610,0.1331,0.2089,NO
capture_0049.pgm,69,509,509,24,25,25,0.2445,25.0,0.2445,455,1.000,1.000,5,4,0.1690,0.1779,0.2454,NO
capture_0049.pgm,70,823,538,27,22,27,0.2641,27.0,0.2641,460,1.000,1.000,6,7,0.2380,0.0300,0.2399,NO
capture_0049.pgm,71,613,540,22,22,22,0.2152,22.0,0.2152,353,1.000,1.000,6,5,0.1853,0.0482,0.1915,NO
capture_0049.pgm,72,1015,542,24,23,24,0.2347,24.0,0.2347,421,1.000,1.000,6,9,0.1148,0.0705,0.1347,NO
capture_0049.pgm,73,408,545,23,26,26,0.2543,26.0,0.2543,438,1.000,1.000,6,3,0.1814,0.0957,0.2051,NO
capture_0049.pgm,74,1223,543,22,23,23,0.2249,23.0,0.2249,375,1.000,1.000,6,11,0.1480,0.0816,0.1690,NO
capture_0049.pgm,75,200,549,24,23,24,0.2347,24.0,0.2347,407,1.000,1.000,6,1,0.1482,0.1335,0.1995,NO
capture_0049.pgm,76,1118,586,24,22,24,0.2347,24.0,0.2347,390,1.000,1.000,6,10,0.1213,0.0842,0.1477,NO
capture_0049.pgm,77,916,588,24,23,24,0.2347,24.0,0.2347,407,1.000,1.000,6,8,0.1468,0.1024,0.1790,NO
capture_0049.pgm,78,102,588,21,22,22,0.2152,22.0,0.2152,338,1.000,1.000,6,0,0.1900,0.0969,0.2133,NO
capture_0049.pgm,79,302,590,25,23,25,0.2445,25.0,0.2445,414,1.000,1.000,6,2,0.1450,0.1178,0.1868,NO
capture_0049.pgm,80,712,590,21,22,22,0.2152,22.0,0.2152,338,1.000,1.000,6,6,0.1527,0.1206,0.1946,NO
capture_0049.pgm,81,510,591,25,23,25,0.2445,25.0,0.2445,430,1.000,1.000,6,4,0.1782,0.1290,0.2200,NO
capture_0049.pgm,82,410,628,26,23,26,0.2543,26.0,0.2543,444,1.000,1.000,7,3,0.2004,0.0566,0.2083,NO
capture_0049.pgm,83,609,627,22,22,22,0.2152,22.0,0.2152,353,1.000,1.000,7,5,0.1456,0.0482,0.1534,NO
capture_0049.pgm,84,1225,629,22,25,25,0.2445,25.0,0.2445,409,1.000,1.000,7,11,0.1669,0.0719,0.1817,NO
capture_0049.pgm,85,812,631,22,23,23,0.2249,23.0,0.2249,382,1.000,1.000,7,7,0.1299,0.0887,0.1573,NO
capture_0049.pgm,86,1021,632,21,23,23,0.2249,23.0,0.2249,359,1.000,1.000,7,9,0.1729,0.0998,0.1996,NO
capture_0049.pgm,87,208,633,22,22,22,0.2152,22.0,0.2152,360,1.000,1.000,7,1,0.2259,0.1041,0.2487,NO
capture_0049.pgm,88,927,668,24,23,24,0.2347,24.0,0.2347,406,1.000,1.000,7,8,0.2538,0.0339,0.2560,NO
capture_0049.pgm,89,1116,673,23,22,23,0.2249,23.0,0.2249,365,1.000,1.000,7,10,0.1012,0.0842,0.1316,NO
capture_0049.pgm,90,509,675,22,23,23,0.2249,23.0,0.2249,365,1.000,1.000,7,4,0.1678,0.0997,0.1952,NO
capture_0049.pgm,91,100,677,24,23,24,0.2347,24.0,0.2347,414,1.000,1.000,7,0,0.1699,0.1165,0.2060,NO
capture_0049.pgm,92,708,677,24,23,24,0.2347,24.0,0.2347,398,1.000,1.000,7,6,0.1130,0.1206,0.1653,NO
capture_0049.pgm,93,303,679,24,24,24,0.2347,24.0,0.2347,417,1.000,1.000,7,2,0.1542,0.1374,0.2065,NO
capture_0049.pgm,94,819,714,22,23,23,0.2249,23.0,0.2249,368,1.000,1.000,8,7,0.1978,0.0496,0.2039,NO
capture_0049.pgm,95,410,716,25,24,25,0.2445,25.0,0.2445,445,1.000,1.000,8,3,0.1998,0.0664,0.2106,NO
capture_0049.pgm,96,1229,719,22,23,23,0.2249,23.0,0.2249,375,1.000,1.000,8,11,0.2055,0.1012,0.2290,NO
capture_0049.pgm,97,210,723,24,24,24,0.2347,24.0,0.2347,445,1.000,1.000,8,1,0.2449,0.1335,0.2789,NO
capture_0049.pgm,98,607,725,26,23,26,0.2543,26.0,0.2543,445,1.000,1.000,8,5,0.1254,0.1558,0.2000,NO
capture_0049.pgm,99,1025,728,23,24,24,0.2347,24.0,0.2347,418,1.000,1.000,8,9,0.2114,0.1879,0.2828,NO
capture_0049.pgm,100,505,761,22,26,26,0.2543,26.0,0.2543,434,1.000,1.000,8,4,0.1281,0.0899,0.1565,NO
capture_0049.pgm,101,925,761,22,22,22,0.2152,22.0,0.2152,360,1.000,1.000,8,8,0.2336,0.0926,0.2513,NO
capture_0049.pgm,102,1122,761,23,22,23,0.2249,23.0,0.2249,382,1.000,1.000,8,10,0.1592,0.0940,0.1849,NO
capture_0049.pgm,103,302,763,24,23,24,0.2347,24.0,0.2347,403,1.000,1.000,8,2,0.1438,0.1081,0.1799,NO
capture_0049.pgm,104,711,763,22,24,24,0.2347,24.0,0.2347,404,1.000,1.000,8,6,0.1418,0.1108,0.1799,NO
capture_0049.pgm,105,100,768,23,23,23,0.2249,23.0,0.2249,391,1.000,1.000,8,0,0.1693,0.1556,0.2299,NO
capture_0049.pgm,106,822,801,21,22,22,0.2152,22.0,0.2152,338,1.000,1.000,9,7,0.2265,0.0496,0.2319,NO
capture_0049.pgm,107,1228,806,24,24,24,0.2347,24.0,0.2347,422,1.000,1.000,9,11,0.1951,0.1012,0.2198,NO
capture_0049.pgm,108,412,807,25,24,25,0.2445,25.0,0.2445,432,1.000,1.000,9,3,0.2188,0.1055,0.2429,NO
capture_0049.pgm,109,205,812,25,24,25,0.2445,25.0,0.2445,462,1.000,1.000,9,1,0.1954,0.1530,0.2482,NO
capture_0049.pgm,110,616,815,24,26,26,0.2543,26.0,0.2543,468,1.000,1.000,9,5,0.2129,0.1851,0.2821,NO
capture_0049.pgm,111,1025,814,24,24,24,0.2347,24.0,0.2347,427,1.000,1.000,9,9,0.2108,0.1781,0.2760,NO
capture_0049.pgm,112,306,850,24,26,26,0.2543,26.0,0.2543,463,1.000,1.000,9,2,0.1824,0.1081,0.2120,NO
capture_0049.pgm,113,915,849,25,23,25,0.2445,25.0,0.2445,434,1.000,1.000,9,8,0.1352,0.1024,0.1696,NO
capture_0049.pgm,114,1118,850,24,24,24,0.2347,24.0,0.2347,427,1.000,1.000,9,10,0.1195,0.1136,0.1649,NO
capture_0049.pgm,115,504,851,23,22,23,0.2249,23.0,0.2249,375,1.000,1.000,9,4,0.1178,0.1192,0.1676,NO
capture_0049.pgm,116,713,852,23,24,24,0.2347,24.0,0.2347,398,1.000,1.000,9,6,0.1607,0.1304,0.2070,NO
capture_0049.pgm,117,104,854,24,23,24,0.2347,24.0,0.2347,407,1.000,1.000,9,0,0.2078,0.1458,0.2539,NO
capture_0049.pgm,118,1222,885,23,24,24,0.2347,24.0,0.2347,414,1.000,1.000,10,11,0.1358,0.0230,0.1378,NO
capture_0049.pgm,119,816,886,23,23,23,0.2249,23.0,0.2249,388,1.000,1.000,10,7,0.1673,0.0300,0.1699,NO
capture_0049.pgm,120,409,888,23,23,23,0.2249,23.0,0.2249,388,1.000,1.000,10,3,0.1889,0.0468,0.1946,NO
capture_0049.pgm,121,202,890,23,23,23,0.2249,23.0,0.2249,398,1.000,1.000,10,1,0.1655,0.0650,0.1778,NO
capture_0049.pgm,122,613,892,24,23,24,0.2347,24.0,0.2347,414,1.000,1.000,10,5,0.1830,0.0873,0.2027,NO
capture_0049.pgm,123,1022,893,22,23,23,0.2249,23.0,0.2249,368,1.000,1.000,10,9,0.1809,0.0998,0.2066,NO
capture_0049.pgm,124,1126,934,26,23,26,0.2543,26.0,0.2543,433,1.000,1.000,10,10,0.1972,0.0842,0.2144,NO
capture_0049.pgm,125,711,934,23,23,23,0.2249,23.0,0.2249,398,1.000,1.000,10,6,0.1406,0.0815,0.1625,NO
capture_0049.pgm,126,919,936,21,23,23,0.2249,23.0,0.2249,359,1.000,1.000,10,8,0.1738,0.1024,0.2017,NO
capture_0049.pgm,127,306,938,23,25,25,0.2445,25.0,0.2445,414,1.000,1.000,10,2,0.1818,0.1178,0.2166,NO
capture_0049.pgm,128,99,941,25,23,25,0.2445,25.0,0.2445,420,1.000,1.000,10,0,0.1584,0.1458,0.2153,NO
capture_0049.pgm,129,508,942,23,27,27,0.2641,27.0,0.2641,468,1.000,1.000,10,4,0.1563,0.1583,0.2225,NO
capture_0049.pgm,130,1212,970,23,24,24,0.2347,24.0,0.2347,395,1.000,1.000,11,11,0.0375,0.0034,0.0376,NO
capture_0049.pgm,131,1010,974,22,24,24,0.2347,24.0,0.2347,390,1.000,1.000,11,9,0.0629,0.0412,0.0752,NO
capture_0049.pgm,132,397,976,25,24,25,0.2445,25.0,0.2445,439,1.000,1.000,11,3,0.0709,0.0566,0.0907,NO
capture_0049.pgm,133,802,976,24,24,24,0.2347,24.0,0.2347,421,1.000,1.000,11,7,0.0297,0.0593,0.0664,NO
capture_0049.pgm,134,187,978,24,25,25,0.2445,25.0,0.2445,447,1.000,1.000,11,1,0.0182,0.0748,0.0770,NO
capture_0049.pgm,135,602,980,22,24,24,0.2347,24.0,0.2347,397,1.000,1.000,11,5,0.0748,0.0971,0.1226,NO
capture_0049.pgm,SUMMARY,,,,,,,,,,,,,,,,,
capture_0049.pgm,Count,135,,,,,,,,,,,,,,,
capture_0049.pgm,Missed,2,,,,,,,,,,,,,,,
capture_0049.pgm,Mean,,,,,,,,0.2330,,,,,,,,
capture_0049.pgm,Median,,,,,,,,0.2347,,,,,,,,
capture_0049.pgm,StdDev,,,,,,,,0.0125,,,,,,,,
capture_0049.pgm,Min,,,,,,,,0.2054,,,,,,,,
capture_0049.pgm,Max,,,,,,,,0.2641,,,,,,,,
capture_0050.pgm,1,200,39,23,23,23,0.2249,23.0,0.2249,390,1.000,1.000,0,1,0.1518,0.2508,0.2931,NO
capture_0050.pgm,2,401,39,24,24,24,0.2347,24.0,0.2347,421,1.000,1.000,0,3,0.1165,0.2522,0.2778,NO
capture_0050.pgm,3,1227,40,23,24,24,0.2347,24.0,0.2347,399,1.000,1.000,0,11,0.1906,0.2675,0.3284,NO
capture_0050.pgm,4,607,41,22,22,22,0.2152,22.0,0.2152,353,1.000,1.000,0,5,0.1301,0.2731,0.3025,NO
capture_0050.pgm,5,1015,41,24,22,24,0.2347,24.0,0.2347,387,1.000,1.000,0,9,0.1183,0.2759,0.3002,NO
capture_0050.pgm,6,811,43,24,24,24,0.2347,24.0,0.2347,418,1.000,1.000,0,7,0.1242,0.2941,0.3192,NO
capture_0050.pgm,7,304,81,26,23,26,0.2543,26.0,0.2543,442,1.000,1.000,0,2,0.1681,0.2450,0.2971,NO
capture_0050.pgm,8,1119,82,24,24,24,0.2347,24.0,0.2347,431,1.000,1.000,0,10,0.1346,0.2603,0.2930,NO
capture_0050.pgm,9,508,83,23,24,24,0.2347,24.0,0.2347,403,1.000,1.000,0,4,0.1621,0.2659,0.3114,NO
capture_0050.pgm,10,98,84,22,21,22,0.2152,22.0,0.2152,338,1.000,1.000,0,0,0.1544,0.2729,0.3136,NO
capture_0050.pgm,11,911,84,24,22,24,0.2347,24.0,0.2347,387,1.000,1.000,0,8,0.1014,0.2784,0.2963,NO
capture_0050.pgm,12,717,87,23,24,24,0.2347,24.0,0.2347,411,1.000,1.000,0,6,0.2051,0.3064,0.3687,NO
capture_0050.pgm,13,1220,121,22,22,22,0.2152,22.0,0.2152,346,1.000,1.000,1,11,0.1215,0.2088,0.2416,NO
capture_0050.pgm,14,607,123,24,22,24,0.2347,24.0,0.2347,397,1.000,1.000,1,5,0.1295,0.2242,0.2589,NO
capture_0050.pgm,15,1017,123,22,22,22,0.2152,22.0,0.2152,346,1.000,1.000,1,9,0.1372,0.2270,0.2652,NO
capture_0050.pgm,16,402,125,24,22,24,0.2347,24.0,0.2347,390,1.000,1.000,1,3,0.1257,0.2424,0.2730,NO
capture_0050.pgm,17,808,126,29,24,29,0.2836,29.0,0.2836,522,1.000,1.000,1,7,0.0943,0.2549,0.2718,NO
capture_0050.pgm,18,201,127,23,22,23,0.2249,23.0,0.2249,368,1.000,1.000,1,1,0.1609,0.2606,0.3063,NO
capture_0050.pgm,19,508,169,21,22,22,0.2152,22.0,0.2152,338,1.000,1.000,1,4,0.1616,0.2561,0.3028,NO
capture_0050.pgm,20,1117,169,22,21,22,0.2152,22.0,0.2152,338,1.000,1.000,1,10,0.1144,0.2603,0.2843,NO
capture_0050.pgm,21,98,171,24,22,24,0.2347,24.0,0.2347,397,1.000,1.000,1,0,0.1538,0.2729,0.3133,NO
capture_0050.pgm,22,917,172,22,22,22,0.2152,22.0,0.2152,360,1.000,1.000,1,8,0.1595,0.2882,0.3294,NO
capture_0050.pgm,23,712,173,22,21,22,0.2152,22.0,0.2152,338,1.000,1.000,1,6,0.1556,0.2966,0.3350,NO
capture_0050.pgm,24,303,175,21,21,21,0.2054,21.0,0.2054,317,1.000,1.000,1,2,0.1577,0.3134,0.3509,NO
capture_0050.pgm,25,819,211,31,28,31,0.3032,31.0,0.3032,616,1.000,1.000,2,7,0.2013,0.2354,0.3097,NO
capture_0050.pgm,26,200,210,23,23,23,0.2249,23.0,0.2249,390,1.000,1.000,2,1,0.1506,0.2215,0.2678,NO
capture_0050.pgm,27,1019,211,21,22,22,0.2152,22.0,0.2152,338,1.000,1.000,2,9,0.1562,0.2367,0.2836,NO
capture_0050.pgm,28,402,213,24,23,24,0.2347,24.0,0.2347,398,1.000,1.000,2,3,0.1251,0.2522,0.2815,NO
capture_0050.pgm,29,608,213,21,21,21,0.2054,21.0,0.2054,317,1.000,1.000,2,5,0.1387,0.2536,0.2890,NO
capture_0050.pgm,30,1222,217,22,24,24,0.2347,24.0,0.2347,390,1.000,1.000,2,11,0.1405,0.2968,0.3284,NO
capture_0050.pgm,31,508,256,21,22,22,0.2152,22.0,0.2152,338,1.000,1.000,2,4,0.1610,0.2561,0.3025,NO
capture_0050.pgm,32,101,257,25,23,25,0.2445,25.0,0.2445,427,1.000,1.000,2,0,0.1826,0.2632,0.3203,NO
capture_0050.pgm,33,711,260,23,23,23,0.2249,23.0,0.2249,383,1.000,1.000,2,6,0.1453,0.2966,0.3303,NO
capture_0050.pgm,34,916,263,22,25,25,0.2445,25.0,0.2445,409,1.000,1.000,2,8,0.1491,0.3273,0.3597,NO
capture_0050.pgm,35,1116,262,22,22,22,0.2152,22.0,0.2152,353,1.000,1.000,2,10,0.1041,0.3189,0.3355,NO
capture_0050.pgm,36,406,298,21,22,22,0.2152,22.0,0.2152,338,1.000,1.000,3,3,0.1636,0.2326,0.2844,NO
capture_0050.pgm,37,608,301,23,23,23,0.2249,23.0,0.2249,384,1.000,1.000,3,5,0.1381,0.2633,0.2974,NO
capture_0050.pgm,38,207,304,24,24,24,0.2347,24.0,0.2347,431,1.000,1.000,3,1,0.2185,0.2899,0.3630,NO
capture_0050.pgm,39,811,306,23,23,23,0.2249,23.0,0.2249,398,1.000,1.000,3,7,0.1224,0.3136,0.3367,NO
capture_0050.pgm,40,1120,341,23,23,23,0.2249,23.0,0.2249,391,1.000,1.000,3,10,0.1426,0.2407,0.2798,NO
capture_0050.pgm,41,713,344,22,22,22,0.2152,22.0,0.2152,360,1.000,1.000,3,6,0.1642,0.2673,0.3137,NO
capture_0050.pgm,42,509,345,25,23,25,0.2445,25.0,0.2445,426,1.000,1.000,3,4,0.1702,0.2757,0.3240,NO
capture_0050.pgm,43,918,347,21,21,21,0.2054,21.0,0.2054,317,1.000,1.000,3,8,0.1681,0.2980,0.3421,NO
capture_0050.pgm,44,302,348,23,22,23,0.2249,23.0,0.2249,368,1.000,1.000,3,2,0.1468,0.3037,0.3373,NO
capture_0050.pgm,45,97,351,25,24,25,0.2445,25.0,0.2445,437,1.000,1.000,3,0,0.1429,0.3316,0.3611,NO
capture_0050.pgm,46,410,383,23,23,23,0.2249,23.0,0.2249,375,1.000,1.000,4,3,0.2022,0.2131,0.2937,NO
capture_0050.pgm,47,813,386,22,24,24,0.2347,24.0,0.2347,387,1.000,1.000,4,7,0.1414,0.2452,0.2830,NO
capture_0050.pgm,48,1221,385,22,21,22,0.2152,22.0,0.2152,338,1.000,1.000,4,11,0.1296,0.2381,0.2711,NO
capture_0050.pgm,49,1017,387,24,24,24,0.2347,24.0,0.2347,419,1.000,1.000,4,9,0.1355,0.2563,0.2899,NO
capture_0050.pgm,50,615,390,26,23,26,0.2543,26.0,0.2543,437,1.000,1.000,4,5,0.2060,0.2829,0.3500,NO
capture_0050.pgm,51,206,394,25,24,25,0.2445,25.0,0.2445,441,1.000,1.000,4,1,0.2081,0.3193,0.3811,NO
capture_0050.pgm,52,709,431,24,22,24,0.2347,24.0,0.2347,394,1.000,1.000,4,6,0.1245,0.2673,0.2949,NO
capture_0050.pgm,53,100,433,24,24,24,0.2347,24.0,0.2347,421,1.000,1.000,4,0,0.1717,0.2827,0.3308,NO
capture_0050.pgm,54,1121,432,22,22,22,0.2152,22.0,0.2152,360,1.000,1.000,4,10,0.1518,0.2798,0.3183,NO
capture_0050.pgm,55,302,433,25,23,25,0.2445,25.0,0.2445,429,1.000,1.000,4,2,0.1462,0.2841,0.3195,NO
capture_0050.pgm,56,508,434,25,23,25,0.2445,25.0,0.2445,434,1.000,1.000,4,4,0.1598,0.2953,0.3357,NO
capture_0050.pgm,57,913,435,29,25,29,0.2836,29.0,0.2836,544,1.000,1.000,4,8,0.1186,0.3078,0.3298,NO
capture_0050.pgm,58,813,470,23,23,23,0.2249,23.0,0.2249,388,1.000,1.000,5,7,0.1408,0.2158,0.2577,NO
capture_0050.pgm,59,404,473,23,24,24,0.2347,24.0,0.2347,414,1.000,1.000,5,3,0.1429,0.2424,0.2814,NO
capture_0050.pgm,60,1224,472,22,21,22,0.2152,22.0,0.2152,338,1.000,1.000,5,11,0.1583,0.2381,0.2860,NO
capture_0050.pgm,61,205,475,22,25,25,0.2445,25.0,0.2445,405,1.000,1.000,5,1,0.1977,0.2606,0.3271,NO
capture_0050.pgm,62,616,476,22,24,24,0.2347,24.0,0.2347,390,1.000,1.000,5,5,0.2152,0.2731,0.3477,NO
capture_0050.pgm,63,1020,476,23,22,23,0.2249,23.0,0.2249,372,1.000,1.000,5,9,0.1642,0.2759,0.3211,NO
capture_0050.pgm,64,919,518,23,22,23,0.2249,23.0,0.2249,375,1.000,1.000,5,8,0.1767,0.2687,0.3216,NO
capture_0050.pgm,65,101,519,23,22,23,0.2249,23.0,0.2249,382,1.000,1.000,5,0,0.1808,0.2729,0.3274,NO
capture_0050.pgm,66,710,519,24,23,24,0.2347,24.0,0.2347,414,1.000,1.000,5,6,0.1337,0.2771,0.3077,NO
capture_0050.pgm,67,1121,519,23,22,23,0.2249,23.0,0.2249,375,1.000,1.000,5,10,0.1512,0.2798,0.3181,NO
capture_0050.pgm,68,514,520,23,23,23,0.2249,23.0,0.2249,395,1.000,1.000,5,4,0.2179,0.2855,0.3591,NO
capture_0050.pgm,69,305,525,22,24,24,0.2347,24.0,0.2347,390,1.000,1.000,5,2,0.1749,0.3330,0.3761,NO
capture_0050.pgm,70,406,558,23,22,23,0.2249,23.0,0.2249,375,1.000,1.000,6,3,0.1619,0.2228,0.2754,NO
capture_0050.pgm,71,615,558,21,22,22,0.2152,22.0,0.2152,338,1.000,1.000,6,5,0.2049,0.2242,0.3037,NO
capture_0050.pgm,72,813,558,22,22,22,0.2152,22.0,0.2152,353,1.000,1.000,6,7,0.1402,0.2256,0.2656,NO
capture_0050.pgm,73,1020,558,21,22,22,0.2152,22.0,0.2152,338,1.000,1.000,6,9,0.1637,0.2270,0.2798,NO
capture_0050.pgm,74,1220,559,25,23,25,0.2445,25.0,0.2445,421,1.000,1.000,6,11,0.1186,0.2381,0.2660,NO
capture_0050.pgm,75,202,559,24,22,24,0.2347,24.0,0.2347,390,1.000,1.000,6,1,0.1678,0.2312,0.2857,NO
capture_0050.pgm,76,304,604,23,23,23,0.2249,23.0,0.2249,391,1.000,1.000,6,2,0.1646,0.2548,0.3033,NO
capture_0050.pgm,77,711,605,22,22,22,0.2152,22.0,0.2152,353,1.000,1.000,6,6,0.1429,0.2673,0.3031,NO
capture_0050.pgm,78,917,606,24,23,24,0.2347,24.0,0.2347,414,1.000,1.000,6,8,0.1566,0.2784,0.3194,NO
capture_0050.pgm,79,508,609,23,24,24,0.2347,24.0,0.2347,407,1.000,1.000,6,4,0.1586,0.3050,0.3438,NO
capture_0050.pgm,80,1119,608,25,22,25,0.2445,25.0,0.2445,419,1.000,1.000,6,10,0.1311,0.2994,0.3268,NO
capture_0050.pgm,81,98,612,23,23,23,0.2249,23.0,0.2249,391,1.000,1.000,6,0,0.1509,0.3316,0.3644,NO
capture_0050.pgm,82,407,646,24,24,24,0.2347,24.0,0.2347,418,1.000,1.000,7,3,0.1711,0.2326,0.2888,NO
capture_0050.pgm,83,1222,645,22,22,22,0.2152,22.0,0.2152,360,1.000,1.000,7,11,0.1376,0.2283,0.2666,NO
capture_0050.pgm,84,202,647,25,23,25,0.2445,25.0,0.2445,427,1.000,1.000,7,1,0.1672,0.2410,0.2934,NO
capture_0050.pgm,85,613,649,23,24,24,0.2347,24.0,0.2347,407,1.000,1.000,7,5,0.1847,0.2633,0.3217,NO
capture_0050.pgm,86,1019,648,23,22,23,0.2249,23.0,0.2249,375,1.000,1.000,7,9,0.1533,0.2563,0.2987,NO
capture_0050.pgm,87,809,650,25,23,25,0.2445,25.0,0.2445,424,1.000,1.000,7,7,0.1005,0.2745,0.2923,NO
capture_0050.pgm,88,711,691,23,23,23,0.2249,23.0,0.2249,398,1.000,1.000,7,6,0.1423,0.2575,0.2942,NO
capture_0050.pgm,89,915,691,24,24,24,0.2347,24.0,0.2347,413,1.000,1.000,7,8,0.1364,0.2589,0.2926,NO
capture_0050.pgm,90,304,691,23,23,23,0.2249,23.0,0.2249,383,1.000,1.000,7,2,0.1640,0.2548,0.3030,NO
capture_0050.pgm,91,106,693,25,24,25,0.2445,25.0,0.2445,452,1.000,1.000,7,0,0.2286,0.2729,0.3560,NO
capture_0050.pgm,92,511,693,22,23,23,0.2249,23.0,0.2249,368,1.000,1.000,7,4,0.1874,0.2757,0.3333,NO
capture_0050.pgm,93,1124,697,24,24,24,0.2347,24.0,0.2347,424,1.000,1.000,7,10,0.1794,0.3189,0.3659,NO
capture_0050.pgm,94,407,729,23,23,23,0.2249,23.0,0.2249,391,1.000,1.000,8,3,0.1705,0.1935,0.2579,NO
capture_0050.pgm,95,1219,730,24,23,24,0.2347,24.0,0.2347,395,1.000,1.000,8,11,0.1077,0.2088,0.2349,NO
capture_0050.pgm,96,203,732,24,24,24,0.2347,24.0,0.2347,421,1.000,1.000,8,1,0.1764,0.2215,0.2831,NO
capture_0050.pgm,97,813,734,25,26,26,0.2543,26.0,0.2543,467,1.000,1.000,8,7,0.1391,0.2452,0.2819,NO
capture_0050.pgm,98,605,735,24,22,24,0.2347,24.0,0.2347,394,1.000,1.000,8,5,0.1059,0.2536,0.2748,NO
capture_0050.pgm,99,1023,738,22,22,22,0.2152,22.0,0.2152,346,1.000,1.000,8,9,0.1918,0.2857,0.3441,NO
capture_0050.pgm,100,303,776,23,22,23,0.2249,23.0,0.2249,375,1.000,1.000,8,2,0.1536,0.2352,0.2809,NO
capture_0050.pgm,101,104,781,24,23,24,0.2347,24.0,0.2347,404,1.000,1.000,8,0,0.2084,0.2827,0.3513,NO
capture_0050.pgm,102,515,781,24,24,24,0.2347,24.0,0.2347,430,1.000,1.000,8,4,0.2259,0.2855,0.3641,NO
capture_0050.pgm,103,917,781,23,25,25,0.2445,25.0,0.2445,434,1.000,1.000,8,8,0.1554,0.2882,0.3274,NO
capture_0050.pgm,104,1120,781,24,24,24,0.2347,24.0,0.2347,413,1.000,1.000,8,10,0.1397,0.2896,0.3215,NO
capture_0050.pgm,105,713,782,24,24,24,0.2347,24.0,0.2347,431,1.000,1.000,8,6,0.1613,0.2966,0.3377,NO
capture_0050.pgm,106,201,822,23,22,23,0.2249,23.0,0.2249,382,1.000,1.000,9,1,0.1563,0.2508,0.2955,NO
capture_0050.pgm,107,407,824,26,23,26,0.2543,26.0,0.2543,460,1.000,1.000,9,3,0.1699,0.2717,0.3205,NO
capture_0050.pgm,108,1021,823,23,23,23,0.2249,23.0,0.2249,398,1.000,1.000,9,9,0.1717,0.2661,0.3167,NO
capture_0050.pgm,109,613,825,22,22,22,0.2152,22.0,0.2152,360,1.000,1.000,9,5,0.1835,0.2829,0.3372,NO
capture_0050.pgm,110,814,827,22,23,23,0.2249,23.0,0.2249,368,1.000,1.000,9,7,0.1483,0.3038,0.3381,NO
capture_0050.pgm,111,1122,861,22,23,23,0.2249,23.0,0.2249,375,1.000,1.000,9,10,0.1587,0.2211,0.2722,NO
capture_0050.pgm,112,713,866,22,23,23,0.2249,23.0,0.2249,382,1.000,1.000,9,6,0.1607,0.2673,0.3119,NO
capture_0050.pgm,113,511,867,22,22,22,0.2152,22.0,0.2152,353,1.000,1.000,9,4,0.1862,0.2757,0.3327,NO
capture_0050.pgm,114,920,868,22,23,23,0.2249,23.0,0.2249,372,1.000,1.000,9,8,0.1841,0.2882,0.3420,NO
capture_0050.pgm,115,306,871,23,25,25,0.2445,25.0,0.2445,421,1.000,1.000,9,2,0.1824,0.3134,0.3626,NO
capture_0050.pgm,116,106,872,26,23,26,0.2543,26.0,0.2543,449,1.000,1.000,9,0,0.2274,0.3218,0.3941,NO
capture_0050.pgm,117,201,907,23,23,23,0.2249,23.0,0.2249,398,1.000,1.000,10,1,0.1557,0.2313,0.2788,NO
capture_0050.pgm,118,610,906,22,23,23,0.2249,23.0,0.2249,375,1.000,1.000,10,5,0.1536,0.2242,0.2718,NO
capture_0050.pgm,119,404,907,22,23,23,0.2249,23.0,0.2249,375,1.000,1.000,10,3,0.1400,0.2326,0.2715,NO
capture_0050.pgm,120,1021,910,22,22,22,0.2152,22.0,0.2152,353,1.000,1.000,10,9,0.1711,0.2661,0.3164,NO
capture_0050.pgm,121,1224,913,24,25,25,0.2445,25.0,0.2445,461,1.000,1.000,10,11,0.1554,0.2968,0.3350,NO
capture_0050.pgm,122,815,914,23,25,25,0.2445,25.0,0.2445,430,1.000,1.000,10,7,0.1575,0.3038,0.3422,NO
capture_0050.pgm,123,709,949,24,24,24,0.2347,24.0,0.2347,435,1.000,1.000,10,6,0.1210,0.2282,0.2583,NO
capture_0050.pgm,124,1122,953,24,24,24,0.2347,24.0,0.2347,432,1.000,1.000,10,10,0.1581,0.2700,0.3129,NO
capture_0050.pgm,125,105,953,23,22,23,0.2249,23.0,0.2249,375,1.000,1.000,10,0,0.2170,0.2632,0.3411,NO
capture_0050.pgm,126,305,953,23,22,23,0.2249,23.0,0.2249,375,1.000,1.000,10,2,0.1720,0.2645,0.3155,NO
capture_0050.pgm,127,918,955,23,23,23,0.2249,23.0,0.2249,388,1.000,1.000,10,8,0.1640,0.2882,0.3316,NO
capture_0050.pgm,128,507,957,23,23,23,0.2249,23.0,0.2249,380,1.000,1.000,10,4,0.1465,0.3050,0.3384,NO
capture_0050.pgm,129,205,990,25,24,25,0.2445,25.0,0.2445,440,1.000,1.000,11,1,0.1942,0.1921,0.2732,NO
capture_0050.pgm,130,815,991,22,23,23,0.2249,23.0,0.2249,382,1.000,1.000,11,7,0.1569,0.2060,0.2590,NO
capture_0050.pgm,131,403,998,27,23,27,0.2641,27.0,0.2641,457,1.000,1.000,11,3,0.1296,0.2717,0.3011,NO
capture_0050.pgm,132,1221,998,23,23,23,0.2249,23.0,0.2249,391,1.000,1.000,11,11,0.1255,0.2772,0.3043,NO
capture_0050.pgm,133,608,1001,26,25,26,0.2543,26.0,0.2543,468,1.000,1.000,11,5,0.1335,0.3025,0.3306,NO
capture_0050.pgm,134,1026,1000,23,24,24,0.2347,24.0,0.2347,407,1.000,1.000,11,9,0.2194,0.2954,0.3680,NO
capture_0050.pgm,SUMMARY,,,,,,,,,,,,,,,,,
capture_0050.pgm,Count,134,,,,,,,,,,,,,,,
capture_0050.pgm,Missed,4,,,,,,,,,,,,,,,
capture_0050.pgm,Mean,,,,,,,,0.2312,,,,,,,,
capture_0050.pgm,Median,,,,,,,,0.2298,,,,,,,,
capture_0050.pgm,StdDev,,,,,,,,0.0146,,,,,,,,
capture_0050.pgm,Min,,,,,,,,0.2054,,,,,,,,
capture_0050.pgm,Max,,,,,,,,0.3032,,,,,,,,
capture_0051.pgm,1,711,14,22,22,22,0.2152,22.0,0.2152,360,1.000,1.000,0,6,0.1464,-0.4075,0.4330,NO
capture_0051.pgm,2,916,14,24,23,24,0.2347,24.0,0.2347,404,1.000,1.000,0,8,0.1503,-0.4062,0.4331,NO
capture_0051.pgm,3,99,17,26,22,26,0.2543,26.0,0.2543,441,1.000,1.000,0,0,0.1642,-0.3823,0.4161,NO
capture_0051.pgm,4,1119,17,22,22,22,0.2152,22.0,0.2152,353,1.000,1.000,0,10,0.1346,-0.3754,0.3988,NO
capture_0051.pgm,5,512,20,22,26,26,0.2543,26.0,0.2543,428,1.000,1.000,0,4,0.2013,-0.3502,0.4039,NO
capture_0051.pgm,6,303,20,27,23,27,0.2641,27.0,0.2641,469,1.000,1.000,0,2,0.1583,-0.3516,0.3856,NO
capture_0051.pgm,7,609,53,21,22,22,0.2152,22.0,0.2152,338,1.000,1.000,0,5,0.1497,0.3905,0.4182,NO
capture_0051.pgm,8,408,56,24,23,24,0.2347,24.0,0.2347,395,1.000,1.000,0,3,0.1849,0.4184,0.4575,NO
capture_0051.pgm,9,1019,56,22,24,24,0.2347,24.0,0.2347,397,1.000,1.000,0,9,0.1574,0.4226,0.4509,NO
capture_0051.pgm,10,1221,57,27,24,27,0.2641,27.0,0.2641,468,1.000,1.000,1,11,0.1313,-0.4171,0.4373,NO
capture_0051.pgm,11,816,61,23,23,23,0.2249,23.0,0.2249,398,1.000,1.000,1,7,0.1725,-0.3808,0.4180,NO
capture_0051.pgm,12,198,62,25,24,25,0.2445,25.0,0.2445,442,1.000,1.000,1,1,0.1316,-0.3751,0.3975,NO
capture_0051.pgm,13,1121,98,22,23,23,0.2249,23.0,0.2249,375,1.000,1.000,0,10,0.1541,0.4167,0.4443,NO
capture_0051.pgm,14,717,98,25,22,25,0.2445,25.0,0.2445,409,1.000,1.000,0,6,0.2051,0.4140,0.4620,NO
capture_0051.pgm,15,509,102,23,23,23,0.2249,23.0,0.2249,391,1.000,1.000,1,4,0.1713,-0.3991,0.4343,NO
capture_0051.pgm,16,98,103,24,22,24,0.2347,24.0,0.2347,387,1.000,1.000,1,0,0.1538,-0.3921,0.4212,NO
capture_0051.pgm,17,308,105,23,25,25,0.2445,25.0,0.2445,430,1.000,1.000,1,2,0.2066,-0.3712,0.4248,NO
capture_0051.pgm,18,1016,142,23,23,23,0.2249,23.0,0.2249,383,1.000,1.000,1,9,0.1275,0.4128,0.4320,NO
capture_0051.pgm,19,605,142,23,23,23,0.2249,23.0,0.2249,398,1.000,1.000,1,5,0.1100,0.4100,0.4245,NO
capture_0051.pgm,20,406,144,23,22,23,0.2249,23.0,0.2249,372,1.000,1.000,2,3,0.1642,-0.4226,0.4534,NO
capture_0051.pgm,21,813,146,22,23,23,0.2249,23.0,0.2249,375,1.000,1.000,2,7,0.1426,-0.4003,0.4250,NO
capture_0051.pgm,22,200,147,25,22,25,0.2445,25.0,0.2445,426,1.000,1.000,2,1,0.1506,-0.3947,0.4224,NO
capture_0051.pgm,23,1228,149,23,23,23,0.2249,23.0,0.2249,384,1.000,1.000,2,11,0.1992,-0.3682,0.4187,NO
capture_0051.pgm,24,1121,188,22,23,23,0.2249,23.0,0.2249,368,1.000,1.000,2,10,0.1530,-0.4048,0.4327,NO
capture_0051.pgm,25,100,189,23,21,23,0.2249,23.0,0.2249,359,1.000,1.000,2,0,0.1728,-0.4019,0.4375,NO
capture_0051.pgm,26,925,190,24,24,24,0.2347,24.0,0.2347,420,1.000,1.000,2,8,0.2371,-0.3866,0.4535,NO
capture_0051.pgm,27,298,191,25,22,25,0.2445,25.0,0.2445,406,1.000,1.000,2,2,0.1082,-0.3809,0.3960,NO
capture_0051.pgm,28,712,192,23,24,24,0.2347,24.0,0.2347,406,1.000,1.000,2,6,0.1550,-0.3684,0.3997,NO
capture_0051.pgm,29,813,227,23,23,23,0.2249,23.0,0.2249,390,1.000,1.000,2,7,0.1426,0.3919,0.4170,NO
capture_0051.pgm,30,199,230,24,21,24,0.2347,24.0,0.2347,380,1.000,1.000,2,1,0.1408,0.4171,0.4402,NO
capture_0051.pgm,31,607,230,21,22,22,0.2152,22.0,0.2152,338,1.000,1.000,2,5,0.1290,0.4198,0.4392,NO
capture_0051.pgm,32,413,232,24,23,24,0.2347,24.0,0.2347,414,1.000,1.000,3,3,0.2321,-0.4129,0.4736,NO
capture_0051.pgm,33,1019,233,25,24,25,0.2445,25.0,0.2445,433,1.000,1.000,3,9,0.1556,-0.3989,0.4282,NO
capture_0051.pgm,34,1223,234,22,22,22,0.2152,22.0,0.2152,353,1.000,1.000,3,11,0.1497,-0.3878,0.4157,NO
capture_0051.pgm,35,301,276,24,23,24,0.2347,24.0,0.2347,395,1.000,1.000,3,2,0.1370,-0.4005,0.4233,NO
capture_0051.pgm,36,715,275,21,22,22,0.2152,22.0,0.2152,338,1.000,1.000,3,6,0.1838,-0.4075,0.4471,NO
capture_0051.pgm,37,916,275,23,22,23,0.2249,23.0,0.2249,368,1.000,1.000,3,8,0.1485,-0.4062,0.4325,NO
capture_0051.pgm,38,508,278,24,23,24,0.2347,24.0,0.2347,428,1.000,1.000,3,4,0.1604,-0.3796,0.4121,NO
capture_0051.pgm,39,1114,277,21,21,21,0.2054,21.0,0.2054,317,1.000,1.000,3,10,0.0839,-0.3852,0.3943,NO
capture_0051.pgm,40,101,283,24,25,25,0.2445,25.0,0.2445,447,1.000,1.000,3,0,0.1820,-0.3334,0.3799,NO
capture_0051.pgm,41,1221,314,24,22,24,0.2347,24.0,0.2347,404,1.000,1.000,3,11,0.1302,0.3946,0.4155,NO
capture_0051.pgm,42,404,316,23,22,23,0.2249,23.0,0.2249,375,1.000,1.000,3,3,0.1441,0.4087,0.4333,NO
capture_0051.pgm,43,604,316,24,22,24,0.2347,24.0,0.2347,387,1.000,1.000,3,5,0.0990,0.4100,0.4218,NO
capture_0051.pgm,44,818,317,23,24,24,0.2347,24.0,0.2347,403,1.000,1.000,3,7,0.1909,0.4212,0.4624,NO
capture_0051.pgm,45,1013,316,26,22,26,0.2543,26.0,0.2543,431,1.000,1.000,3,9,0.0970,0.4128,0.4240,NO
capture_0051.pgm,46,196,319,25,22,25,0.2445,25.0,0.2445,409,1.000,1.000,4,1,0.1103,-0.4142,0.4287,NO
capture_0051.pgm,47,711,360,21,22,22,0.2152,22.0,0.2152,338,1.000,1.000,3,6,0.1447,0.4238,0.4478,NO
capture_0051.pgm,48,100,361,21,21,21,0.2054,21.0,0.2054,317,1.000,1.000,4,0,0.1717,-0.4214,0.4550,NO
capture_0051.pgm,49,506,361,22,22,22,0.2152,22.0,0.2152,353,1.000,1.000,4,4,0.1402,-0.4187,0.4415,NO
capture_0051.pgm,50,916,362,23,23,23,0.2249,23.0,0.2249,391,1.000,1.000,4,8,0.1479,-0.4062,0.4323,NO
capture_0051.pgm,51,302,362,25,23,25,0.2445,25.0,0.2445,427,1.000,1.000,4,2,0.1462,-0.4103,0.4355,NO
capture_0051.pgm,52,1115,363,22,22,22,0.2152,22.0,0.2152,353,1.000,1.000,4,10,0.0931,-0.3950,0.4058,NO
capture_0051.pgm,53,403,401,24,22,24,0.2347,24.0,0.2347,382,1.000,1.000,4,3,0.1337,0.3891,0.4114,NO
capture_0051.pgm,54,1228,402,21,21,21,0.2054,21.0,0.2054,317,1.000,1.000,4,11,0.1980,0.4044,0.4503,NO
capture_0051.pgm,55,1011,403,24,23,24,0.2347,24.0,0.2347,406,1.000,1.000,4,9,0.0768,0.4128,0.4199,NO
capture_0051.pgm,56,605,406,23,23,23,0.2249,23.0,0.2249,391,1.000,1.000,5,5,0.1076,-0.4115,0.4253,NO
capture_0051.pgm,57,815,407,24,24,24,0.2347,24.0,0.2347,427,1.000,1.000,5,7,0.1604,-0.4003,0.4313,NO
capture_0051.pgm,58,205,407,24,23,24,0.2347,24.0,0.2347,404,1.000,1.000,5,1,0.1977,-0.4044,0.4502,NO
capture_0051.pgm,59,306,444,27,23,27,0.2641,27.0,0.2641,464,1.000,1.000,4,2,0.1853,0.3917,0.4333,NO
capture_0051.pgm,60,508,447,22,21,22,0.2152,22.0,0.2152,338,1.000,1.000,4,4,0.1598,0.4224,0.4516,NO
capture_0051.pgm,61,914,448,22,22,22,0.2152,22.0,0.2152,360,1.000,1.000,5,8,0.1278,-0.4159,0.4351,NO
capture_0051.pgm,62,97,451,25,23,25,0.2445,25.0,0.2445,431,1.000,1.000,5,0,0.1417,-0.3921,0.4169,NO
capture_0051.pgm,63,714,451,23,25,25,0.2445,25.0,0.2445,427,1.000,1.000,5,6,0.1729,-0.3880,0.4247,NO
capture_0051.pgm,64,1118,451,23,22,23,0.2249,23.0,0.2249,365,1.000,1.000,5,10,0.1219,-0.3852,0.4040,NO
capture_0051.pgm,65,609,486,22,22,22,0.2152,22.0,0.2152,360,1.000,1.000,5,5,0.1468,0.3709,0.3989,NO
capture_0051.pgm,66,1229,489,21,22,22,0.2152,22.0,0.2152,338,1.000,1.000,5,11,0.2072,0.4044,0.4544,NO
capture_0051.pgm,67,811,491,23,23,23,0.2249,23.0,0.2249,391,1.000,1.000,5,7,0.1213,0.4212,0.4383,NO
capture_0051.pgm,68,403,491,24,22,24,0.2347,24.0,0.2347,397,1.000,1.000,5,3,0.1331,0.4184,0.4391,NO
capture_0051.pgm,69,1014,494,23,23,23,0.2249,23.0,0.2249,384,1.000,1.000,6,9,0.1050,-0.3989,0.4125,NO
capture_0051.pgm,70,206,496,22,23,23,0.2249,23.0,0.2249,375,1.000,1.000,6,1,0.2069,-0.3849,0.4370,NO
capture_0051.pgm,71,306,534,22,23,23,0.2249,23.0,0.2249,375,1.000,1.000,5,2,0.1847,0.4210,0.4598,NO
capture_0051.pgm,72,509,534,22,22,22,0.2152,22.0,0.2152,346,1.000,1.000,5,4,0.1690,0.4224,0.4549,NO
capture_0051.pgm,73,713,537,21,21,21,0.2054,21.0,0.2054,317,1.000,1.000,6,6,0.1625,-0.3977,0.4297,NO
capture_0051.pgm,74,101,539,27,25,27,0.2641,27.0,0.2641,479,1.000,1.000,6,0,0.1803,-0.3823,0.4227,NO
capture_0051.pgm,75,1117,539,26,22,26,0.2543,26.0,0.2543,431,1.000,1.000,6,10,0.1115,-0.3754,0.3916,NO
capture_0051.pgm,76,608,575,23,23,23,0.2249,23.0,0.2249,385,1.000,1.000,6,5,0.1364,0.3905,0.4136,NO
capture_0051.pgm,77,1016,576,22,23,23,0.2249,23.0,0.2249,375,1.000,1.000,6,9,0.1245,0.4030,0.4218,NO
capture_0051.pgm,78,1227,579,23,24,24,0.2347,24.0,0.2347,404,1.000,1.000,7,11,0.1865,-0.4171,0.4569,NO
capture_0051.pgm,79,211,580,26,24,26,0.2543,26.0,0.2543,456,1.000,1.000,7,1,0.2552,-0.4142,0.4866,NO
capture_0051.pgm,80,814,581,23,23,23,0.2249,23.0,0.2249,381,1.000,1.000,7,7,0.1494,-0.4003,0.4273,NO
capture_0051.pgm,81,409,583,24,24,24,0.2347,24.0,0.2347,431,1.000,1.000,7,3,0.1906,-0.3835,0.4283,NO
capture_0051.pgm,82,1119,619,23,21,23,0.2249,23.0,0.2249,359,1.000,1.000,6,10,0.1311,0.4070,0.4275,NO
capture_0051.pgm,83,304,620,25,22,25,0.2445,25.0,0.2445,409,1.000,1.000,6,2,0.1646,0.4112,0.4429,NO
capture_0051.pgm,84,712,620,23,22,23,0.2249,23.0,0.2249,368,1.000,1.000,6,6,0.1527,0.4140,0.4413,NO
capture_0051.pgm,85,508,621,22,22,22,0.2152,22.0,0.2152,346,1.000,1.000,6,4,0.1586,0.4224,0.4512,NO
capture_0051.pgm,86,918,623,21,21,21,0.2054,21.0,0.2054,317,1.000,1.000,7,8,0.1658,-0.4062,0.4387,NO
capture_0051.pgm,87,102,627,24,24,24,0.2347,24.0,0.2347,445,1.000,1.000,7,0,0.1895,-0.3725,0.4179,NO
capture_0051.pgm,88,1225,660,22,25,25,0.2445,25.0,0.2445,409,1.000,1.000,7,11,0.1669,0.3750,0.4105,NO
capture_0051.pgm,89,608,665,22,22,22,0.2152,22.0,0.2152,360,1.000,1.000,7,5,0.1358,0.4198,0.4412,NO
capture_0051.pgm,90,1019,666,21,23,23,0.2249,23.0,0.2249,359,1.000,1.000,8,9,0.1527,-0.4185,0.4455,NO
capture_0051.pgm,91,815,666,23,22,23,0.2249,23.0,0.2249,368,1.000,1.000,8,7,0.1586,-0.4199,0.4489,NO
capture_0051.pgm,92,407,668,22,22,22,0.2152,22.0,0.2152,360,1.000,1.000,8,3,0.1705,-0.4031,0.4376,NO
capture_0051.pgm,93,205,669,23,22,23,0.2249,23.0,0.2249,375,1.000,1.000,8,1,0.1960,-0.3947,0.4406,NO
capture_0051.pgm,94,1121,705,22,23,23,0.2249,23.0,0.2249,368,1.000,1.000,7,10,0.1501,0.3972,0.4246,NO
capture_0051.pgm,95,302,707,26,22,26,0.2543,26.0,0.2543,431,1.000,1.000,7,2,0.1444,0.4112,0.4359,NO
capture_0051.pgm,96,507,707,23,22,23,0.2249,23.0,0.2249,375,1.000,1.000,7,4,0.1483,0.4126,0.4384,NO
capture_0051.pgm,97,721,709,26,24,26,0.2543,26.0,0.2543,450,1.000,1.000,8,6,0.2396,-0.4173,0.4812,NO
capture_0051.pgm,98,101,711,25,23,25,0.2445,25.0,0.2445,429,1.000,1.000,8,0,0.1791,-0.4019,0.4400,NO
capture_0051.pgm,99,916,712,22,23,23,0.2249,23.0,0.2249,368,1.000,1.000,8,8,0.1456,-0.3866,0.4131,NO
capture_0051.pgm,100,812,749,23,22,23,0.2249,23.0,0.2249,375,1.000,1.000,8,7,0.1293,0.3919,0.4126,NO
capture_0051.pgm,101,199,751,23,23,23,0.2249,23.0,0.2249,398,1.000,1.000,8,1,0.1373,0.4073,0.4298,NO
capture_0051.pgm,102,1017,751,24,24,24,0.2347,24.0,0.2347,410,1.000,1.000,8,9,0.1332,0.4128,0.4337,NO
capture_0051.pgm,103,1227,751,22,23,23,0.2249,23.0,0.2249,372,1.000,1.000,8,11,0.1859,0.4142,0.4540,NO
capture_0051.pgm,104,611,755,23,25,25,0.2445,25.0,0.2445,431,1.000,1.000,9,5,0.1640,-0.4017,0.4339,NO
capture_0051.pgm,105,408,755,26,24,26,0.2543,26.0,0.2543,475,1.000,1.000,9,3,0.1797,-0.4031,0.4413,NO
capture_0051.pgm,106,1121,792,22,22,22,0.2152,22.0,0.2152,353,1.000,1.000,8,10,0.1495,0.3972,0.4244,NO
capture_0051.pgm,107,306,795,22,22,22,0.2152,22.0,0.2152,353,1.000,1.000,8,2,0.1829,0.4210,0.4591,NO
capture_0051.pgm,108,506,797,25,23,25,0.2445,25.0,0.2445,441,1.000,1.000,9,4,0.1373,-0.4089,0.4313,NO
capture_0051.pgm,109,714,796,23,22,23,0.2249,23.0,0.2249,382,1.000,1.000,9,6,0.1705,-0.4173,0.4508,NO
capture_0051.pgm,110,919,798,22,23,23,0.2249,23.0,0.2249,375,1.000,1.000,9,8,0.1744,-0.3964,0.4330,NO
capture_0051.pgm,111,99,805,23,23,23,0.2249,23.0,0.2249,375,1.000,1.000,9,0,0.1589,-0.3334,0.3694,NO
capture_0051.pgm,112,1224,833,22,22,22,0.2152,22.0,0.2152,346,1.000,1.000,9,11,0.1560,0.3653,0.3972,NO
capture_0051.pgm,113,814,836,21,22,22,0.2152,22.0,0.2152,338,1.000,1.000,9,7,0.1483,0.3919,0.4190,NO
capture_0051.pgm,114,1017,837,25,23,25,0.2445,25.0,0.2445,423,1.000,1.000,9,9,0.1326,0.4030,0.4243,NO
capture_0051.pgm,115,202,838,24,23,24,0.2347,24.0,0.2347,411,1.000,1.000,9,1,0.1661,0.4073,0.4398,NO
capture_0051.pgm,116,405,841,24,24,24,0.2347,24.0,0.2347,423,1.000,1.000,10,3,0.1498,-0.4129,0.4392,NO
capture_0051.pgm,117,612,843,24,25,25,0.2445,25.0,0.2445,444,1.000,1.000,10,5,0.1732,-0.3919,0.4285,NO
capture_0051.pgm,118,1121,878,22,23,23,0.2249,23.0,0.2249,375,1.000,1.000,9,10,0.1489,0.3874,0.4150,NO
capture_0051.pgm,119,511,881,26,22,26,0.2543,26.0,0.2543,427,1.000,1.000,9,4,0.1862,0.4126,0.4527,NO
capture_0051.pgm,120,712,886,24,23,24,0.2347,24.0,0.2347,421,1.000,1.000,10,6,0.1504,-0.3880,0.4161,NO
capture_0051.pgm,121,104,888,24,24,24,0.2347,24.0,0.2347,423,1.000,1.000,10,0,0.2073,-0.3725,0.4263,NO
capture_0051.pgm,122,312,887,22,23,23,0.2249,23.0,0.2249,375,1.000,1.000,10,2,0.2405,-0.3809,0.4505,NO
capture_0051.pgm,123,405,920,23,24,24,0.2347,24.0,0.2347,407,1.000,1.000,10,3,0.1498,0.3598,0.3897,NO
capture_0051.pgm,124,815,921,21,22,22,0.2152,22.0,0.2152,338,1.000,1.000,10,7,0.1575,0.3723,0.4042,NO
capture_0051.pgm,125,1225,923,24,25,25,0.2445,25.0,0.2445,441,1.000,1.000,10,11,0.1652,0.3946,0.4278,NO
capture_0051.pgm,126,611,926,25,23,25,0.2445,25.0,0.2445,429,1.000,1.000,10,5,0.1634,0.4198,0.4505,NO
capture_0051.pgm,127,204,927,23,23,23,0.2249,23.0,0.2249,391,1.000,1.000,11,1,0.1844,-0.4240,0.4624,NO
capture_0051.pgm,128,1018,928,24,24,24,0.2347,24.0,0.2347,418,1.000,1.000,11,9,0.1412,-0.4087,0.4324,NO
capture_0051.pgm,129,711,966,22,23,23,0.2249,23.0,0.2249,382,1.000,1.000,10,6,0.1406,0.3944,0.4187,NO
capture_0051.pgm,130,1121,969,23,23,23,0.2249,23.0,0.2249,383,1.000,1.000,11,10,0.1477,-0.4243,0.4493,NO
capture_0051.pgm,131,100,970,24,23,24,0.2347,24.0,0.2347,403,1.000,1.000,11,0,0.1676,-0.4214,0.4535,NO
capture_0051.pgm,132,919,969,22,21,22,0.2152,22.0,0.2152,338,1.000,1.000,10,8,0.1738,0.4251,0.4593,NO
capture_0051.pgm,133,307,973,23,25,25,0.2445,25.0,0.2445,429,1.000,1.000,11,2,0.1910,-0.3907,0.4349,NO
capture_0051.pgm,134,508,975,23,24,24,0.2347,24.0,0.2347,398,1.000,1.000,11,4,0.1557,-0.3698,0.4012,NO
capture_0051.pgm,135,611,1009,24,23,24,0.2347,24.0,0.2347,411,1.000,1.000,11,5,0.1628,0.3807,0.4141,NO
capture_0051.pgm,136,1019,1009,22,23,23,0.2249,23.0,0.2249,375,1.000,1.000,11,9,0.1510,0.3835,0.4121,NO
capture_0051.pgm,137,204,1011,22,23,23,0.2249,23.0,0.2249,368,1.000,1.000,11,1,0.1844,0.3975,0.4382,NO
capture_0051.pgm,SUMMARY,,,,,,,,,,,,,,,,,
capture_0051.pgm,Count,137,,,,,,,,,,,,,,,
capture_0051.pgm,Missed,27,,,,,,,,,,,,,,,
capture_0051.pgm,Mean,,,,,,,,0.2309,,,,,,,,
capture_0051.pgm,Median,,,,,,,,0.2249,,,,,,,,
capture_0051.pgm,StdDev,,,,,,,,0.0133,,,,,,,,
capture_0051.pgm,Min,,,,,,,,0.2054,,,,,,,,
capture_0051.pgm,Max,,,,,,,,0.2641,,,,,,,,
capture_0052.pgm,1,98,30,26,24,26,0.2543,26.0,0.2543,450,1.000,1.000,0,0,0.1544,-0.2552,0.2983,NO
capture_0052.pgm,2,504,31,23,23,23,0.2249,23.0,0.2249,391,1.000,1.000,0,4,0.1230,-0.2426,0.2720,NO
capture_0052.pgm,3,299,34,26,26,26,0.2543,26.0,0.2543,482,1.000,1.000,0,2,0.1192,-0.2147,0.2455,NO
capture_0052.pgm,4,916,33,22,23,23,0.2249,23.0,0.2249,368,1.000,1.000,0,8,0.1503,-0.2203,0.2667,NO
capture_0052.pgm,5,1123,33,21,21,21,0.2054,21.0,0.2054,317,1.000,1.000,0,10,0.1737,-0.2190,0.2795,NO
capture_0052.pgm,6,713,36,23,23,23,0.2249,23.0,0.2249,398,1.000,1.000,0,6,0.1660,-0.1924,0.2541,NO
capture_0052.pgm,7,1220,69,22,22,22,0.2152,22.0,0.2152,360,1.000,1.000,1,11,0.1215,-0.2998,0.3235,NO
capture_0052.pgm,8,607,72,23,23,23,0.2249,23.0,0.2249,391,1.000,1.000,1,5,0.1295,-0.2746,0.3036,NO
capture_0052.pgm,9,1015,72,23,24,24,0.2347,24.0,0.2347,406,1.000,1.000,1,9,0.1177,-0.2718,0.2962,NO
capture_0052.pgm,10,813,73,23,22,23,0.2249,23.0,0.2249,382,1.000,1.000,1,7,0.1432,-0.2634,0.2998,NO
capture_0052.pgm,11,203,75,21,21,21,0.2054,21.0,0.2054,317,1.000,1.000,1,1,0.1805,-0.2480,0.3067,NO
capture_0052.pgm,12,402,76,24,24,24,0.2347,24.0,0.2347,431,1.000,1.000,1,3,0.1257,-0.2368,0.2681,NO
capture_0052.pgm,13,714,116,21,22,22,0.2152,22.0,0.2152,338,1.000,1.000,1,6,0.1752,-0.2608,0.3142,NO
capture_0052.pgm,14,301,118,26,23,26,0.2543,26.0,0.2543,450,1.000,1.000,1,2,0.1381,-0.2440,0.2804,NO
capture_0052.pgm,15,100,119,21,21,21,0.2054,21.0,0.2054,317,1.000,1.000,1,0,0.1734,-0.2356,0.2925,NO
capture_0052.pgm,16,1121,120,21,21,21,0.2054,21.0,0.2054,317,1.000,1.000,1,10,0.1536,-0.2190,0.2674,NO
capture_0052.pgm,17,914,122,21,21,21,0.2054,21.0,0.2054,317,1.000,1.000,1,8,0.1301,-0.2008,0.2393,NO
capture_0052.pgm,18,506,123,22,22,22,0.2152,22.0,0.2152,346,1.000,1.000,1,4,0.1420,-0.1937,0.2402,NO
capture_0052.pgm,19,812,158,23,23,23,0.2249,23.0,0.2249,390,1.000,1.000,2,7,0.1328,-0.2830,0.3126,NO
capture_0052.pgm,20,608,160,23,23,23,0.2249,23.0,0.2249,377,1.000,1.000,2,5,0.1387,-0.2648,0.2989,NO
capture_0052.pgm,21,1225,162,24,24,24,0.2347,24.0,0.2347,416,1.000,1.000,2,11,0.1699,-0.2411,0.2949,NO
capture_0052.pgm,22,1015,163,25,24,25,0.2445,25.0,0.2445,434,1.000,1.000,2,9,0.1171,-0.2327,0.2605,NO
capture_0052.pgm,23,206,169,25,25,25,0.2445,25.0,0.2445,454,1.000,1.000,2,1,0.2093,-0.1795,0.2757,NO
capture_0052.pgm,24,713,203,22,22,22,0.2152,22.0,0.2152,353,1.000,1.000,2,6,0.1648,-0.2608,0.3085,NO
capture_0052.pgm,25,914,204,24,24,24,0.2347,24.0,0.2347,415,1.000,1.000,2,8,0.1296,-0.2497,0.2813,NO
capture_0052.pgm,26,305,207,21,21,21,0.2054,21.0,0.2054,317,1.000,1.000,2,2,0.1767,-0.2245,0.2856,NO
capture_0052.pgm,27,1122,208,23,24,24,0.2347,24.0,0.2347,397,1.000,1.000,2,10,0.1628,-0.2092,0.2650,NO
capture_0052.pgm,28,100,211,23,23,23,0.2249,23.0,0.2249,391,1.000,1.000,2,0,0.1728,-0.1867,0.2544,NO
capture_0052.pgm,29,503,212,23,23,23,0.2249,23.0,0.2249,385,1.000,1.000,2,4,0.1121,-0.1742,0.2071,NO
capture_0052.pgm,30,812,243,22,24,24,0.2347,24.0,0.2347,390,1.000,1.000,3,7,0.1322,-0.3025,0.3302,NO
capture_0052.pgm,31,204,246,22,23,23,0.2249,23.0,0.2249,368,1.000,1.000,3,1,0.1891,-0.2773,0.3357,NO
capture_0052.pgm,32,1016,247,24,23,24,0.2347,24.0,0.2347,411,1.000,1.000,3,9,0.1263,-0.2620,0.2909,NO
capture_0052.pgm,33,1225,247,22,22,22,0.2152,22.0,0.2152,353,1.000,1.000,3,11,0.1693,-0.2607,0.3108,NO
capture_0052.pgm,34,404,248,23,22,23,0.2249,23.0,0.2249,382,1.000,1.000,3,3,0.1441,-0.2564,0.2941,NO
capture_0052.pgm,35,603,249,24,23,24,0.2347,24.0,0.2347,414,1.000,1.000,3,5,0.0892,-0.2452,0.2610,NO
capture_0052.pgm,36,709,289,25,25,25,0.2445,25.0,0.2445,455,1.000,1.000,3,6,0.1251,-0.2706,0.2981,NO
capture_0052.pgm,37,913,290,23,22,23,0.2249,23.0,0.2249,375,1.000,1.000,3,8,0.1192,-0.2595,0.2855,NO
capture_0052.pgm,38,299,292,24,22,24,0.2347,24.0,0.2347,397,1.000,1.000,3,2,0.1174,-0.2440,0.2708,NO
capture_0052.pgm,39,100,294,24,23,24,0.2347,24.0,0.2347,414,1.000,1.000,3,0,0.1722,-0.2258,0.2840,NO
capture_0052.pgm,40,510,295,24,23,24,0.2347,24.0,0.2347,403,1.000,1.000,3,4,0.1799,-0.2133,0.2791,NO
capture_0052.pgm,41,203,336,26,24,26,0.2543,26.0,0.2543,448,1.000,1.000,4,1,0.1788,-0.2480,0.3057,NO
capture_0052.pgm,42,1017,336,24,23,24,0.2347,24.0,0.2347,395,1.000,1.000,4,9,0.1355,-0.2425,0.2778,NO
capture_0052.pgm,43,1212,335,25,22,25,0.2445,25.0,0.2445,406,1.000,1.000,4,11,0.0415,-0.2509,0.2543,NO
capture_0052.pgm,44,603,336,26,22,26,0.2543,26.0,0.2543,426,1.000,1.000,4,5,0.0887,-0.2452,0.2608,NO
capture_0052.pgm,45,409,339,23,25,25,0.2445,25.0,0.2445,444,1.000,1.000,4,3,0.1924,-0.2173,0.2902,NO
capture_0052.pgm,46,813,339,24,24,24,0.2347,24.0,0.2347,428,1.000,1.000,4,7,0.1414,-0.2145,0.2569,NO
capture_0052.pgm,47,914,375,22,21,22,0.2152,22.0,0.2152,338,1.000,1.000,4,8,0.1284,-0.2790,0.3071,NO
capture_0052.pgm,48,508,376,24,23,24,0.2347,24.0,0.2347,414,1.000,1.000,4,4,0.1598,-0.2720,0.3155,NO
capture_0052.pgm,49,305,377,22,22,22,0.2152,22.0,0.2152,353,1.000,1.000,4,2,0.1755,-0.2636,0.3167,NO
capture_0052.pgm,50,101,379,24,23,24,0.2347,24.0,0.2347,394,1.000,1.000,4,0,0.1814,-0.2454,0.3052,NO
capture_0052.pgm,51,1118,379,21,21,21,0.2054,21.0,0.2054,317,1.000,1.000,4,10,0.1225,-0.2385,0.2681,NO
capture_0052.pgm,52,202,419,23,24,24,0.2347,24.0,0.2347,398,1.000,1.000,5,1,0.1684,-0.2871,0.3328,NO
capture_0052.pgm,53,609,419,25,23,25,0.2445,25.0,0.2445,434,1.000,1.000,5,5,0.1468,-0.2843,0.3200,NO
capture_0052.pgm,54,813,420,24,24,24,0.2347,24.0,0.2347,423,1.000,1.000,5,7,0.1408,-0.2732,0.3073,NO
capture_0052.pgm,55,1220,422,23,22,23,0.2249,23.0,0.2249,375,1.000,1.000,5,11,0.1192,-0.2509,0.2778,NO
capture_0052.pgm,56,403,424,26,24,26,0.2543,26.0,0.2543,463,1.000,1.000,5,3,0.1331,-0.2368,0.2717,NO
capture_0052.pgm,57,1018,424,24,23,24,0.2347,24.0,0.2347,414,1.000,1.000,5,9,0.1447,-0.2327,0.2740,NO
capture_0052.pgm,58,307,465,22,23,23,0.2249,23.0,0.2249,368,1.000,1.000,5,2,0.1945,-0.2538,0.3197,NO
capture_0052.pgm,59,103,466,23,23,23,0.2249,23.0,0.2249,405,1.000,1.000,5,0,0.2004,-0.2454,0.3168,NO
capture_0052.pgm,60,1120,465,23,22,23,0.2249,23.0,0.2249,368,1.000,1.000,5,10,0.1414,-0.2483,0.2858,NO
capture_0052.pgm,61,507,470,25,23,25,0.2445,25.0,0.2445,426,1.000,1.000,5,4,0.1494,-0.2035,0.2525,NO
capture_0052.pgm,62,718,471,24,25,25,0.2445,25.0,0.2445,455,1.000,1.000,5,6,0.2120,-0.1924,0.2862,NO
capture_0052.pgm,63,913,472,21,21,21,0.2054,21.0,0.2054,317,1.000,1.000,5,8,0.1180,-0.1812,0.2163,NO
capture_0052.pgm,64,610,505,24,23,24,0.2347,24.0,0.2347,414,1.000,1.000,6,5,0.1560,-0.2941,0.3329,NO
capture_0052.pgm,65,1220,508,24,23,24,0.2347,24.0,0.2347,404,1.000,1.000,6,11,0.1186,-0.2607,0.2864,NO
capture_0052.pgm,66,1021,510,25,23,25,0.2445,25.0,0.2445,425,1.000,1.000,6,9,0.1734,-0.2425,0.2981,NO
capture_0052.pgm,67,811,510,22,22,22,0.2152,22.0,0.2152,353,1.000,1.000,6,7,0.1207,-0.2438,0.2721,NO
capture_0052.pgm,68,201,512,24,23,24,0.2347,24.0,0.2347,406,1.000,1.000,6,1,0.1580,-0.2284,0.2777,NO
capture_0052.pgm,69,403,513,23,22,23,0.2249,23.0,0.2249,372,1.000,1.000,6,3,0.1325,-0.2173,0.2545,NO
capture_0052.pgm,70,306,551,21,22,22,0.2152,22.0,0.2152,338,1.000,1.000,6,2,0.1841,-0.2636,0.3215,NO
capture_0052.pgm,71,102,552,23,22,23,0.2249,23.0,0.2249,368,1.000,1.000,6,0,0.1900,-0.2552,0.3182,NO
capture_0052.pgm,72,717,552,25,22,25,0.2445,25.0,0.2445,419,1.000,1.000,6,6,0.2016,-0.2510,0.3220,NO
capture_0052.pgm,73,507,553,23,22,23,0.2249,23.0,0.2249,375,1.000,1.000,6,4,0.1489,-0.2426,0.2847,NO
capture_0052.pgm,74,922,558,22,24,24,0.2347,24.0,0.2347,387,1.000,1.000,6,8,0.2055,-0.1910,0.2805,NO
capture_0052.pgm,75,609,594,22,22,22,0.2152,22.0,0.2152,353,1.000,1.000,7,5,0.1456,-0.2746,0.3108,NO
capture_0052.pgm,76,1017,594,23,22,23,0.2249,23.0,0.2249,365,1.000,1.000,7,9,0.1337,-0.2718,0.3029,NO
capture_0052.pgm,77,1220,594,22,22,22,0.2152,22.0,0.2152,360,1.000,1.000,7,11,0.1180,-0.2704,0.2951,NO
capture_0052.pgm,78,408,597,24,24,24,0.2347,24.0,0.2347,421,1.000,1.000,7,3,0.1809,-0.2466,0.3058,NO
capture_0052.pgm,79,809,599,25,24,25,0.2445,25.0,0.2445,441,1.000,1.000,7,7,0.1005,-0.2243,0.2458,NO
capture_0052.pgm,80,204,600,24,24,24,0.2347,24.0,0.2347,431,1.000,1.000,7,1,0.1868,-0.2186,0.2876,NO
capture_0052.pgm,81,99,637,24,23,24,0.2347,24.0,0.2347,411,1.000,1.000,7,0,0.1601,-0.2747,0.3180,NO
capture_0052.pgm,82,507,637,22,23,23,0.2249,23.0,0.2249,375,1.000,1.000,7,4,0.1483,-0.2720,0.3098,NO
capture_0052.pgm,83,310,639,23,25,25,0.2445,25.0,0.2445,437,1.000,1.000,7,2,0.2227,-0.2538,0.3376,NO
capture_0052.pgm,84,1118,639,24,21,24,0.2347,24.0,0.2347,380,1.000,1.000,7,10,0.1207,-0.2483,0.2761,NO
capture_0052.pgm,85,919,642,21,22,22,0.2152,22.0,0.2152,338,1.000,1.000,7,8,0.1755,-0.2203,0.2817,NO
capture_0052.pgm,86,716,644,23,23,23,0.2249,23.0,0.2249,398,1.000,1.000,7,6,0.1912,-0.2021,0.2783,NO
capture_0052.pgm,87,1019,679,21,21,21,0.2054,21.0,0.2054,317,1.000,1.000,8,9,0.1527,-0.2914,0.3290,NO
capture_0052.pgm,88,198,683,26,24,26,0.2543,26.0,0.2543,463,1.000,1.000,8,1,0.1275,-0.2577,0.2876,NO
capture_0052.pgm,89,1221,683,23,23,23,0.2249,23.0,0.2249,384,1.000,1.000,8,11,0.1272,-0.2509,0.2813,NO
capture_0052.pgm,90,400,685,25,23,25,0.2445,25.0,0.2445,433,1.000,1.000,8,3,0.1020,-0.2368,0.2579,NO
capture_0052.pgm,91,610,686,23,23,23,0.2249,23.0,0.2249,384,1.000,1.000,8,5,0.1548,-0.2257,0.2736,NO
capture_0052.pgm,92,809,685,26,23,26,0.2543,26.0,0.2543,452,1.000,1.000,8,7,0.1000,-0.2341,0.2545,NO
capture_0052.pgm,93,300,725,27,24,27,0.2641,27.0,0.2641,478,1.000,1.000,8,2,0.1243,-0.2636,0.2914,NO
capture_0052.pgm,94,508,727,23,24,24,0.2347,24.0,0.2347,407,1.000,1.000,8,4,0.1575,-0.2426,0.2893,NO
capture_0052.pgm,95,1117,728,24,23,24,0.2347,24.0,0.2347,414,1.000,1.000,8,10,0.1103,-0.2287,0.2540,NO
capture_0052.pgm,96,104,730,23,25,25,0.2445,25.0,0.2445,430,1.000,1.000,8,0,0.2084,-0.2161,0.3002,NO
capture_0052.pgm,97,915,730,25,23,25,0.2445,25.0,0.2445,430,1.000,1.000,8,8,0.1358,-0.2106,0.2506,NO
capture_0052.pgm,98,712,730,23,23,23,0.2249,23.0,0.2249,395,1.000,1.000,8,6,0.1515,-0.2119,0.2605,NO
capture_0052.pgm,99,810,768,24,22,24,0.2347,24.0,0.2347,397,1.000,1.000,9,7,0.1092,-0.2732,0.2942,NO
capture_0052.pgm,100,405,769,24,23,24,0.2347,24.0,0.2347,407,1.000,1.000,9,3,0.1503,-0.2662,0.3057,NO
capture_0052.pgm,101,1223,769,23,23,23,0.2249,23.0,0.2249,398,1.000,1.000,9,11,0.1462,-0.2607,0.2989,NO
capture_0052.pgm,102,202,771,23,24,24,0.2347,24.0,0.2347,428,1.000,1.000,9,1,0.1661,-0.2480,0.2984,NO
capture_0052.pgm,103,1016,774,26,23,26,0.2543,26.0,0.2543,449,1.000,1.000,9,9,0.1228,-0.2131,0.2460,NO
capture_0052.pgm,104,605,775,24,24,24,0.2347,24.0,0.2347,431,1.000,1.000,9,5,0.1053,-0.2061,0.2314,NO
capture_0052.pgm,105,303,811,24,23,24,0.2347,24.0,0.2347,406,1.000,1.000,9,2,0.1530,-0.2734,0.3133,NO
capture_0052.pgm,106,508,810,21,22,22,0.2152,22.0,0.2152,338,1.000,1.000,9,4,0.1569,-0.2818,0.3225,NO
capture_0052.pgm,107,713,810,23,22,23,0.2249,23.0,0.2249,375,1.000,1.000,9,6,0.1607,-0.2804,0.3232,NO
capture_0052.pgm,108,99,813,24,23,24,0.2347,24.0,0.2347,414,1.000,1.000,9,0,0.1589,-0.2552,0.3006,NO
capture_0052.pgm,109,914,814,22,23,23,0.2249,23.0,0.2249,368,1.000,1.000,9,8,0.1255,-0.2399,0.2707,NO
capture_0052.pgm,110,1120,815,23,24,24,0.2347,24.0,0.2347,400,1.000,1.000,9,10,0.1391,-0.2287,0.2677,NO
capture_0052.pgm,111,1017,852,22,23,23,0.2249,23.0,0.2249,365,1.000,1.000,10,9,0.1320,-0.3011,0.3288,NO
capture_0052.pgm,112,611,853,22,23,23,0.2249,23.0,0.2249,375,1.000,1.000,10,5,0.1634,-0.2941,0.3365,NO
capture_0052.pgm,113,406,856,25,23,25,0.2445,25.0,0.2445,421,1.000,1.000,10,3,0.1595,-0.2662,0.3103,NO
capture_0052.pgm,114,813,856,24,23,24,0.2347,24.0,0.2347,414,1.000,1.000,10,7,0.1379,-0.2634,0.2973,NO
capture_0052.pgm,115,201,858,25,24,25,0.2445,25.0,0.2445,445,1.000,1.000,10,1,0.1557,-0.2480,0.2928,NO
capture_0052.pgm,116,506,899,22,24,24,0.2347,24.0,0.2347,390,1.000,1.000,10,4,0.1367,-0.2622,0.2957,NO
capture_0052.pgm,117,711,900,23,23,23,0.2249,23.0,0.2249,377,1.000,1.000,10,6,0.1406,-0.2510,0.2877,NO
capture_0052.pgm,118,919,900,23,23,23,0.2249,23.0,0.2249,384,1.000,1.000,10,8,0.1738,-0.2497,0.3042,NO
capture_0052.pgm,119,102,902,28,24,28,0.2738,28.0,0.2738,509,1.000,1.000,10,0,0.1877,-0.2356,0.3012,NO
capture_0052.pgm,120,304,902,25,25,25,0.2445,25.0,0.2445,474,1.000,1.000,10,2,0.1622,-0.2342,0.2849,NO
capture_0052.pgm,121,1123,903,23,23,23,0.2249,23.0,0.2249,405,1.000,1.000,10,10,0.1679,-0.2190,0.2759,NO
capture_0052.pgm,122,609,940,25,25,25,0.2445,25.0,0.2445,443,1.000,1.000,11,5,0.1433,-0.2941,0.3271,NO
capture_0052.pgm,123,1016,941,25,23,25,0.2445,25.0,0.2445,422,1.000,1.000,11,9,0.1216,-0.2816,0.3067,NO
capture_0052.pgm,124,407,943,23,23,23,0.2249,23.0,0.2249,384,1.000,1.000,11,3,0.1687,-0.2662,0.3151,NO
capture_0052.pgm,125,1225,943,22,22,22,0.2152,22.0,0.2152,353,1.000,1.000,11,11,0.1646,-0.2607,0.3083,NO
capture_0052.pgm,126,205,947,22,27,27,0.2641,27.0,0.2641,463,1.000,1.000,11,1,0.1942,-0.2284,0.2998,NO
capture_0052.pgm,127,814,947,23,24,24,0.2347,24.0,0.2347,406,1.000,1.000,11,7,0.1471,-0.2243,0.2682,NO
capture_0052.pgm,128,1120,984,22,24,24,0.2347,24.0,0.2347,397,1.000,1.000,11,10,0.1379,-0.2776,0.3100,NO
capture_0052.pgm,129,713,984,22,23,23,0.2249,23.0,0.2249,375,1.000,1.000,11,6,0.1596,-0.2804,0.3226,NO
capture_0052.pgm,130,304,985,23,23,23,0.2249,23.0,0.2249,395,1.000,1.000,11,2,0.1616,-0.2734,0.3176,NO
capture_0052.pgm,131,508,988,23,26,26,0.2543,26.0,0.2543,439,1.000,1.000,11,4,0.1557,-0.2426,0.2883,NO
capture_0052.pgm,132,103,988,24,24,24,0.2347,24.0,0.2347,428,1.000,1.000,11,0,0.1969,-0.2454,0.3146,NO
capture_0052.pgm,133,916,989,23,23,23,0.2249,23.0,0.2249,384,1.000,1.000,11,8,0.1439,-0.2301,0.2714,NO
capture_0052.pgm,SUMMARY,,,,,,,,,,,,,,,,,
capture_0052.pgm,Count,133,,,,,,,,,,,,,,,
capture_0052.pgm,Missed,5,,,,,,,,,,,,,,,
capture_0052.pgm,Mean,,,,,,,,0.2316,,,,,,,,
capture_0052.pgm,Median,,,,,,,,0.2347,,,,,,,,
capture_0052.pgm,StdDev,,,,,,,,0.0135,,,,,,,,
capture_0052.pgm,Min,,,,,,,,0.2054,,,,,,,,
capture_0052.pgm,Max,,,,,,,,0.2738,,,,,,,,
capture_0053.pgm,1,917,45,23,25,25,0.2445,25.0,0.2445,422,1.000,1.000,0,8,0.1601,-0.1030,0.1903,NO
capture_0053.pgm,2,1116,44,24,22,24,0.2347,24.0,0.2347,392,1.000,1.000,0,10,0.1052,-0.1114,0.1532,NO
capture_0053.pgm,3,301,49,25,24,25,0.2445,25.0,0.2445,444,1.000,1.000,0,2,0.1387,-0.0680,0.1545,NO
capture_0053.pgm,4,510,49,23,24,24,0.2347,24.0,0.2347,407,1.000,1.000,0,4,0.1817,-0.0666,0.1935,NO
capture_0053.pgm,5,712,49,23,23,23,0.2249,23.0,0.2249,391,1.000,1.000,0,6,0.1562,-0.0652,0.1693,NO
capture_0053.pgm,6,104,53,23,24,24,0.2347,24.0,0.2347,404,1.000,1.000,0,0,0.2131,-0.0302,0.2152,NO
capture_0053.pgm,7,201,90,24,23,24,0.2347,24.0,0.2347,395,1.000,1.000,1,1,0.1609,-0.1013,0.1902,NO
capture_0053.pgm,8,1018,91,21,23,23,0.2249,23.0,0.2249,359,1.000,1.000,1,9,0.1470,-0.0860,0.1703,NO
capture_0053.pgm,9,1222,90,23,22,23,0.2249,23.0,0.2249,368,1.000,1.000,1,11,0.1411,-0.0944,0.1698,NO
capture_0053.pgm,10,610,93,25,26,26,0.2543,26.0,0.2543,473,1.000,1.000,1,5,0.1589,-0.0692,0.1733,NO
capture_0053.pgm,11,406,95,24,24,24,0.2347,24.0,0.2347,431,1.000,1.000,1,3,0.1648,-0.0510,0.1725,NO
capture_0053.pgm,12,813,95,24,22,24,0.2347,24.0,0.2347,384,1.000,1.000,1,7,0.1432,-0.0482,0.1511,NO
capture_0053.pgm,13,1116,136,23,25,25,0.2445,25.0,0.2445,422,1.000,1.000,1,10,0.1047,-0.0625,0.1219,NO
capture_0053.pgm,14,304,136,22,22,22,0.2152,22.0,0.2152,353,1.000,1.000,1,2,0.1675,-0.0680,0.1808,NO
capture_0053.pgm,15,507,140,22,23,23,0.2249,23.0,0.2249,375,1.000,1.000,1,4,0.1518,-0.0275,0.1542,NO
capture_0053.pgm,16,713,141,23,25,25,0.2445,25.0,0.2445,421,1.000,1.000,1,6,0.1654,-0.0163,0.1662,NO
capture_0053.pgm,17,920,140,24,23,24,0.2347,24.0,0.2347,403,1.000,1.000,1,8,0.1888,-0.0247,0.1904,NO
capture_0053.pgm,18,101,143,22,25,25,0.2445,25.0,0.2445,419,1.000,1.000,1,0,0.1832,-0.0009,0.1832,NO
capture_0053.pgm,19,610,177,23,23,23,0.2249,23.0,0.2249,380,1.000,1.000,2,5,0.1583,-0.0985,0.1864,NO
capture_0053.pgm,20,406,178,23,23,23,0.2249,23.0,0.2249,383,1.000,1.000,2,3,0.1642,-0.0901,0.1873,NO
capture_0053.pgm,21,203,181,23,26,26,0.2543,26.0,0.2543,444,1.000,1.000,2,1,0.1799,-0.0622,0.1904,NO
capture_0053.pgm,22,1016,181,22,21,22,0.2152,22.0,0.2152,338,1.000,1.000,2,9,0.1269,-0.0567,0.1390,NO
capture_0053.pgm,23,1222,183,25,25,25,0.2445,25.0,0.2445,460,1.000,1.000,2,11,0.1405,-0.0357,0.1450,NO
capture_0053.pgm,24,1118,221,22,21,22,0.2152,22.0,0.2152,338,1.000,1.000,2,10,0.1236,-0.0820,0.1484,NO
capture_0053.pgm,25,911,222,21,21,21,0.2054,21.0,0.2054,317,1.000,1.000,2,8,0.1002,-0.0736,0.1244,NO
capture_0053.pgm,26,508,223,21,21,21,0.2054,21.0,0.2054,317,1.000,1.000,2,4,0.1610,-0.0666,0.1742,NO
capture_0053.pgm,27,711,224,22,23,23,0.2249,23.0,0.2249,375,1.000,1.000,2,6,0.1453,-0.0554,0.1555,NO
capture_0053.pgm,28,306,225,24,23,24,0.2347,24.0,0.2347,399,1.000,1.000,2,2,0.1865,-0.0484,0.1926,NO
capture_0053.pgm,29,104,227,22,23,23,0.2249,23.0,0.2249,375,1.000,1.000,2,0,0.2119,-0.0302,0.2141,NO
capture_0053.pgm,30,817,261,24,25,25,0.2445,25.0,0.2445,430,1.000,1.000,3,7,0.1811,-0.1265,0.2209,NO
capture_0053.pgm,31,199,264,24,23,24,0.2347,24.0,0.2347,406,1.000,1.000,3,1,0.1402,-0.1013,0.1730,NO
capture_0053.pgm,32,610,264,22,23,23,0.2249,23.0,0.2249,368,1.000,1.000,3,5,0.1577,-0.0985,0.1860,NO
capture_0053.pgm,33,405,265,22,22,22,0.2152,22.0,0.2152,353,1.000,1.000,3,3,0.1539,-0.0901,0.1783,NO
capture_0053.pgm,34,1017,265,22,23,23,0.2249,23.0,0.2249,375,1.000,1.000,3,9,0.1361,-0.0860,0.1610,NO
capture_0053.pgm,35,1224,265,22,22,22,0.2152,22.0,0.2152,353,1.000,1.000,3,11,0.1595,-0.0846,0.1805,NO
capture_0053.pgm,36,101,305,24,27,27,0.2641,27.0,0.2641,474,1.000,1.000,3,0,0.1820,-0.1183,0.2171,NO
capture_0053.pgm,37,305,310,21,22,22,0.2152,22.0,0.2152,338,1.000,1.000,3,2,0.1761,-0.0680,0.1888,NO
capture_0053.pgm,38,508,310,23,22,23,0.2249,23.0,0.2249,368,1.000,1.000,3,4,0.1604,-0.0666,0.1737,NO
capture_0053.pgm,39,1122,310,21,21,21,0.2054,21.0,0.2054,317,1.000,1.000,3,10,0.1622,-0.0625,0.1738,NO
capture_0053.pgm,40,717,314,23,24,24,0.2347,24.0,0.2347,421,1.000,1.000,3,6,0.2034,-0.0261,0.2050,NO
capture_0053.pgm,41,814,348,24,23,24,0.2347,24.0,0.2347,403,1.000,1.000,4,7,0.1512,-0.1265,0.1971,NO
capture_0053.pgm,42,201,350,23,23,23,0.2249,23.0,0.2249,390,1.000,1.000,4,1,0.1592,-0.1110,0.1941,NO
capture_0053.pgm,43,1014,350,23,23,23,0.2249,23.0,0.2249,395,1.000,1.000,4,9,0.1062,-0.1055,0.1497,NO
capture_0053.pgm,44,405,353,25,23,25,0.2445,25.0,0.2445,422,1.000,1.000,4,3,0.1533,-0.0803,0.1730,NO
capture_0053.pgm,45,611,353,23,22,23,0.2249,23.0,0.2249,375,1.000,1.000,4,5,0.1669,-0.0790,0.1846,NO
capture_0053.pgm,46,1225,353,23,22,23,0.2249,23.0,0.2249,368,1.000,1.000,4,11,0.1687,-0.0748,0.1845,NO
capture_0053.pgm,47,507,393,23,24,24,0.2347,24.0,0.2347,414,1.000,1.000,4,4,0.1500,-0.1057,0.1835,NO
capture_0053.pgm,48,98,395,22,23,23,0.2249,23.0,0.2249,368,1.000,1.000,4,0,0.1521,-0.0889,0.1762,NO
capture_0053.pgm,49,712,394,21,21,21,0.2054,21.0,0.2054,317,1.000,1.000,4,6,0.1539,-0.0946,0.1806,NO
capture_0053.pgm,50,916,394,23,22,23,0.2249,23.0,0.2249,368,1.000,1.000,4,8,0.1479,-0.0932,0.1749,NO
capture_0053.pgm,51,305,396,23,23,23,0.2249,23.0,0.2249,377,1.000,1.000,4,2,0.1755,-0.0778,0.1920,NO
capture_0053.pgm,52,1119,399,24,24,24,0.2347,24.0,0.2347,423,1.000,1.000,4,10,0.1322,-0.0429,0.1390,NO
capture_0053.pgm,53,202,437,22,23,23,0.2249,23.0,0.2249,368,1.000,1.000,5,1,0.1684,-0.1110,0.2017,NO
capture_0053.pgm,54,610,437,23,24,24,0.2347,24.0,0.2347,395,1.000,1.000,5,5,0.1565,-0.1083,0.1904,NO
capture_0053.pgm,55,814,437,21,22,22,0.2152,22.0,0.2152,338,1.000,1.000,5,7,0.1506,-0.1069,0.1847,NO
capture_0053.pgm,56,404,439,23,22,23,0.2249,23.0,0.2249,382,1.000,1.000,5,3,0.1429,-0.0901,0.1689,NO
capture_0053.pgm,57,1014,441,22,22,22,0.2152,22.0,0.2152,353,1.000,1.000,5,9,0.1056,-0.0664,0.1247,NO
capture_0053.pgm,58,1226,444,25,25,25,0.2445,25.0,0.2445,462,1.000,1.000,5,11,0.1779,-0.0357,0.1814,NO
capture_0053.pgm,59,1118,482,24,24,24,0.2347,24.0,0.2347,416,1.000,1.000,5,10,0.1219,-0.0820,0.1469,NO
capture_0053.pgm,60,102,483,23,25,25,0.2445,25.0,0.2445,430,1.000,1.000,5,0,0.1906,-0.0791,0.2064,NO
capture_0053.pgm,61,921,484,25,24,25,0.2445,25.0,0.2445,444,1.000,1.000,5,8,0.1963,-0.0639,0.2064,NO
capture_0053.pgm,62,505,486,22,22,22,0.2152,22.0,0.2152,360,1.000,1.000,5,4,0.1299,-0.0470,0.1381,NO
capture_0053.pgm,63,707,487,22,23,23,0.2249,23.0,0.2249,365,1.000,1.000,5,6,0.1044,-0.0359,0.1104,NO
capture_0053.pgm,64,304,493,22,25,25,0.2445,25.0,0.2445,409,1.000,1.000,5,2,0.1651,0.0200,0.1664,NO
capture_0053.pgm,65,814,522,23,24,24,0.2347,24.0,0.2347,408,1.000,1.000,6,7,0.1500,-0.1265,0.1962,NO
capture_0053.pgm,66,405,526,24,25,25,0.2445,25.0,0.2445,440,1.000,1.000,6,3,0.1521,-0.0901,0.1768,NO
capture_0053.pgm,67,1020,526,22,23,23,0.2249,23.0,0.2249,382,1.000,1.000,6,9,0.1637,-0.0860,0.1849,NO
capture_0053.pgm,68,1224,526,22,23,23,0.2249,23.0,0.2249,368,1.000,1.000,6,11,0.1577,-0.0846,0.1790,NO
capture_0053.pgm,69,615,530,24,24,24,0.2347,24.0,0.2347,428,1.000,1.000,6,5,0.2049,-0.0496,0.2108,NO
capture_0053.pgm,70,195,530,23,21,23,0.2249,23.0,0.2249,359,1.000,1.000,6,1,0.0993,-0.0524,0.1123,NO
capture_0053.pgm,71,1122,569,22,23,23,0.2249,23.0,0.2249,375,1.000,1.000,6,10,0.1604,-0.0820,0.1802,NO
capture_0053.pgm,72,301,572,22,23,23,0.2249,23.0,0.2249,368,1.000,1.000,6,2,0.1352,-0.0582,0.1472,NO
capture_0053.pgm,73,504,572,24,25,25,0.2445,25.0,0.2445,423,1.000,1.000,6,4,0.1195,-0.0568,0.1323,NO
capture_0053.pgm,74,918,572,22,22,22,0.2152,22.0,0.2152,353,1.000,1.000,6,8,0.1663,-0.0541,0.1749,NO
capture_0053.pgm,75,712,575,23,25,25,0.2445,25.0,0.2445,423,1.000,1.000,6,6,0.1527,-0.0261,0.1549,NO
capture_0053.pgm,76,104,577,23,26,26,0.2543,26.0,0.2543,441,1.000,1.000,6,0,0.2096,-0.0107,0.2099,NO
capture_0053.pgm,77,810,606,22,23,23,0.2249,23.0,0.2249,368,1.000,1.000,7,7,0.1103,-0.1558,0.1909,NO
capture_0053.pgm,78,200,610,24,25,25,0.2445,25.0,0.2445,448,1.000,1.000,7,1,0.1477,-0.1208,0.1908,NO
capture_0053.pgm,79,405,612,24,24,24,0.2347,24.0,0.2347,416,1.000,1.000,7,3,0.1515,-0.0999,0.1815,NO
capture_0053.pgm,80,607,612,25,24,25,0.2445,25.0,0.2445,442,1.000,1.000,7,5,0.1260,-0.0985,0.1600,NO
capture_0053.pgm,81,1227,615,26,25,26,0.2543,26.0,0.2543,463,1.000,1.000,7,11,0.1865,-0.0651,0.1975,NO
capture_0053.pgm,82,1016,615,24,22,24,0.2347,24.0,0.2347,397,1.000,1.000,7,9,0.1240,-0.0664,0.1406,NO
capture_0053.pgm,83,917,656,23,23,23,0.2249,23.0,0.2249,391,1.000,1.000,7,8,0.1560,-0.0834,0.1769,NO
capture_0053.pgm,84,506,657,24,24,24,0.2347,24.0,0.2347,438,1.000,1.000,7,4,0.1385,-0.0764,0.1582,NO
capture_0053.pgm,85,1124,658,21,21,21,0.2054,21.0,0.2054,317,1.000,1.000,7,10,0.1794,-0.0625,0.1900,NO
capture_0053.pgm,86,712,660,23,23,23,0.2249,23.0,0.2249,391,1.000,1.000,7,6,0.1521,-0.0457,0.1588,NO
capture_0053.pgm,87,304,660,22,23,23,0.2249,23.0,0.2249,375,1.000,1.000,7,2,0.1640,-0.0484,0.1710,NO
capture_0053.pgm,88,109,664,25,25,25,0.2445,25.0,0.2445,474,1.000,1.000,7,0,0.2579,-0.0107,0.2581,NO
capture_0053.pgm,89,1222,696,24,24,24,0.2347,24.0,0.2347,413,1.000,1.000,8,11,0.1370,-0.1237,0.1846,NO
capture_0053.pgm,90,812,697,23,23,23,0.2249,23.0,0.2249,388,1.000,1.000,8,7,0.1293,-0.1167,0.1742,NO
capture_0053.pgm,91,613,700,24,25,25,0.2445,25.0,0.2445,455,1.000,1.000,8,5,0.1841,-0.0887,0.2044,NO
capture_0053.pgm,92,1014,699,25,23,25,0.2445,25.0,0.2445,420,1.000,1.000,8,9,0.1038,-0.0958,0.1412,NO
capture_0053.pgm,93,404,701,24,25,25,0.2445,25.0,0.2445,452,1.000,1.000,8,3,0.1412,-0.0803,0.1624,NO
capture_0053.pgm,94,200,702,25,25,25,0.2445,25.0,0.2445,466,1.000,1.000,8,1,0.1471,-0.0719,0.1637,NO
capture_0053.pgm,95,1124,741,21,22,22,0.2152,22.0,0.2152,338,1.000,1.000,8,10,0.1788,-0.1016,0.2057,NO
capture_0053.pgm,96,917,745,21,23,23,0.2249,23.0,0.2249,359,1.000,1.000,8,8,0.1554,-0.0639,0.1680,NO
capture_0053.pgm,97,301,746,23,23,23,0.2249,23.0,0.2249,383,1.000,1.000,8,2,0.1340,-0.0582,0.1461,NO
capture_0053.pgm,98,103,747,22,22,22,0.2152,22.0,0.2152,360,1.000,1.000,8,0,0.1987,-0.0498,0.2048,NO
capture_0053.pgm,99,512,748,26,25,26,0.2543,26.0,0.2543,463,1.000,1.000,8,4,0.1966,-0.0373,0.2001,NO
capture_0053.pgm,100,711,750,22,22,22,0.2152,22.0,0.2152,346,1.000,1.000,8,6,0.1418,-0.0163,0.1427,NO
capture_0053.pgm,101,815,785,22,23,23,0.2249,23.0,0.2249,368,1.000,1.000,9,7,0.1581,-0.1069,0.1908,NO
capture_0053.pgm,102,407,788,23,23,23,0.2249,23.0,0.2249,405,1.000,1.000,9,3,0.1699,-0.0803,0.1879,NO
capture_0053.pgm,103,198,789,24,24,24,0.2347,24.0,0.2347,427,1.000,1.000,9,1,0.1269,-0.0719,0.1459,NO
capture_0053.pgm,104,614,789,22,23,23,0.2249,23.0,0.2249,375,1.000,1.000,9,5,0.1933,-0.0692,0.2053,NO
capture_0053.pgm,105,1217,788,25,21,25,0.2445,25.0,0.2445,401,1.000,1.000,9,11,0.0875,-0.0748,0.1152,NO
capture_0053.pgm,106,1015,790,22,22,22,0.2152,22.0,0.2152,360,1.000,1.000,9,9,0.1130,-0.0566,0.1264,NO
capture_0053.pgm,107,516,829,22,23,23,0.2249,23.0,0.2249,368,1.000,1.000,9,4,0.2351,-0.0959,0.2539,NO
capture_0053.pgm,108,1115,828,25,21,25,0.2445,25.0,0.2445,401,1.000,1.000,9,10,0.0902,-0.1016,0.1359,NO
capture_0053.pgm,109,915,829,22,23,23,0.2249,23.0,0.2249,375,1.000,1.000,9,8,0.1352,-0.0932,0.1642,NO
capture_0053.pgm,110,709,830,25,22,25,0.2445,25.0,0.2445,398,1.000,1.000,9,6,0.1216,-0.0848,0.1483,NO
capture_0053.pgm,111,302,832,24,23,24,0.2347,24.0,0.2347,414,1.000,1.000,9,2,0.1432,-0.0680,0.1586,NO
capture_0053.pgm,112,99,832,25,22,25,0.2445,25.0,0.2445,412,1.000,1.000,9,0,0.1589,-0.0694,0.1734,NO
capture_0053.pgm,113,1220,869,23,22,23,0.2249,23.0,0.2249,375,1.000,1.000,10,11,0.1163,-0.1335,0.1770,NO
capture_0053.pgm,114,201,875,25,24,25,0.2445,25.0,0.2445,445,1.000,1.000,10,1,0.1557,-0.0817,0.1758,NO
capture_0053.pgm,115,407,876,24,26,26,0.2543,26.0,0.2543,451,1.000,1.000,10,3,0.1693,-0.0706,0.1834,NO
capture_0053.pgm,116,820,875,23,24,24,0.2347,24.0,0.2347,406,1.000,1.000,10,7,0.2064,-0.0776,0.2205,NO
capture_0053.pgm,117,1018,876,22,23,23,0.2249,23.0,0.2249,382,1.000,1.000,10,9,0.1418,-0.0664,0.1566,NO
capture_0053.pgm,118,614,877,21,22,22,0.2152,22.0,0.2152,338,1.000,1.000,10,5,0.1927,-0.0594,0.2017,NO
capture_0053.pgm,119,303,916,24,24,24,0.2347,24.0,0.2347,431,1.000,1.000,10,2,0.1524,-0.0973,0.1809,NO
capture_0053.pgm,120,709,915,24,22,24,0.2347,24.0,0.2347,390,1.000,1.000,10,6,0.1210,-0.1043,0.1598,NO
capture_0053.pgm,121,103,920,26,23,26,0.2543,26.0,0.2543,439,1.000,1.000,10,0,0.1975,-0.0596,0.2063,NO
capture_0053.pgm,122,508,922,22,25,25,0.2445,25.0,0.2445,412,1.000,1.000,10,4,0.1563,-0.0373,0.1607,NO
capture_0053.pgm,123,918,924,22,24,24,0.2347,24.0,0.2347,387,1.000,1.000,10,8,0.1640,-0.0150,0.1647,NO
capture_0053.pgm,124,1121,924,22,25,25,0.2445,25.0,0.2445,409,1.000,1.000,10,10,0.1483,-0.0136,0.1489,NO
capture_0053.pgm,125,406,955,24,24,24,0.2347,24.0,0.2347,428,1.000,1.000,11,3,0.1590,-0.1488,0.2177,NO
capture_0053.pgm,126,199,957,26,26,26,0.2543,26.0,0.2543,488,1.000,1.000,11,1,0.1355,-0.1306,0.1882,NO
capture_0053.pgm,127,814,957,22,23,23,0.2249,23.0,0.2249,368,1.000,1.000,11,7,0.1471,-0.1265,0.1940,NO
capture_0053.pgm,128,1022,958,21,24,24,0.2347,24.0,0.2347,380,1.000,1.000,11,9,0.1803,-0.1153,0.2140,NO
capture_0053.pgm,129,615,965,24,24,24,0.2347,24.0,0.2347,428,1.000,1.000,11,5,0.2019,-0.0496,0.2079,NO
capture_0053.pgm,130,1227,966,25,26,26,0.2543,26.0,0.2543,461,1.000,1.000,11,11,0.1842,-0.0357,0.1876,NO
capture_0053.pgm,131,1118,1000,23,24,24,0.2347,24.0,0.2347,411,1.000,1.000,11,10,0.1184,-0.1212,0.1694,NO
capture_0053.pgm,132,510,1006,23,26,26,0.2543,26.0,0.2543,442,1.000,1.000,11,4,0.1753,-0.0666,0.1875,NO
capture_0053.pgm,133,313,1006,24,24,24,0.2347,24.0,0.2347,435,1.000,1.000,11,2,0.2497,-0.0680,0.2587,NO
capture_0053.pgm,134,916,1008,24,25,25,0.2445,25.0,0.2445,442,1.000,1.000,11,8,0.1439,-0.0443,0.1505,NO
capture_0053.pgm,135,100,1010,24,23,24,0.2347,24.0,0.2347,407,1.000,1.000,11,0,0.1676,-0.0302,0.1703,NO
capture_0053.pgm,136,705,1010,23,22,23,0.2249,23.0,0.2249,362,1.000,1.000,11,6,0.0813,-0.0261,0.0854,NO
capture_0053.pgm,SUMMARY,,,,,,,,,,,,,,,,,
capture_0053.pgm,Count,136,,,,,,,,,,,,,,,
capture_0053.pgm,Missed,2,,,,,,,,,,,,,,,
capture_0053.pgm,Mean,,,,,,,,0.2323,,,,,,,,
capture_0053.pgm,Median,,,,,,,,0.2347,,,,,,,,
capture_0053.pgm,StdDev,,,,,,,,0.0124,,,,,,,,
capture_0053.pgm,Min,,,,,,,,0.2054,,,,,,,,
capture_0053.pgm,Max,,,,,,,,0.2641,,,,,,,,
capture_0054.pgm,1,1221,16,23,25,25,0.2445,25.0,0.2445,437,1.000,1.000,0,11,0.1319,0.0327,0.1359,NO
capture_0054.pgm,2,403,18,24,27,27,0.2641,27.0,0.2641,479,1.000,1.000,0,3,0.1360,0.0468,0.1439,NO
capture_0054.pgm,3,1017,18,24,26,26,0.2543,26.0,0.2543,453,1.000,1.000,0,9,0.1378,0.0509,0.1469,NO
capture_0054.pgm,4,202,19,27,24,27,0.2641,27.0,0.2641,475,1.000,1.000,0,1,0.1713,0.0552,0.1800,NO
capture_0054.pgm,5,812,20,25,26,26,0.2543,26.0,0.2543,460,1.000,1.000,0,7,0.1340,0.0691,0.1508,NO
capture_0054.pgm,6,608,20,22,23,23,0.2249,23.0,0.2249,372,1.000,1.000,0,5,0.1399,0.0677,0.1554,NO
capture_0054.pgm,7,522,53,23,25,25,0.2445,25.0,0.2445,437,1.000,1.000,0,4,0.2991,-0.0275,0.3003,NO
capture_0054.pgm,8,112,54,26,26,26,0.2543,26.0,0.2543,509,1.000,1.000,0,0,0.2913,-0.0205,0.2921,NO
capture_0054.pgm,9,926,57,25,25,25,0.2445,25.0,0.2445,479,1.000,1.000,0,8,0.2481,0.0144,0.2485,NO
capture_0054.pgm,10,723,57,22,23,23,0.2249,23.0,0.2249,375,1.000,1.000,0,6,0.2638,0.0130,0.2641,NO
capture_0054.pgm,11,1127,57,22,23,23,0.2249,23.0,0.2249,365,1.000,1.000,0,10,0.2128,0.0158,0.2134,NO
capture_0054.pgm,12,313,60,24,24,24,0.2347,24.0,0.2347,437,1.000,1.000,0,2,0.2561,0.0396,0.2591,NO
capture_0054.pgm,13,812,102,22,22,22,0.2152,22.0,0.2152,346,1.000,1.000,1,7,0.1334,0.0202,0.1349,NO
capture_0054.pgm,14,200,105,23,22,23,0.2249,23.0,0.2249,368,1.000,1.000,1,1,0.1512,0.0454,0.1578,NO
capture_0054.pgm,15,610,107,23,23,23,0.2249,23.0,0.2249,383,1.000,1.000,1,5,0.1589,0.0677,0.1727,NO
capture_0054.pgm,16,1017,106,22,22,22,0.2152,22.0,0.2152,353,1.000,1.000,1,9,0.1372,0.0607,0.1501,NO
capture_0054.pgm,17,403,109,25,24,25,0.2445,25.0,0.2445,432,1.000,1.000,1,3,0.1355,0.0859,0.1604,NO
capture_0054.pgm,18,1222,110,22,22,22,0.2152,22.0,0.2152,346,1.000,1.000,1,11,0.1411,0.1012,0.1736,NO
capture_0054.pgm,19,510,147,22,22,22,0.2152,22.0,0.2152,353,1.000,1.000,1,4,0.1811,0.0410,0.1857,NO
capture_0054.pgm,20,303,149,24,22,24,0.2347,24.0,0.2347,387,1.000,1.000,1,2,0.1577,0.0592,0.1684,NO
capture_0054.pgm,21,710,150,23,22,23,0.2249,23.0,0.2249,375,1.000,1.000,1,6,0.1361,0.0717,0.1538,NO
capture_0054.pgm,22,912,152,21,21,21,0.2054,21.0,0.2054,317,1.000,1.000,1,8,0.1106,0.0926,0.1442,NO
capture_0054.pgm,23,1115,153,23,22,23,0.2249,23.0,0.2249,362,1.000,1.000,1,10,0.0949,0.1038,0.1406,NO
capture_0054.pgm,24,98,159,22,23,23,0.2249,23.0,0.2249,365,1.000,1.000,1,0,0.1538,0.1556,0.2188,NO
capture_0054.pgm,25,404,190,21,22,22,0.2152,22.0,0.2152,338,1.000,1.000,2,3,0.1447,0.0272,0.1472,NO
capture_0054.pgm,26,1221,191,21,21,21,0.2054,21.0,0.2054,317,1.000,1.000,2,11,0.1307,0.0425,0.1375,NO
capture_0054.pgm,27,809,194,23,24,24,0.2347,24.0,0.2347,407,1.000,1.000,2,7,0.1035,0.0691,0.1244,NO
capture_0054.pgm,28,198,195,23,22,23,0.2249,23.0,0.2249,368,1.000,1.000,2,1,0.1310,0.0748,0.1509,NO
capture_0054.pgm,29,1018,196,25,23,25,0.2445,25.0,0.2445,425,1.000,1.000,2,9,0.1464,0.0900,0.1719,NO
capture_0054.pgm,30,612,197,23,22,23,0.2249,23.0,0.2249,368,1.000,1.000,2,5,0.1779,0.0971,0.2026,NO
capture_0054.pgm,31,1118,240,21,21,21,0.2054,21.0,0.2054,317,1.000,1.000,2,10,0.1236,0.1038,0.1614,NO
capture_0054.pgm,32,503,243,23,22,23,0.2249,23.0,0.2249,372,1.000,1.000,2,4,0.1121,0.1290,0.1709,NO
capture_0054.pgm,33,299,244,21,22,22,0.2152,22.0,0.2152,338,1.000,1.000,2,2,0.1180,0.1374,0.1811,NO
capture_0054.pgm,34,707,246,21,21,21,0.2054,21.0,0.2054,317,1.000,1.000,2,6,0.1061,0.1597,0.1918,NO
capture_0054.pgm,35,103,250,25,24,25,0.2445,25.0,0.2445,444,1.000,1.000,2,0,0.2022,0.1947,0.2807,NO
capture_0054.pgm,36,1218,277,23,23,23,0.2249,23.0,0.2249,391,1.000,1.000,3,11,0.1008,0.0327,0.1060,NO
capture_0054.pgm,37,403,279,24,23,24,0.2347,24.0,0.2347,406,1.000,1.000,3,3,0.1343,0.0468,0.1422,NO
capture_0054.pgm,38,603,280,25,24,25,0.2445,25.0,0.2445,425,1.000,1.000,3,5,0.0892,0.0580,0.1064,NO
capture_0054.pgm,39,199,280,22,22,22,0.2152,22.0,0.2152,353,1.000,1.000,3,1,0.1402,0.0552,0.1507,NO
capture_0054.pgm,40,808,283,22,23,23,0.2249,23.0,0.2249,382,1.000,1.000,3,7,0.0931,0.0887,0.1286,NO
capture_0054.pgm,41,1018,284,23,23,23,0.2249,23.0,0.2249,391,1.000,1.000,3,9,0.1459,0.0998,0.1767,NO
capture_0054.pgm,42,1117,328,24,22,24,0.2347,24.0,0.2347,387,1.000,1.000,3,10,0.1133,0.1136,0.1604,NO
capture_0054.pgm,43,98,329,23,21,23,0.2249,23.0,0.2249,359,1.000,1.000,3,0,0.1527,0.1165,0.1920,NO
capture_0054.pgm,44,503,330,24,24,24,0.2347,24.0,0.2347,431,1.000,1.000,3,4,0.1115,0.1290,0.1705,NO
capture_0054.pgm,45,708,330,21,21,21,0.2054,21.0,0.2054,317,1.000,1.000,3,6,0.1153,0.1304,0.1741,NO
capture_0054.pgm,46,913,333,21,21,21,0.2054,21.0,0.2054,317,1.000,1.000,3,8,0.1192,0.1611,0.2004,NO
capture_0054.pgm,47,608,367,21,24,24,0.2347,24.0,0.2347,380,1.000,1.000,4,5,0.1376,0.0580,0.1493,NO
capture_0054.pgm,48,1220,366,25,23,25,0.2445,25.0,0.2445,419,1.000,1.000,4,11,0.1198,0.0523,0.1307,NO
capture_0054.pgm,49,814,367,22,21,22,0.2152,22.0,0.2152,338,1.000,1.000,4,7,0.1512,0.0593,0.1624,NO
capture_0054.pgm,50,1018,371,24,23,24,0.2347,24.0,0.2347,414,1.000,1.000,4,9,0.1453,0.0998,0.1763,NO
capture_0054.pgm,51,205,371,23,23,23,0.2249,23.0,0.2249,384,1.000,1.000,4,1,0.1983,0.0943,0.2196,NO
capture_0054.pgm,52,402,373,26,23,26,0.2543,26.0,0.2543,453,1.000,1.000,4,3,0.1239,0.1153,0.1692,NO
capture_0054.pgm,53,712,410,25,24,25,0.2445,25.0,0.2445,443,1.000,1.000,4,6,0.1539,0.0619,0.1659,NO
capture_0054.pgm,54,1116,411,25,22,25,0.2445,25.0,0.2445,414,1.000,1.000,4,10,0.1029,0.0744,0.1270,NO
capture_0054.pgm,55,302,413,24,22,24,0.2347,24.0,0.2347,389,1.000,1.000,4,2,0.1462,0.0885,0.1709,NO
capture_0054.pgm,56,508,416,22,23,23,0.2249,23.0,0.2249,382,1.000,1.000,4,4,0.1598,0.1192,0.1994,NO
capture_0054.pgm,57,915,416,24,24,24,0.2347,24.0,0.2347,416,1.000,1.000,4,8,0.1382,0.1220,0.1843,NO
capture_0054.pgm,58,101,417,25,25,25,0.2445,25.0,0.2445,462,1.000,1.000,4,0,0.1814,0.1262,0.2210,NO
capture_0054.pgm,59,814,452,25,22,25,0.2445,25.0,0.2445,419,1.000,1.000,5,7,0.1506,0.0398,0.1558,NO
capture_0054.pgm,60,609,455,24,26,26,0.2543,26.0,0.2543,463,1.000,1.000,5,5,0.1468,0.0677,0.1616,NO
capture_0054.pgm,61,399,456,26,22,26,0.2543,26.0,0.2543,431,1.000,1.000,5,3,0.0940,0.0761,0.1210,NO
capture_0054.pgm,62,1018,458,23,23,23,0.2249,23.0,0.2249,388,1.000,1.000,5,9,0.1447,0.0998,0.1758,NO
capture_0054.pgm,63,1221,459,25,25,25,0.2445,25.0,0.2445,459,1.000,1.000,5,11,0.1290,0.1110,0.1702,NO
capture_0054.pgm,64,207,462,23,23,23,0.2249,23.0,0.2249,391,1.000,1.000,5,1,0.2173,0.1334,0.2550,NO
capture_0054.pgm,65,1116,495,26,22,26,0.2543,26.0,0.2543,431,1.000,1.000,5,10,0.1023,0.0451,0.1118,NO
capture_0054.pgm,66,913,496,23,23,23,0.2249,23.0,0.2249,381,1.000,1.000,5,8,0.1180,0.0535,0.1296,NO
capture_0054.pgm,67,96,499,24,26,26,0.2543,26.0,0.2543,461,1.000,1.000,5,0,0.1319,0.0773,0.1529,NO
capture_0054.pgm,68,304,502,23,27,27,0.2641,27.0,0.2641,466,1.000,1.000,5,2,0.1651,0.1081,0.1974,NO
capture_0054.pgm,69,717,501,21,22,22,0.2152,22.0,0.2152,338,1.000,1.000,5,6,0.2022,0.1010,0.2260,NO
capture_0054.pgm,70,508,508,23,24,24,0.2347,24.0,0.2347,411,1.000,1.000,5,4,0.1592,0.1681,0.2315,NO
capture_0054.pgm,71,1218,542,22,23,23,0.2249,23.0,0.2249,368,1.000,1.000,6,11,0.0991,0.0719,0.1224,NO
capture_0054.pgm,72,608,543,24,24,24,0.2347,24.0,0.2347,423,1.000,1.000,6,5,0.1364,0.0775,0.1569,NO
capture_0054.pgm,73,205,544,24,24,24,0.2347,24.0,0.2347,428,1.000,1.000,6,1,0.1971,0.0846,0.2145,NO
capture_0054.pgm,74,401,545,27,24,27,0.2641,27.0,0.2641,458,1.000,1.000,6,3,0.1130,0.0957,0.1481,NO
capture_0054.pgm,75,810,546,25,25,25,0.2445,25.0,0.2445,460,1.000,1.000,6,7,0.1109,0.1082,0.1550,NO
capture_0054.pgm,76,1020,545,21,22,22,0.2152,22.0,0.2152,338,1.000,1.000,6,9,0.1637,0.0998,0.1917,NO
capture_0054.pgm,77,302,587,24,23,24,0.2347,24.0,0.2347,398,1.000,1.000,6,2,0.1450,0.0885,0.1699,NO
capture_0054.pgm,78,506,586,22,22,22,0.2152,22.0,0.2152,353,1.000,1.000,6,4,0.1391,0.0801,0.1605,NO
capture_0054.pgm,79,914,586,23,22,23,0.2249,23.0,0.2249,368,1.000,1.000,6,8,0.1272,0.0828,0.1518,NO
capture_0054.pgm,80,1112,587,25,21,25,0.2445,25.0,0.2445,401,1.000,1.000,6,10,0.0626,0.0940,0.1129,NO
capture_0054.pgm,81,711,590,24,24,24,0.2347,24.0,0.2347,424,1.000,1.000,6,6,0.1429,0.1206,0.1870,NO
capture_0054.pgm,82,97,592,27,24,27,0.2641,27.0,0.2641,476,1.000,1.000,6,0,0.1411,0.1360,0.1960,NO
capture_0054.pgm,83,406,626,23,23,23,0.2249,23.0,0.2249,391,1.000,1.000,7,3,0.1613,0.0370,0.1655,NO
capture_0054.pgm,84,1015,626,24,22,24,0.2347,24.0,0.2347,397,1.000,1.000,7,9,0.1142,0.0412,0.1214,NO
capture_0054.pgm,85,607,628,22,24,24,0.2347,24.0,0.2347,397,1.000,1.000,7,5,0.1260,0.0580,0.1387,NO
capture_0054.pgm,86,809,629,24,22,24,0.2347,24.0,0.2347,397,1.000,1.000,7,7,0.1005,0.0691,0.1220,NO
capture_0054.pgm,87,1220,630,24,24,24,0.2347,24.0,0.2347,424,1.000,1.000,7,11,0.1180,0.0816,0.1435,NO
capture_0054.pgm,88,201,634,27,24,27,0.2641,27.0,0.2641,472,1.000,1.000,7,1,0.1574,0.1139,0.1943,NO
capture_0054.pgm,89,509,670,23,22,23,0.2249,23.0,0.2249,368,1.000,1.000,7,4,0.1678,0.0508,0.1753,NO
capture_0054.pgm,90,709,671,23,24,24,0.2347,24.0,0.2347,406,1.000,1.000,7,6,0.1228,0.0619,0.1375,NO
capture_0054.pgm,91,96,675,25,23,25,0.2445,25.0,0.2445,423,1.000,1.000,7,0,0.1308,0.0969,0.1628,NO
capture_0054.pgm,92,915,674,22,22,22,0.2152,22.0,0.2152,360,1.000,1.000,7,8,0.1364,0.0926,0.1649,NO
capture_0054.pgm,93,304,677,24,25,25,0.2445,25.0,0.2445,447,1.000,1.000,7,2,0.1640,0.1178,0.2019,NO
capture_0054.pgm,94,1115,680,23,24,24,0.2347,24.0,0.2347,392,1.000,1.000,7,10,0.0914,0.1527,0.1779,NO
capture_0054.pgm,95,608,712,22,23,23,0.2249,23.0,0.2249,375,1.000,1.000,8,5,0.1352,0.0286,0.1382,NO
capture_0054.pgm,96,404,714,22,23,23,0.2249,23.0,0.2249,375,1.000,1.000,8,3,0.1412,0.0468,0.1487,NO
capture_0054.pgm,97,813,713,22,23,23,0.2249,23.0,0.2249,375,1.000,1.000,8,7,0.1391,0.0398,0.1447,NO
capture_0054.pgm,98,1017,713,24,22,24,0.2347,24.0,0.2347,390,1.000,1.000,8,9,0.1332,0.0412,0.1394,NO
capture_0054.pgm,99,1224,713,22,22,22,0.2152,22.0,0.2152,353,1.000,1.000,8,11,0.1566,0.0425,0.1622,NO
capture_0054.pgm,100,203,723,24,22,24,0.2347,24.0,0.2347,390,1.000,1.000,8,1,0.1764,0.1335,0.2212,NO
capture_0054.pgm,101,1119,757,22,22,22,0.2152,22.0,0.2152,353,1.000,1.000,8,10,0.1299,0.0549,0.1410,NO
capture_0054.pgm,102,305,760,25,22,25,0.2445,25.0,0.2445,409,1.000,1.000,8,2,0.1732,0.0787,0.1902,NO
capture_0054.pgm,103,710,761,22,23,23,0.2249,23.0,0.2249,368,1.000,1.000,8,6,0.1320,0.0913,0.1605,NO
capture_0054.pgm,104,506,762,23,23,23,0.2249,23.0,0.2249,391,1.000,1.000,8,4,0.1379,0.0997,0.1701,NO
capture_0054.pgm,105,100,763,24,24,24,0.2347,24.0,0.2347,430,1.000,1.000,8,0,0.1693,0.1067,0.2001,NO
capture_0054.pgm,106,401,800,25,25,25,0.2445,25.0,0.2445,466,1.000,1.000,9,3,0.1112,0.0370,0.1172,NO
capture_0054.pgm,107,1221,801,22,23,23,0.2249,23.0,0.2249,368,1.000,1.000,9,11,0.1266,0.0523,0.1370,NO
capture_0054.pgm,108,609,804,25,25,25,0.2445,25.0,0.2445,477,1.000,1.000,9,5,0.1444,0.0775,0.1639,NO
capture_0054.pgm,109,811,804,25,25,25,0.2445,25.0,0.2445,454,1.000,1.000,9,7,0.1189,0.0789,0.1427,NO
capture_0054.pgm,110,1022,804,21,23,23,0.2249,23.0,0.2249,359,1.000,1.000,9,9,0.1815,0.0803,0.1984,NO
capture_0054.pgm,111,205,810,22,24,24,0.2347,24.0,0.2347,397,1.000,1.000,9,1,0.1954,0.1335,0.2366,NO
capture_0054.pgm,112,100,846,25,24,25,0.2445,25.0,0.2445,429,1.000,1.000,9,0,0.1687,0.0676,0.1818,NO
capture_0054.pgm,113,917,848,23,24,24,0.2347,24.0,0.2347,407,1.000,1.000,9,8,0.1548,0.0926,0.1804,NO
capture_0054.pgm,114,1118,847,24,22,24,0.2347,24.0,0.2347,387,1.000,1.000,9,10,0.1195,0.0842,0.1462,NO
capture_0054.pgm,115,305,849,23,25,25,0.2445,25.0,0.2445,427,1.000,1.000,9,2,0.1726,0.0983,0.1986,NO
capture_0054.pgm,116,513,850,25,24,25,0.2445,25.0,0.2445,441,1.000,1.000,9,4,0.2058,0.1094,0.2331,NO
capture_0054.pgm,117,714,850,21,23,23,0.2249,23.0,0.2249,359,1.000,1.000,9,6,0.1705,0.1108,0.2034,NO
capture_0054.pgm,118,401,888,26,23,26,0.2543,26.0,0.2543,441,1.000,1.000,10,3,0.1106,0.0468,0.1201,NO
capture_0054.pgm,119,1019,890,23,25,25,0.2445,25.0,0.2445,437,1.000,1.000,10,9,0.1515,0.0705,0.1671,NO
capture_0054.pgm,120,1229,892,24,24,24,0.2347,24.0,0.2347,431,1.000,1.000,10,11,0.2043,0.0914,0.2238,NO
capture_0054.pgm,121,815,894,25,23,25,0.2445,25.0,0.2445,426,1.000,1.000,10,7,0.1575,0.1082,0.1911,NO
capture_0054.pgm,122,209,895,26,25,26,0.2543,26.0,0.2543,482,1.000,1.000,10,1,0.2339,0.1139,0.2602,NO
capture_0054.pgm,123,611,897,23,26,26,0.2543,26.0,0.2543,453,1.000,1.000,10,5,0.1634,0.1362,0.2127,NO
capture_0054.pgm,124,304,933,22,23,23,0.2249,23.0,0.2249,382,1.000,1.000,10,2,0.1622,0.0689,0.1763,NO
capture_0054.pgm,125,508,934,23,24,24,0.2347,24.0,0.2347,414,1.000,1.000,10,4,0.1563,0.0801,0.1756,NO
capture_0054.pgm,126,99,936,24,24,24,0.2347,24.0,0.2347,412,1.000,1.000,10,0,0.1584,0.0969,0.1857,NO
capture_0054.pgm,127,709,935,22,22,22,0.2152,22.0,0.2152,360,1.000,1.000,10,6,0.1210,0.0913,0.1516,NO
capture_0054.pgm,128,1119,935,21,21,21,0.2054,21.0,0.2054,317,1.000,1.000,10,10,0.1287,0.0940,0.1594,NO
capture_0054.pgm,129,916,942,21,22,22,0.2152,22.0,0.2152,338,1.000,1.000,10,8,0.1444,0.1611,0.2164,NO
capture_0054.pgm,130,1022,971,26,23,26,0.2543,26.0,0.2543,452,1.000,1.000,11,9,0.1803,0.0118,0.1807,NO
capture_0054.pgm,131,1222,974,22,23,23,0.2249,23.0,0.2249,368,1.000,1.000,11,11,0.1353,0.0425,0.1418,NO
capture_0054.pgm,132,204,976,23,24,24,0.2347,24.0,0.2347,398,1.000,1.000,11,1,0.1844,0.0552,0.1925,NO
capture_0054.pgm,133,814,976,22,23,23,0.2249,23.0,0.2249,368,1.000,1.000,11,7,0.1471,0.0593,0.1586,NO
capture_0054.pgm,134,405,981,27,24,27,0.2641,27.0,0.2641,509,1.000,1.000,11,3,0.1492,0.1055,0.1827,NO
capture_0054.pgm,135,606,982,25,24,25,0.2445,25.0,0.2445,434,1.000,1.000,11,5,0.1139,0.1166,0.1630,NO
capture_0054.pgm,SUMMARY,,,,,,,,,,,,,,,,,
capture_0054.pgm,Count,135,,,,,,,,,,,,,,,
capture_0054.pgm,Missed,3,,,,,,,,,,,,,,,
capture_0054.pgm,Mean,,,,,,,,0.2336,,,,,,,,
capture_0054.pgm,Median,,,,,,,,0.2347,,,,,,,,
capture_0054.pgm,StdDev,,,,,,,,0.0145,,,,,,,,
capture_0054.pgm,Min,,,,,,,,0.2054,,,,,,,,
capture_0054.pgm,Max,,,,,,,,0.2641,,,,,,,,
capture_0055.pgm,1,742,16,23,22,23,0.2249,23.0,0.2249,375,1.000,1.000,0,6,0.4496,-0.3880,0.5939,NO
capture_0055.pgm,2,1154,19,21,21,21,0.2054,21.0,0.2054,317,1.000,1.000,0,10,0.4769,-0.3559,0.5950,NO
capture_0055.pgm,3,123,22,24,22,24,0.2347,24.0,0.2347,387,1.000,1.000,0,0,0.3989,-0.3334,0.5199,NO
capture_0055.pgm,4,948,23,23,23,23,0.2249,23.0,0.2249,398,1.000,1.000,0,8,0.4632,-0.3181,0.5620,NO
capture_0055.pgm,5,334,24,23,23,23,0.2249,23.0,0.2249,398,1.000,1.000,0,2,0.4615,-0.3125,0.5573,NO
capture_0055.pgm,6,40,60,23,23,23,0.2249,23.0,0.2249,391,1.000,1.000,0,0,-0.4128,0.0382,0.4146,NO
capture_0055.pgm,7,238,59,23,23,23,0.2249,23.0,0.2249,391,1.000,1.000,0,2,-0.4774,0.0298,0.4783,NO
capture_0055.pgm,8,1060,60,24,24,24,0.2347,24.0,0.2347,438,1.000,1.000,0,10,-0.4424,0.0451,0.4447,NO
capture_0055.pgm,9,1260,59,21,21,21,0.2054,21.0,0.2054,317,1.000,1.000,0,12,-0.4875,0.0367,0.4889,NO
capture_0055.pgm,10,653,62,25,25,25,0.2445,25.0,0.2445,457,1.000,1.000,0,6,-0.4208,0.0619,0.4253,NO
capture_0055.pgm,11,453,63,24,25,25,0.2445,25.0,0.2445,462,1.000,1.000,0,4,-0.3758,0.0703,0.3823,NO
capture_0055.pgm,12,862,64,25,26,26,0.2543,26.0,0.2543,479,1.000,1.000,0,8,-0.3778,0.0828,0.3868,NO
capture_0055.pgm,13,537,105,22,23,23,0.2249,23.0,0.2249,375,1.000,1.000,1,4,0.4452,-0.3698,0.5787,NO
capture_0055.pgm,14,331,109,22,23,23,0.2249,23.0,0.2249,368,1.000,1.000,1,2,0.4315,-0.3320,0.5445,NO
capture_0055.pgm,15,742,108,22,22,22,0.2152,22.0,0.2152,353,1.000,1.000,1,6,0.4490,-0.3391,0.5627,NO
capture_0055.pgm,16,1154,109,21,22,22,0.2152,22.0,0.2152,338,1.000,1.000,1,10,0.4763,-0.3265,0.5775,NO
capture_0055.pgm,17,130,119,23,25,25,0.2445,25.0,0.2445,430,1.000,1.000,1,0,0.4668,-0.2356,0.5229,NO
capture_0055.pgm,18,1255,147,21,21,21,0.2054,21.0,0.2054,317,1.000,1.000,2,11,0.4633,-0.3878,0.6041,NO
capture_0055.pgm,19,640,150,23,22,23,0.2249,23.0,0.2249,365,1.000,1.000,2,5,0.4517,-0.3626,0.5792,NO
capture_0055.pgm,20,844,150,21,21,21,0.2054,21.0,0.2054,317,1.000,1.000,2,7,0.4458,-0.3612,0.5737,NO
capture_0055.pgm,21,1053,150,21,21,21,0.2054,21.0,0.2054,317,1.000,1.000,2,9,0.4887,-0.3598,0.6069,NO
capture_0055.pgm,22,235,154,23,22,23,0.2249,23.0,0.2249,382,1.000,1.000,2,1,0.4929,-0.3262,0.5911,NO
capture_0055.pgm,23,30,159,23,22,23,0.2249,23.0,0.2249,368,1.000,1.000,2,-1,0.4890,-0.2787,0.5629,NO
capture_0055.pgm,24,335,194,23,23,23,0.2249,23.0,0.2249,383,1.000,1.000,2,2,0.4701,-0.3516,0.5870,NO
capture_0055.pgm,25,1149,194,22,21,22,0.2152,22.0,0.2152,338,1.000,1.000,2,10,0.4268,-0.3461,0.5495,NO
capture_0055.pgm,26,531,195,23,21,23,0.2249,23.0,0.2249,359,1.000,1.000,2,4,0.3859,-0.3404,0.5146,NO
capture_0055.pgm,27,125,200,23,23,23,0.2249,23.0,0.2249,375,1.000,1.000,2,0,0.4173,-0.2943,0.5107,NO
capture_0055.pgm,28,743,199,22,22,22,0.2152,22.0,0.2152,360,1.000,1.000,2,6,0.4582,-0.2999,0.5477,NO
capture_0055.pgm,29,1047,240,21,21,21,0.2054,21.0,0.2054,317,1.000,1.000,3,9,0.4295,-0.3305,0.5419,NO
capture_0055.pgm,30,842,241,21,21,21,0.2054,21.0,0.2054,317,1.000,1.000,3,7,0.4256,-0.3221,0.5338,NO
capture_0055.pgm,31,1252,241,21,21,21,0.2054,21.0,0.2054,317,1.000,1.000,3,11,0.4333,-0.3193,0.5383,NO
capture_0055.pgm,32,435,242,21,21,21,0.2054,21.0,0.2054,317,1.000,1.000,3,3,0.4473,-0.3151,0.5471,NO
capture_0055.pgm,33,635,244,22,22,22,0.2152,22.0,0.2152,346,1.000,1.000,3,5,0.4022,-0.2941,0.4983,NO
capture_0055.pgm,34,229,247,21,22,22,0.2152,22.0,0.2152,338,1.000,1.000,3,1,0.4336,-0.2675,0.5095,NO
capture_0055.pgm,35,25,251,22,22,22,0.2152,22.0,0.2152,353,1.000,1.000,3,-1,0.4395,-0.2298,0.4960,NO
capture_0055.pgm,36,334,281,22,22,22,0.2152,22.0,0.2152,346,1.000,1.000,3,2,0.4597,-0.3516,0.5788,NO
capture_0055.pgm,37,535,281,22,22,22,0.2152,22.0,0.2152,353,1.000,1.000,3,4,0.4244,-0.3502,0.5503,NO
capture_0055.pgm,38,1148,282,22,25,25,0.2445,25.0,0.2445,419,1.000,1.000,3,10,0.4164,-0.3363,0.5353,NO
capture_0055.pgm,39,744,283,23,24,24,0.2347,24.0,0.2347,414,1.000,1.000,3,6,0.4674,-0.3293,0.5718,NO
capture_0055.pgm,40,945,282,22,22,22,0.2152,22.0,0.2152,353,1.000,1.000,3,8,0.4322,-0.3377,0.5484,NO
capture_0055.pgm,41,129,284,24,22,24,0.2347,24.0,0.2347,392,1.000,1.000,3,0,0.4559,-0.3236,0.5591,NO
capture_0055.pgm,42,844,324,23,24,24,0.2347,24.0,0.2347,414,1.000,1.000,4,7,0.4446,-0.3612,0.5728,NO
capture_0055.pgm,43,24,328,23,27,27,0.2641,27.0,0.2641,468,1.000,1.000,4,-1,0.4292,-0.3276,0.5399,NO
capture_0055.pgm,44,229,329,24,23,24,0.2347,24.0,0.2347,404,1.000,1.000,4,1,0.4330,-0.3164,0.5363,NO
capture_0055.pgm,45,1254,329,21,21,21,0.2054,21.0,0.2054,317,1.000,1.000,4,11,0.4523,-0.3096,0.5481,NO
capture_0055.pgm,46,640,330,21,22,22,0.2152,22.0,0.2152,338,1.000,1.000,4,5,0.4505,-0.3039,0.5434,NO
capture_0055.pgm,47,1048,331,25,22,25,0.2445,25.0,0.2445,412,1.000,1.000,4,9,0.4387,-0.2914,0.5266,NO
capture_0055.pgm,48,1149,365,21,22,22,0.2152,22.0,0.2152,338,1.000,1.000,4,10,0.4256,-0.3754,0.5676,NO
capture_0055.pgm,49,539,368,22,23,23,0.2249,23.0,0.2249,382,1.000,1.000,4,4,0.4630,-0.3502,0.5805,NO
capture_0055.pgm,50,742,368,24,22,24,0.2347,24.0,0.2347,390,1.000,1.000,4,6,0.4473,-0.3488,0.5672,NO
capture_0055.pgm,51,946,369,22,24,24,0.2347,24.0,0.2347,390,1.000,1.000,4,8,0.4413,-0.3377,0.5557,NO
capture_0055.pgm,52,131,370,23,24,24,0.2347,24.0,0.2347,407,1.000,1.000,4,0,0.4748,-0.3334,0.5802,NO
capture_0055.pgm,53,329,371,26,22,26,0.2543,26.0,0.2543,434,1.000,1.000,4,2,0.4102,-0.3223,0.5217,NO
capture_0055.pgm,54,442,409,25,24,25,0.2445,25.0,0.2445,433,1.000,1.000,4,4,-0.4857,0.0508,0.4883,NO
capture_0055.pgm,55,846,409,23,23,23,0.2249,23.0,0.2249,405,1.000,1.000,5,7,0.4636,-0.3808,0.5999,NO
capture_0055.pgm,56,639,413,25,22,25,0.2445,25.0,0.2445,409,1.000,1.000,5,5,0.4402,-0.3430,0.5580,NO
capture_0055.pgm,57,1053,414,23,23,23,0.2249,23.0,0.2249,398,1.000,1.000,5,9,0.4870,-0.3305,0.5885,NO
capture_0055.pgm,58,232,415,24,23,24,0.2347,24.0,0.2347,399,1.000,1.000,5,1,0.4618,-0.3262,0.5654,NO
capture_0055.pgm,59,1255,417,23,24,24,0.2347,24.0,0.2347,421,1.000,1.000,5,11,0.4615,-0.2998,0.5503,NO
capture_0055.pgm,60,29,419,25,23,25,0.2445,25.0,0.2445,429,1.000,1.000,5,-1,0.4775,-0.2885,0.5579,NO
capture_0055.pgm,61,1152,456,24,24,24,0.2347,24.0,0.2347,421,1.000,1.000,5,10,0.4544,-0.3363,0.5653,NO
capture_0055.pgm,62,334,456,22,21,22,0.2152,22.0,0.2152,338,1.000,1.000,5,2,0.4585,-0.3418,0.5719,NO
capture_0055.pgm,63,129,457,24,22,24,0.2347,24.0,0.2347,397,1.000,1.000,5,0,0.4547,-0.3334,0.5638,NO
capture_0055.pgm,64,742,458,24,23,24,0.2347,24.0,0.2347,406,1.000,1.000,5,6,0.4467,-0.3195,0.5492,NO
capture_0055.pgm,65,537,458,23,22,23,0.2249,23.0,0.2249,365,1.000,1.000,5,4,0.4428,-0.3209,0.5469,NO
capture_0055.pgm,66,950,459,22,22,22,0.2152,22.0,0.2152,353,1.000,1.000,5,8,0.4799,-0.3084,0.5704,NO
capture_0055.pgm,67,1053,494,24,22,24,0.2347,24.0,0.2347,384,1.000,1.000,6,9,0.4864,-0.3989,0.6291,NO
capture_0055.pgm,68,1258,497,21,22,22,0.2152,22.0,0.2152,338,1.000,1.000,6,11,0.4903,-0.3682,0.6131,NO
capture_0055.pgm,69,440,500,22,22,22,0.2152,22.0,0.2152,353,1.000,1.000,6,3,0.4944,-0.3444,0.6025,NO
capture_0055.pgm,70,30,502,23,24,24,0.2347,24.0,0.2347,407,1.000,1.000,6,-1,0.4867,-0.3276,0.5867,NO
capture_0055.pgm,71,639,501,22,22,22,0.2152,22.0,0.2152,353,1.000,1.000,6,5,0.4396,-0.3332,0.5516,NO
capture_0055.pgm,72,844,503,24,21,24,0.2347,24.0,0.2347,380,1.000,1.000,6,7,0.4434,-0.3123,0.5424,NO
capture_0055.pgm,73,239,507,22,25,25,0.2445,25.0,0.2445,419,1.000,1.000,5,2,-0.4706,0.1570,0.4960,NO
capture_0055.pgm,74,333,542,22,22,22,0.2152,22.0,0.2152,360,1.000,1.000,6,2,0.4482,-0.3516,0.5696,NO
capture_0055.pgm,75,745,544,23,24,24,0.2347,24.0,0.2347,414,1.000,1.000,6,6,0.4754,-0.3293,0.5783,NO
capture_0055.pgm,76,1149,543,23,23,23,0.2249,23.0,0.2249,380,1.000,1.000,6,10,0.4245,-0.3363,0.5416,NO
capture_0055.pgm,77,130,545,24,22,24,0.2347,24.0,0.2347,390,1.000,1.000,6,0,0.4639,-0.3236,0.5656,NO
capture_0055.pgm,78,547,545,21,22,22,0.2152,22.0,0.2152,338,1.000,1.000,6,5,-0.4602,0.0971,0.4703,NO
capture_0055.pgm,79,948,546,24,22,24,0.2347,24.0,0.2347,404,1.000,1.000,6,8,0.4597,-0.3084,0.5536,NO
capture_0055.pgm,80,26,580,24,26,26,0.2543,26.0,0.2543,449,1.000,1.000,7,-1,0.4470,-0.4156,0.6103,NO
capture_0055.pgm,81,1250,586,21,21,21,0.2054,21.0,0.2054,317,1.000,1.000,7,11,0.4114,-0.3487,0.5393,NO
capture_0055.pgm,82,435,587,21,21,21,0.2054,21.0,0.2054,317,1.000,1.000,7,3,0.4449,-0.3444,0.5626,NO
capture_0055.pgm,83,1051,587,22,22,22,0.2152,22.0,0.2152,353,1.000,1.000,7,9,0.4663,-0.3403,0.5772,NO
capture_0055.pgm,84,842,589,21,24,24,0.2347,24.0,0.2347,380,1.000,1.000,7,7,0.4233,-0.3221,0.5319,NO
capture_0055.pgm,85,641,589,22,21,22,0.2152,22.0,0.2152,338,1.000,1.000,7,5,0.4585,-0.3235,0.5612,NO
capture_0055.pgm,86,235,591,23,22,23,0.2249,23.0,0.2249,382,1.000,1.000,7,1,0.4900,-0.3066,0.5780,NO
capture_0055.pgm,87,742,628,22,22,22,0.2152,22.0,0.2152,353,1.000,1.000,7,6,0.4455,-0.3586,0.5719,NO
capture_0055.pgm,88,951,629,22,23,23,0.2249,23.0,0.2249,368,1.000,1.000,7,8,0.4885,-0.3475,0.5995,NO
capture_0055.pgm,89,335,629,23,22,23,0.2249,23.0,0.2249,368,1.000,1.000,7,2,0.4672,-0.3516,0.5847,NO
capture_0055.pgm,90,131,631,23,23,23,0.2249,23.0,0.2249,391,1.000,1.000,7,0,0.4731,-0.3334,0.5788,NO
capture_0055.pgm,91,1149,632,23,25,25,0.2445,25.0,0.2445,420,1.000,1.000,7,10,0.4239,-0.3168,0.5292,NO
capture_0055.pgm,92,538,633,24,24,24,0.2347,24.0,0.2347,420,1.000,1.000,7,4,0.4514,-0.3111,0.5483,NO
capture_0055.pgm,93,434,671,23,22,23,0.2249,23.0,0.2249,365,1.000,1.000,8,3,0.4346,-0.3737,0.5732,NO
capture_0055.pgm,94,840,672,23,22,23,0.2249,23.0,0.2249,375,1.000,1.000,8,7,0.4031,-0.3612,0.5413,NO
capture_0055.pgm,95,1049,673,22,23,23,0.2249,23.0,0.2249,368,1.000,1.000,8,9,0.4461,-0.3500,0.5671,NO
capture_0055.pgm,96,27,675,24,23,24,0.2347,24.0,0.2347,398,1.000,1.000,8,-1,0.4562,-0.3374,0.5674,NO
capture_0055.pgm,97,639,676,22,22,22,0.2152,22.0,0.2152,346,1.000,1.000,8,5,0.4384,-0.3235,0.5448,NO
capture_0055.pgm,98,231,677,24,23,24,0.2347,24.0,0.2347,395,1.000,1.000,8,1,0.4503,-0.3164,0.5503,NO
capture_0055.pgm,99,1257,677,22,22,22,0.2152,22.0,0.2152,353,1.000,1.000,8,11,0.4793,-0.3096,0.5706,NO
capture_0055.pgm,100,742,713,21,22,22,0.2152,22.0,0.2152,338,1.000,1.000,8,6,0.4449,-0.3782,0.5839,NO
capture_0055.pgm,101,331,715,24,23,24,0.2347,24.0,0.2347,403,1.000,1.000,8,2,0.4274,-0.3614,0.5597,NO
capture_0055.pgm,102,538,716,23,23,23,0.2249,23.0,0.2249,391,1.000,1.000,8,4,0.4509,-0.3502,0.5709,NO
capture_0055.pgm,103,1151,718,22,21,22,0.2152,22.0,0.2152,338,1.000,1.000,8,10,0.4429,-0.3265,0.5502,NO
capture_0055.pgm,104,128,720,25,23,25,0.2445,25.0,0.2445,430,1.000,1.000,8,0,0.4432,-0.3139,0.5430,NO
capture_0055.pgm,105,444,758,25,22,25,0.2445,25.0,0.2445,406,1.000,1.000,8,4,-0.4685,0.0605,0.4724,NO
capture_0055.pgm,106,1045,760,22,22,22,0.2152,22.0,0.2152,353,1.000,1.000,9,9,0.4064,-0.3500,0.5364,NO
capture_0055.pgm,107,1256,761,23,24,24,0.2347,24.0,0.2347,411,1.000,1.000,9,11,0.4689,-0.3389,0.5786,NO
capture_0055.pgm,108,29,763,23,23,23,0.2249,23.0,0.2249,383,1.000,1.000,9,-1,0.4752,-0.3276,0.5771,NO
capture_0055.pgm,109,644,763,24,23,24,0.2347,24.0,0.2347,414,1.000,1.000,9,5,0.4867,-0.3235,0.5844,NO
capture_0055.pgm,110,234,766,24,25,25,0.2445,25.0,0.2445,440,1.000,1.000,9,1,0.4790,-0.2969,0.5635,NO
capture_0055.pgm,111,1149,800,23,23,23,0.2249,23.0,0.2249,388,1.000,1.000,9,10,0.4227,-0.3754,0.5654,NO
capture_0055.pgm,112,131,801,22,21,22,0.2152,22.0,0.2152,338,1.000,1.000,9,0,0.4719,-0.3725,0.6012,NO
capture_0055.pgm,113,946,803,22,22,22,0.2152,22.0,0.2152,353,1.000,1.000,9,8,0.4384,-0.3475,0.5594,NO
capture_0055.pgm,114,333,805,25,25,25,0.2445,25.0,0.2445,449,1.000,1.000,9,2,0.4464,-0.3320,0.5564,NO
capture_0055.pgm,115,539,806,23,24,24,0.2347,24.0,0.2347,414,1.000,1.000,9,4,0.4601,-0.3209,0.5609,NO
capture_0055.pgm,116,743,805,22,22,22,0.2152,22.0,0.2152,353,1.000,1.000,9,6,0.4541,-0.3293,0.5609,NO
capture_0055.pgm,117,642,849,23,23,23,0.2249,23.0,0.2249,398,1.000,1.000,10,5,0.4666,-0.3332,0.5734,NO
capture_0055.pgm,118,1048,849,24,23,24,0.2347,24.0,0.2347,398,1.000,1.000,10,9,0.4352,-0.3305,0.5464,NO
capture_0055.pgm,119,444,850,22,23,23,0.2249,23.0,0.2249,368,1.000,1.000,9,4,-0.4690,0.1094,0.4816,NO
capture_0055.pgm,120,847,849,21,21,21,0.2054,21.0,0.2054,317,1.000,1.000,10,7,0.4704,-0.3319,0.5757,NO
capture_0055.pgm,121,1256,850,22,22,22,0.2152,22.0,0.2152,353,1.000,1.000,10,11,0.4684,-0.3193,0.5669,NO
capture_0055.pgm,122,28,852,27,24,27,0.2641,27.0,0.2641,472,1.000,1.000,10,-1,0.4648,-0.3080,0.5576,NO
capture_0055.pgm,123,236,854,24,25,25,0.2445,25.0,0.2445,437,1.000,1.000,10,1,0.4980,-0.2871,0.5748,NO
capture_0055.pgm,124,946,888,23,23,23,0.2249,23.0,0.2249,383,1.000,1.000,10,8,0.4378,-0.3670,0.5713,NO
capture_0055.pgm,125,1149,888,24,22,24,0.2347,24.0,0.2347,384,1.000,1.000,10,10,0.4221,-0.3657,0.5585,NO
capture_0055.pgm,126,538,890,21,23,23,0.2249,23.0,0.2249,359,1.000,1.000,10,4,0.4497,-0.3502,0.5700,NO
capture_0055.pgm,127,332,890,24,22,24,0.2347,24.0,0.2347,394,1.000,1.000,10,2,0.4361,-0.3516,0.5601,NO
capture_0055.pgm,128,139,894,25,24,25,0.2445,25.0,0.2445,448,1.000,1.000,10,1,-0.4507,0.1041,0.4625,NO
capture_0055.pgm,129,741,893,22,23,23,0.2249,23.0,0.2249,375,1.000,1.000,10,6,0.4340,-0.3195,0.5389,NO
capture_0055.pgm,130,1054,932,26,23,26,0.2543,26.0,0.2543,438,1.000,1.000,11,9,0.4933,-0.3696,0.6164,NO
capture_0055.pgm,131,25,932,29,23,29,0.2836,29.0,0.2836,512,1.000,1.000,11,-1,0.4349,-0.3765,0.5752,NO
capture_0055.pgm,132,844,932,22,22,22,0.2152,22.0,0.2152,353,1.000,1.000,11,7,0.4405,-0.3710,0.5759,NO
capture_0055.pgm,133,640,935,24,24,24,0.2347,24.0,0.2347,416,1.000,1.000,11,5,0.4464,-0.3430,0.5630,NO
capture_0055.pgm,134,1257,937,24,25,25,0.2445,25.0,0.2445,436,1.000,1.000,11,11,0.4776,-0.3193,0.5745,NO
capture_0055.pgm,135,233,938,23,23,23,0.2249,23.0,0.2249,398,1.000,1.000,11,1,0.4681,-0.3164,0.5650,NO
capture_0055.pgm,136,437,938,23,23,23,0.2249,23.0,0.2249,380,1.000,1.000,11,3,0.4621,-0.3151,0.5593,NO
capture_0055.pgm,137,744,974,22,24,24,0.2347,24.0,0.2347,390,1.000,1.000,11,6,0.4627,-0.3782,0.5976,NO
capture_0055.pgm,138,334,975,21,22,22,0.2152,22.0,0.2152,338,1.000,1.000,11,2,0.4550,-0.3712,0.5872,NO
capture_0055.pgm,139,129,977,25,24,25,0.2445,25.0,0.2445,443,1.000,1.000,11,0,0.4512,-0.3530,0.5728,NO
capture_0055.pgm,140,947,978,23,23,23,0.2249,23.0,0.2249,391,1.000,1.000,11,8,0.4470,-0.3377,0.5602,NO
capture_0055.pgm,141,541,980,21,22,22,0.2152,22.0,0.2152,338,1.000,1.000,11,4,0.4784,-0.3209,0.5761,NO
capture_0055.pgm,SUMMARY,,,,,,,,,,,,,,,,,
capture_0055.pgm,Count,141,,,,,,,,,,,,,,,
capture_0055.pgm,Missed,18,,,,,,,,,,,,,,,
capture_0055.pgm,Mean,,,,,,,,0.2274,,,,,,,,
capture_0055.pgm,Median,,,,,,,,0.2249,,,,,,,,
capture_0055.pgm,StdDev,,,,,,,,0.0139,,,,,,,,
capture_0055.pgm,Min,,,,,,,,0.2054,,,,,,,,
capture_0055.pgm,Max,,,,,,,,0.2836,,,,,,,,
capture_0056.pgm,1,236,46,23,26,26,0.2543,26.0,0.2543,436,1.000,1.000,0,2,-0.4970,-0.0973,0.5064,NO
capture_0056.pgm,2,1260,44,21,22,22,0.2152,22.0,0.2152,338,1.000,1.000,0,12,-0.4875,-0.1100,0.4997,NO
capture_0056.pgm,3,1048,46,22,23,23,0.2249,23.0,0.2249,375,1.000,1.000,0,9,0.4410,0.3248,0.5477,NO
capture_0056.pgm,4,436,48,23,23,23,0.2249,23.0,0.2249,398,1.000,1.000,0,3,0.4588,0.3402,0.5712,NO
capture_0056.pgm,5,842,48,22,22,22,0.2152,22.0,0.2152,346,1.000,1.000,0,7,0.4274,0.3430,0.5480,NO
capture_0056.pgm,6,641,50,22,23,23,0.2249,23.0,0.2249,372,1.000,1.000,0,5,0.4626,0.3611,0.5869,NO
capture_0056.pgm,7,25,53,25,25,25,0.2445,25.0,0.2445,455,1.000,1.000,0,-1,0.4413,0.3864,0.5865,NO
capture_0056.pgm,8,946,89,21,21,21,0.2054,21.0,0.2054,317,1.000,1.000,0,8,0.4437,0.3273,0.5514,NO
capture_0056.pgm,9,335,90,24,23,24,0.2347,24.0,0.2347,407,1.000,1.000,0,2,0.4712,0.3330,0.5770,NO
capture_0056.pgm,10,539,91,23,23,23,0.2249,23.0,0.2249,391,1.000,1.000,0,4,0.4653,0.3442,0.5788,NO
capture_0056.pgm,11,1151,93,24,25,25,0.2445,25.0,0.2445,434,1.000,1.000,0,10,0.4475,0.3678,0.5793,NO
capture_0056.pgm,12,128,93,24,23,24,0.2347,24.0,0.2347,403,1.000,1.000,0,0,0.4478,0.3610,0.5752,NO
capture_0056.pgm,13,743,93,22,23,23,0.2249,23.0,0.2249,368,1.000,1.000,0,6,0.4594,0.3651,0.5868,NO
capture_0056.pgm,14,1046,133,22,22,22,0.2152,22.0,0.2152,353,1.000,1.000,1,9,0.4209,0.3248,0.5316,NO
capture_0056.pgm,15,638,135,24,23,24,0.2347,24.0,0.2347,407,1.000,1.000,1,5,0.4327,0.3416,0.5513,NO
capture_0056.pgm,16,27,135,22,21,22,0.2152,22.0,0.2152,338,1.000,1.000,1,-1,0.4603,0.3375,0.5707,NO
capture_0056.pgm,17,234,135,21,21,21,0.2054,21.0,0.2054,317,1.000,1.000,1,1,0.4837,0.3388,0.5906,NO
capture_0056.pgm,18,438,135,21,21,21,0.2054,21.0,0.2054,317,1.000,1.000,1,3,0.4778,0.3402,0.5865,NO
capture_0056.pgm,19,845,137,23,24,24,0.2347,24.0,0.2347,418,1.000,1.000,1,7,0.4561,0.3625,0.5826,NO
capture_0056.pgm,20,1258,139,23,24,24,0.2347,24.0,0.2347,407,1.000,1.000,1,11,0.4932,0.3848,0.6256,NO
capture_0056.pgm,21,534,178,22,21,22,0.2152,22.0,0.2152,338,1.000,1.000,1,4,0.4158,0.3442,0.5398,NO
capture_0056.pgm,22,132,180,24,24,24,0.2347,24.0,0.2347,424,1.000,1.000,1,0,0.4864,0.3610,0.6057,NO
capture_0056.pgm,23,333,180,22,21,22,0.2152,22.0,0.2152,338,1.000,1.000,1,2,0.4511,0.3623,0.5786,NO
capture_0056.pgm,24,746,182,23,23,23,0.2249,23.0,0.2249,398,1.000,1.000,1,6,0.4881,0.3846,0.6215,NO
capture_0056.pgm,25,944,182,22,23,23,0.2249,23.0,0.2249,382,1.000,1.000,1,8,0.4235,0.3860,0.5731,NO
capture_0056.pgm,26,1153,183,22,23,23,0.2249,23.0,0.2249,368,1.000,1.000,1,10,0.4665,0.3972,0.6127,NO
capture_0056.pgm,27,26,221,25,24,25,0.2445,25.0,0.2445,444,1.000,1.000,2,-1,0.4499,0.3277,0.5566,NO
capture_0056.pgm,28,234,221,22,22,22,0.2152,22.0,0.2152,353,1.000,1.000,2,1,0.4831,0.3290,0.5845,NO
capture_0056.pgm,29,1052,221,22,22,22,0.2152,22.0,0.2152,353,1.000,1.000,2,9,0.4790,0.3345,0.5842,NO
capture_0056.pgm,30,844,223,21,22,22,0.2152,22.0,0.2152,338,1.000,1.000,2,7,0.4458,0.3527,0.5684,NO
capture_0056.pgm,31,436,227,24,24,24,0.2347,24.0,0.2347,420,1.000,1.000,2,3,0.4576,0.3891,0.6007,NO
capture_0056.pgm,32,635,227,22,23,23,0.2249,23.0,0.2249,365,1.000,1.000,2,5,0.4028,0.3905,0.5610,NO
capture_0056.pgm,33,536,262,22,22,22,0.2152,22.0,0.2152,346,1.000,1.000,2,4,0.4348,0.3148,0.5368,NO
capture_0056.pgm,34,133,263,21,21,21,0.2054,21.0,0.2054,317,1.000,1.000,2,0,0.4956,0.3218,0.5909,NO
capture_0056.pgm,35,336,263,21,22,22,0.2152,22.0,0.2152,338,1.000,1.000,2,2,0.4799,0.3232,0.5786,NO
capture_0056.pgm,36,946,264,21,21,21,0.2054,21.0,0.2054,317,1.000,1.000,2,8,0.4425,0.3371,0.5563,NO
capture_0056.pgm,37,745,265,23,23,23,0.2249,23.0,0.2249,398,1.000,1.000,2,6,0.4778,0.3455,0.5896,NO
capture_0056.pgm,38,1151,267,22,23,23,0.2249,23.0,0.2249,368,1.000,1.000,2,10,0.4464,0.3678,0.5784,NO
capture_0056.pgm,39,844,307,22,22,22,0.2152,22.0,0.2152,353,1.000,1.000,3,7,0.4452,0.3234,0.5502,NO
capture_0056.pgm,40,1050,309,23,23,23,0.2249,23.0,0.2249,391,1.000,1.000,3,9,0.4588,0.3443,0.5737,NO
capture_0056.pgm,41,232,309,22,22,22,0.2152,22.0,0.2152,353,1.000,1.000,3,1,0.4630,0.3388,0.5737,NO
capture_0056.pgm,42,639,310,23,23,23,0.2249,23.0,0.2249,385,1.000,1.000,3,5,0.4413,0.3514,0.5641,NO
capture_0056.pgm,43,25,310,23,22,23,0.2249,23.0,0.2249,375,1.000,1.000,3,-1,0.4395,0.3472,0.5602,NO
capture_0056.pgm,44,1260,311,23,22,23,0.2249,23.0,0.2249,375,1.000,1.000,3,12,-0.4892,-0.0513,0.4919,NO
capture_0056.pgm,45,436,316,23,23,23,0.2249,23.0,0.2249,388,1.000,1.000,3,3,0.4570,0.4087,0.6131,NO
capture_0056.pgm,46,536,351,23,23,23,0.2249,23.0,0.2249,375,1.000,1.000,3,4,0.4342,0.3344,0.5480,NO
capture_0056.pgm,47,1155,352,22,24,24,0.2347,24.0,0.2347,387,1.000,1.000,3,10,0.4849,0.3483,0.5970,NO
capture_0056.pgm,48,338,353,26,23,26,0.2543,26.0,0.2543,442,1.000,1.000,3,2,0.4988,0.3526,0.6108,NO
capture_0056.pgm,49,132,354,23,23,23,0.2249,23.0,0.2249,384,1.000,1.000,3,0,0.4852,0.3610,0.6047,NO
capture_0056.pgm,50,746,354,23,24,24,0.2347,24.0,0.2347,414,1.000,1.000,3,6,0.4870,0.3651,0.6086,NO
capture_0056.pgm,51,946,355,23,21,23,0.2249,23.0,0.2249,359,1.000,1.000,3,8,0.4419,0.3762,0.5804,NO
capture_0056.pgm,52,641,392,24,22,24,0.2347,24.0,0.2347,397,1.000,1.000,4,5,0.4603,0.3025,0.5508,NO
capture_0056.pgm,53,842,395,23,21,23,0.2249,23.0,0.2249,359,1.000,1.000,4,7,0.4250,0.3332,0.5401,NO
capture_0056.pgm,54,1046,396,22,22,22,0.2152,22.0,0.2152,353,1.000,1.000,4,9,0.4191,0.3443,0.5424,NO
capture_0056.pgm,55,233,400,22,23,23,0.2249,23.0,0.2249,375,1.000,1.000,4,1,0.4722,0.3779,0.6048,NO
capture_0056.pgm,56,443,401,22,25,25,0.2445,25.0,0.2445,409,1.000,1.000,4,4,-0.4759,-0.0275,0.4767,NO
capture_0056.pgm,57,31,402,25,25,25,0.2445,25.0,0.2445,461,1.000,1.000,4,-1,0.4976,0.3961,0.6361,NO
capture_0056.pgm,58,130,437,23,24,24,0.2347,24.0,0.2347,403,1.000,1.000,4,0,0.4651,0.3218,0.5656,NO
capture_0056.pgm,59,535,437,24,22,24,0.2347,24.0,0.2347,397,1.000,1.000,4,4,0.4239,0.3246,0.5339,NO
capture_0056.pgm,60,943,438,22,23,23,0.2249,23.0,0.2249,382,1.000,1.000,4,8,0.4120,0.3371,0.5324,NO
capture_0056.pgm,61,333,438,23,22,23,0.2249,23.0,0.2249,368,1.000,1.000,4,2,0.4493,0.3330,0.5593,NO
capture_0056.pgm,62,749,439,25,23,25,0.2445,25.0,0.2445,429,1.000,1.000,5,7,-0.4851,-0.0874,0.4929,NO
capture_0056.pgm,63,1152,439,23,22,23,0.2249,23.0,0.2249,375,1.000,1.000,4,10,0.4550,0.3483,0.5730,NO
capture_0056.pgm,64,638,478,25,22,25,0.2445,25.0,0.2445,419,1.000,1.000,5,5,0.4304,0.2927,0.5205,NO
capture_0056.pgm,65,1050,481,23,22,23,0.2249,23.0,0.2249,375,1.000,1.000,5,9,0.4576,0.3248,0.5612,NO
capture_0056.pgm,66,1257,482,22,22,22,0.2152,22.0,0.2152,360,1.000,1.000,5,11,0.4811,0.3359,0.5867,NO
capture_0056.pgm,67,852,483,24,22,24,0.2347,24.0,0.2347,397,1.000,1.000,5,8,-0.4786,-0.0736,0.4842,NO
capture_0056.pgm,68,438,486,23,23,23,0.2249,23.0,0.2249,383,1.000,1.000,5,3,0.4754,0.3695,0.6022,NO
capture_0056.pgm,69,29,488,23,25,25,0.2445,25.0,0.2445,430,1.000,1.000,5,-1,0.4775,0.3864,0.6142,NO
capture_0056.pgm,70,234,487,27,23,27,0.2641,27.0,0.2641,459,1.000,1.000,5,1,0.4813,0.3779,0.6120,NO
capture_0056.pgm,71,744,521,21,21,21,0.2054,21.0,0.2054,317,1.000,1.000,5,6,0.4662,0.2966,0.5526,NO
capture_0056.pgm,72,949,522,25,22,25,0.2445,25.0,0.2445,407,1.000,1.000,5,8,0.4701,0.3078,0.5619,NO
capture_0056.pgm,73,1148,523,22,22,22,0.2152,22.0,0.2152,353,1.000,1.000,5,10,0.4153,0.3189,0.5236,NO
capture_0056.pgm,74,332,526,23,21,23,0.2249,23.0,0.2249,359,1.000,1.000,5,2,0.4390,0.3428,0.5570,NO
capture_0056.pgm,75,537,528,22,25,25,0.2445,25.0,0.2445,406,1.000,1.000,5,4,0.4428,0.3637,0.5731,NO
capture_0056.pgm,76,131,527,22,22,22,0.2152,22.0,0.2152,353,1.000,1.000,5,0,0.4742,0.3512,0.5901,NO
capture_0056.pgm,77,1258,566,22,22,22,0.2152,22.0,0.2152,360,1.000,1.000,6,11,0.4903,0.3066,0.5782,NO
capture_0056.pgm,78,1053,567,23,23,23,0.2249,23.0,0.2249,398,1.000,1.000,6,9,0.4864,0.3150,0.5795,NO
capture_0056.pgm,79,642,569,23,22,23,0.2249,23.0,0.2249,375,1.000,1.000,6,5,0.4689,0.3318,0.5744,NO
capture_0056.pgm,80,230,570,23,22,23,0.2249,23.0,0.2249,375,1.000,1.000,6,1,0.4416,0.3388,0.5566,NO
capture_0056.pgm,81,439,570,22,22,22,0.2152,22.0,0.2152,353,1.000,1.000,6,3,0.4846,0.3402,0.5921,NO
capture_0056.pgm,82,851,571,21,22,22,0.2152,22.0,0.2152,338,1.000,1.000,6,8,-0.4889,-0.0639,0.4931,NO
capture_0056.pgm,83,29,577,23,23,23,0.2249,23.0,0.2249,383,1.000,1.000,6,-1,0.4769,0.4059,0.6263,NO
capture_0056.pgm,84,1153,609,23,25,25,0.2445,25.0,0.2445,416,1.000,1.000,6,10,0.4636,0.3092,0.5572,NO
capture_0056.pgm,85,539,612,23,24,24,0.2347,24.0,0.2347,403,1.000,1.000,6,4,0.4618,0.3344,0.5702,NO
capture_0056.pgm,86,333,613,25,24,25,0.2445,25.0,0.2445,443,1.000,1.000,6,2,0.4482,0.3428,0.5642,NO
capture_0056.pgm,87,948,615,23,24,24,0.2347,24.0,0.2347,421,1.000,1.000,6,8,0.4597,0.3665,0.5879,NO
capture_0056.pgm,88,134,618,24,23,24,0.2347,24.0,0.2347,411,1.000,1.000,7,1,-0.4978,-0.0426,0.4996,NO
capture_0056.pgm,89,1255,655,24,25,25,0.2445,25.0,0.2445,435,1.000,1.000,7,11,0.4603,0.3261,0.5642,NO
capture_0056.pgm,90,643,656,22,24,24,0.2347,24.0,0.2347,404,1.000,1.000,7,5,0.4781,0.3318,0.5820,NO
capture_0056.pgm,91,1048,658,24,24,24,0.2347,24.0,0.2347,420,1.000,1.000,7,9,0.4369,0.3541,0.5624,NO
capture_0056.pgm,92,438,659,22,22,22,0.2152,22.0,0.2152,353,1.000,1.000,7,3,0.4743,0.3598,0.5953,NO
capture_0056.pgm,93,845,659,22,23,23,0.2249,23.0,0.2249,375,1.000,1.000,7,7,0.4526,0.3625,0.5799,NO
capture_0056.pgm,94,26,660,24,22,24,0.2347,24.0,0.2347,394,1.000,1.000,7,-1,0.4470,0.3668,0.5782,NO
capture_0056.pgm,95,235,661,23,23,23,0.2249,23.0,0.2249,398,1.000,1.000,7,1,0.4900,0.3779,0.6188,NO
capture_0056.pgm,96,333,695,22,24,24,0.2347,24.0,0.2347,387,1.000,1.000,7,2,0.4476,0.2939,0.5354,NO
capture_0056.pgm,97,1152,698,21,21,21,0.2054,21.0,0.2054,317,1.000,1.000,7,10,0.4532,0.3287,0.5599,NO
capture_0056.pgm,98,535,700,23,24,24,0.2347,24.0,0.2347,407,1.000,1.000,7,4,0.4221,0.3442,0.5446,NO
capture_0056.pgm,99,745,701,23,24,24,0.2347,24.0,0.2347,399,1.000,1.000,7,6,0.4749,0.3553,0.5931,NO
capture_0056.pgm,100,132,705,24,23,24,0.2347,24.0,0.2347,407,1.000,1.000,7,0,0.4829,0.3903,0.6209,NO
capture_0056.pgm,101,951,704,21,21,21,0.2054,21.0,0.2054,317,1.000,1.000,7,8,0.4885,0.3860,0.6226,NO
capture_0056.pgm,102,640,738,22,22,22,0.2152,22.0,0.2152,360,1.000,1.000,8,5,0.4482,0.2829,0.5300,NO
capture_0056.pgm,103,1259,739,21,22,22,0.2152,22.0,0.2152,338,1.000,1.000,8,11,0.4989,0.2968,0.5805,NO
capture_0056.pgm,104,28,742,24,22,24,0.2347,24.0,0.2347,390,1.000,1.000,8,-1,0.4660,0.3179,0.5641,NO
capture_0056.pgm,105,231,745,22,23,23,0.2249,23.0,0.2249,375,1.000,1.000,8,1,0.4503,0.3486,0.5694,NO
capture_0056.pgm,106,850,744,23,22,23,0.2249,23.0,0.2249,368,1.000,1.000,8,8,-0.4999,-0.0736,0.5053,NO
capture_0056.pgm,107,1048,747,23,23,23,0.2249,23.0,0.2249,375,1.000,1.000,8,9,0.4363,0.3737,0.5745,NO
capture_0056.pgm,108,445,750,23,25,25,0.2445,25.0,0.2445,437,1.000,1.000,8,4,-0.4587,-0.0177,0.4590,NO
capture_0056.pgm,109,1150,783,22,21,22,0.2152,22.0,0.2152,338,1.000,1.000,8,10,0.4331,0.3092,0.5321,NO
capture_0056.pgm,110,537,784,22,22,22,0.2152,22.0,0.2152,353,1.000,1.000,8,4,0.4411,0.3148,0.5419,NO
capture_0056.pgm,111,743,784,21,21,21,0.2054,21.0,0.2054,317,1.000,1.000,8,6,0.4547,0.3162,0.5538,NO
capture_0056.pgm,112,337,789,22,25,25,0.2445,25.0,0.2445,419,1.000,1.000,8,2,0.4861,0.3623,0.6063,NO
capture_0056.pgm,113,948,792,21,22,22,0.2152,22.0,0.2152,338,1.000,1.000,8,8,0.4586,0.3958,0.6058,NO
capture_0056.pgm,114,136,796,23,24,24,0.2347,24.0,0.2347,407,1.000,1.000,9,1,-0.4794,-0.0035,0.4794,NO
capture_0056.pgm,115,848,826,22,22,22,0.2152,22.0,0.2152,360,1.000,1.000,9,7,0.4808,0.2941,0.5636,NO
capture_0056.pgm,116,1253,827,25,23,25,0.2445,25.0,0.2445,430,1.000,1.000,9,11,0.4396,0.3066,0.5360,NO
capture_0056.pgm,117,641,828,25,23,25,0.2445,25.0,0.2445,427,1.000,1.000,9,5,0.4574,0.3122,0.5538,NO
capture_0056.pgm,118,228,829,24,22,24,0.2347,24.0,0.2347,387,1.000,1.000,9,1,0.4203,0.3193,0.5278,NO
capture_0056.pgm,119,30,831,23,22,23,0.2249,23.0,0.2249,375,1.000,1.000,9,-1,0.4849,0.3375,0.5908,NO
capture_0056.pgm,120,1053,832,21,22,22,0.2152,22.0,0.2152,338,1.000,1.000,9,9,0.4846,0.3541,0.6002,NO
capture_0056.pgm,121,442,833,21,22,22,0.2152,22.0,0.2152,338,1.000,1.000,9,4,-0.4886,-0.0568,0.4919,NO
capture_0056.pgm,122,541,871,21,23,23,0.2249,23.0,0.2249,359,1.000,1.000,9,4,0.4796,0.3148,0.5737,NO
capture_0056.pgm,123,1151,870,24,22,24,0.2347,24.0,0.2347,387,1.000,1.000,9,10,0.4423,0.3092,0.5396,NO
capture_0056.pgm,124,744,872,22,23,23,0.2249,23.0,0.2249,375,1.000,1.000,9,6,0.4639,0.3260,0.5670,NO
capture_0056.pgm,125,330,874,24,24,24,0.2347,24.0,0.2347,431,1.000,1.000,9,2,0.4171,0.3428,0.5399,NO
capture_0056.pgm,126,952,875,21,23,23,0.2249,23.0,0.2249,359,1.000,1.000,9,8,0.4971,0.3567,0.6118,NO
capture_0056.pgm,127,131,876,24,23,24,0.2347,24.0,0.2347,418,1.000,1.000,9,0,0.4719,0.3610,0.5941,NO
capture_0056.pgm,128,850,915,22,23,23,0.2249,23.0,0.2249,375,1.000,1.000,10,7,0.4998,0.3136,0.5900,NO
capture_0056.pgm,129,642,916,23,23,23,0.2249,23.0,0.2249,388,1.000,1.000,10,5,0.4666,0.3220,0.5669,NO
capture_0056.pgm,130,25,919,26,23,26,0.2543,26.0,0.2543,432,1.000,1.000,10,-1,0.4355,0.3472,0.5569,NO
capture_0056.pgm,131,1049,918,21,22,22,0.2152,22.0,0.2152,338,1.000,1.000,10,9,0.4449,0.3443,0.5626,NO
capture_0056.pgm,132,233,919,21,21,21,0.2054,21.0,0.2054,317,1.000,1.000,10,1,0.4686,0.3486,0.5841,NO
capture_0056.pgm,133,443,922,25,24,25,0.2445,25.0,0.2445,451,1.000,1.000,10,4,-0.4794,-0.0373,0.4808,NO
capture_0056.pgm,134,1257,921,21,22,22,0.2152,22.0,0.2152,338,1.000,1.000,10,11,0.4781,0.3750,0.6077,NO
capture_0056.pgm,135,544,958,22,23,23,0.2249,23.0,0.2249,375,1.000,1.000,11,5,-0.4924,-0.1181,0.5064,NO
capture_0056.pgm,136,1150,960,24,23,24,0.2347,24.0,0.2347,407,1.000,1.000,10,10,0.4319,0.3385,0.5488,NO
capture_0056.pgm,137,131,962,24,26,26,0.2543,26.0,0.2543,461,1.000,1.000,10,0,0.4713,0.3512,0.5878,NO
capture_0056.pgm,138,955,963,22,24,24,0.2347,24.0,0.2347,390,1.000,1.000,11,9,-0.4750,-0.0664,0.4796,NO
capture_0056.pgm,139,745,963,22,21,22,0.2152,22.0,0.2152,338,1.000,1.000,10,6,0.4731,0.3651,0.5976,NO
capture_0056.pgm,140,336,966,24,26,26,0.2543,26.0,0.2543,456,1.000,1.000,10,2,0.4752,0.3917,0.6158,NO
capture_0056.pgm,141,233,1004,23,25,25,0.2445,25.0,0.2445,427,1.000,1.000,11,1,0.4681,0.3291,0.5722,NO
capture_0056.pgm,142,1259,1006,22,24,24,0.2347,24.0,0.2347,390,1.000,1.000,11,11,0.4971,0.3555,0.6111,NO
capture_0056.pgm,143,856,1007,23,23,23,0.2249,23.0,0.2249,395,1.000,1.000,11,8,-0.4429,-0.0541,0.4462,NO
capture_0056.pgm,144,1055,1007,24,24,24,0.2347,24.0,0.2347,431,1.000,1.000,11,10,-0.4978,-0.0527,0.5005,NO
capture_0056.pgm,145,28,1009,25,26,26,0.2543,26.0,0.2543,474,1.000,1.000,11,-1,0.4642,0.3766,0.5977,NO
capture_0056.pgm,146,442,1008,23,25,25,0.2445,25.0,0.2445,426,1.000,1.000,11,4,-0.4898,-0.0470,0.4920,NO
capture_0056.pgm,147,647,1009,22,24,24,0.2347,24.0,0.2347,390,1.000,1.000,11,6,-0.4859,-0.0359,0.4872,NO
capture_0056.pgm,SUMMARY,,,,,,,,,,,,,,,,,
capture_0056.pgm,Count,147,,,,,,,,,,,,,,,
capture_0056.pgm,Missed,16,,,,,,,,,,,,,,,
capture_0056.pgm,Mean,,,,,,,,0.2279,,,,,,,,
capture_0056.pgm,Median,,,,,,,,0.2249,,,,,,,,
capture_0056.pgm,StdDev,,,,,,,,0.0126,,,,,,,,
capture_0056.pgm,Min,,,,,,,,0.2054,,,,,,,,
capture_0056.pgm,Max,,,,,,,,0.2641,,,,,,,,
capture_0057.pgm,1,848,24,21,22,22,0.2152,22.0,0.2152,338,1.000,1.000,0,7,0.4861,0.1082,0.4980,NO
capture_0057.pgm,2,1047,27,24,23,24,0.2347,24.0,0.2347,414,1.000,1.000,0,9,0.4312,0.1389,0.4531,NO
capture_0057.pgm,3,642,29,21,21,21,0.2054,21.0,0.2054,317,1.000,1.000,0,5,0.4724,0.1558,0.4974,NO
capture_0057.pgm,4,230,31,23,22,23,0.2249,23.0,0.2249,375,1.000,1.000,0,1,0.4452,0.1726,0.4774,NO
capture_0057.pgm,5,29,34,22,23,23,0.2249,23.0,0.2249,368,1.000,1.000,0,-1,0.4804,0.2005,0.5206,NO
capture_0057.pgm,6,434,37,26,24,26,0.2543,26.0,0.2543,449,1.000,1.000,0,3,0.4392,0.2326,0.4970,NO
capture_0057.pgm,7,743,71,22,22,22,0.2152,22.0,0.2152,353,1.000,1.000,0,6,0.4594,0.1499,0.4832,NO
capture_0057.pgm,8,1148,73,22,22,22,0.2152,22.0,0.2152,360,1.000,1.000,0,10,0.4182,0.1722,0.4523,NO
capture_0057.pgm,9,132,75,22,23,23,0.2249,23.0,0.2249,368,1.000,1.000,0,0,0.4869,0.1849,0.5209,NO
capture_0057.pgm,10,335,74,22,22,22,0.2152,22.0,0.2152,353,1.000,1.000,0,2,0.4712,0.1765,0.5032,NO
capture_0057.pgm,11,544,75,24,24,24,0.2347,24.0,0.2347,409,1.000,1.000,1,5,-0.4866,-0.2452,0.5449,NO
capture_0057.pgm,12,945,74,21,22,22,0.2152,22.0,0.2152,338,1.000,1.000,0,8,0.4339,0.1806,0.4700,NO
capture_0057.pgm,13,648,113,24,23,24,0.2347,24.0,0.2347,406,1.000,1.000,1,6,-0.4703,-0.2902,0.5526,NO
capture_0057.pgm,14,433,115,23,24,24,0.2347,24.0,0.2347,399,1.000,1.000,1,3,0.4289,0.1446,0.4526,NO
capture_0057.pgm,15,1048,115,22,21,22,0.2152,22.0,0.2152,338,1.000,1.000,1,9,0.4404,0.1487,0.4649,NO
capture_0057.pgm,16,234,118,21,21,21,0.2054,21.0,0.2054,317,1.000,1.000,1,1,0.4837,0.1726,0.5136,NO
capture_0057.pgm,17,29,120,21,21,21,0.2054,21.0,0.2054,317,1.000,1.000,1,-1,0.4798,0.1908,0.5164,NO
capture_0057.pgm,18,852,122,22,24,24,0.2347,24.0,0.2347,397,1.000,1.000,1,8,-0.4762,-0.2008,0.5168,NO
capture_0057.pgm,19,946,158,21,22,22,0.2152,22.0,0.2152,338,1.000,1.000,1,8,0.4431,0.1513,0.4682,NO
capture_0057.pgm,20,127,162,21,21,21,0.2054,21.0,0.2054,317,1.000,1.000,1,0,0.4375,0.1849,0.4749,NO
capture_0057.pgm,21,334,162,23,22,23,0.2249,23.0,0.2249,368,1.000,1.000,1,2,0.4609,0.1863,0.4971,NO
capture_0057.pgm,22,745,163,21,21,21,0.2054,21.0,0.2054,317,1.000,1.000,1,6,0.4784,0.1988,0.5180,NO
capture_0057.pgm,23,539,166,22,22,22,0.2152,22.0,0.2152,346,1.000,1.000,1,4,0.4647,0.2268,0.5171,NO
capture_0057.pgm,24,1151,166,22,22,22,0.2152,22.0,0.2152,353,1.000,1.000,1,10,0.4470,0.2309,0.5031,NO
capture_0057.pgm,25,1048,203,25,22,25,0.2445,25.0,0.2445,412,1.000,1.000,2,9,0.4398,0.1585,0.4675,NO
capture_0057.pgm,26,1251,203,22,22,22,0.2152,22.0,0.2152,346,1.000,1.000,2,11,0.4241,0.1599,0.4533,NO
capture_0057.pgm,27,643,204,22,21,22,0.2152,22.0,0.2152,338,1.000,1.000,2,5,0.4810,0.1655,0.5087,NO
capture_0057.pgm,28,848,204,21,21,21,0.2054,21.0,0.2054,317,1.000,1.000,2,7,0.4849,0.1669,0.5128,NO
capture_0057.pgm,29,28,205,23,21,23,0.2249,23.0,0.2249,359,1.000,1.000,2,-1,0.4695,0.1712,0.4997,NO
capture_0057.pgm,30,434,207,23,24,24,0.2347,24.0,0.2347,421,1.000,1.000,2,3,0.4381,0.1935,0.4789,NO
capture_0057.pgm,31,230,208,21,21,21,0.2054,21.0,0.2054,317,1.000,1.000,2,1,0.4440,0.2019,0.4877,NO
capture_0057.pgm,32,947,244,22,21,22,0.2152,22.0,0.2152,338,1.000,1.000,2,8,0.4523,0.1415,0.4739,NO
capture_0057.pgm,33,332,249,23,23,23,0.2249,23.0,0.2249,398,1.000,1.000,2,2,0.4407,0.1863,0.4785,NO
capture_0057.pgm,34,132,249,24,22,24,0.2347,24.0,0.2347,390,1.000,1.000,2,0,0.4858,0.1849,0.5198,NO
capture_0057.pgm,35,747,251,22,23,23,0.2249,23.0,0.2249,368,1.000,1.000,2,6,0.4973,0.2086,0.5393,NO
capture_0057.pgm,36,547,253,22,23,23,0.2249,23.0,0.2249,375,1.000,1.000,3,5,-0.4584,-0.2061,0.5026,NO
capture_0057.pgm,37,642,286,22,21,22,0.2152,22.0,0.2152,338,1.000,1.000,3,5,0.4707,0.1166,0.4849,NO
capture_0057.pgm,38,232,292,22,22,22,0.2152,22.0,0.2152,353,1.000,1.000,3,1,0.4630,0.1726,0.4941,NO
capture_0057.pgm,39,845,292,22,22,22,0.2152,22.0,0.2152,346,1.000,1.000,3,7,0.4550,0.1767,0.4881,NO
capture_0057.pgm,40,436,293,21,21,21,0.2054,21.0,0.2054,317,1.000,1.000,3,3,0.4570,0.1837,0.4926,NO
capture_0057.pgm,41,33,296,24,25,25,0.2445,25.0,0.2445,445,1.000,1.000,3,0,-0.4830,-0.2063,0.5252,NO
capture_0057.pgm,42,1048,294,23,21,23,0.2249,23.0,0.2249,359,1.000,1.000,3,9,0.4393,0.1976,0.4817,NO
capture_0057.pgm,43,1253,296,23,24,24,0.2347,24.0,0.2347,406,1.000,1.000,3,11,0.4431,0.2186,0.4941,NO
capture_0057.pgm,44,741,331,22,22,22,0.2152,22.0,0.2152,353,1.000,1.000,3,6,0.4381,0.1401,0.4600,NO
capture_0057.pgm,45,950,333,25,24,25,0.2445,25.0,0.2445,437,1.000,1.000,3,8,0.4811,0.1611,0.5073,NO
capture_0057.pgm,46,336,337,22,22,22,0.2152,22.0,0.2152,353,1.000,1.000,3,2,0.4793,0.1961,0.5178,NO
capture_0057.pgm,47,127,338,22,22,22,0.2152,22.0,0.2152,346,1.000,1.000,3,0,0.4363,0.2045,0.4818,NO
capture_0057.pgm,48,1156,341,22,23,23,0.2249,23.0,0.2249,382,1.000,1.000,3,10,0.4947,0.2407,0.5501,NO
capture_0057.pgm,49,539,342,24,23,24,0.2347,24.0,0.2347,407,1.000,1.000,3,4,0.4636,0.2464,0.5250,NO
capture_0057.pgm,50,635,373,25,22,25,0.2445,25.0,0.2445,409,1.000,1.000,4,5,0.4016,0.1166,0.4182,NO
capture_0057.pgm,51,233,376,24,23,24,0.2347,24.0,0.2347,400,1.000,1.000,4,1,0.4722,0.1432,0.4934,NO
capture_0057.pgm,52,844,378,22,22,22,0.2152,22.0,0.2152,353,1.000,1.000,4,7,0.4446,0.1669,0.4749,NO
capture_0057.pgm,53,1255,379,21,22,22,0.2152,22.0,0.2152,338,1.000,1.000,4,11,0.4621,0.1794,0.4957,NO
capture_0057.pgm,54,437,382,23,25,25,0.2445,25.0,0.2445,417,1.000,1.000,4,3,0.4662,0.2033,0.5086,NO
capture_0057.pgm,55,30,386,25,24,25,0.2445,25.0,0.2445,454,1.000,1.000,4,-1,0.4879,0.2397,0.5435,NO
capture_0057.pgm,56,944,417,23,22,23,0.2249,23.0,0.2249,375,1.000,1.000,4,8,0.4218,0.1317,0.4419,NO
capture_0057.pgm,57,741,419,22,21,22,0.2152,22.0,0.2152,338,1.000,1.000,4,6,0.4375,0.1499,0.4625,NO
capture_0057.pgm,58,539,421,24,24,24,0.2347,24.0,0.2347,421,1.000,1.000,4,4,0.4630,0.1681,0.4926,NO
capture_0057.pgm,59,1149,421,22,22,22,0.2152,22.0,0.2152,353,1.000,1.000,4,10,0.4256,0.1722,0.4592,NO
capture_0057.pgm,60,137,422,26,22,26,0.2543,26.0,0.2543,422,1.000,1.000,5,1,-0.4673,-0.2577,0.5337,NO
capture_0057.pgm,61,335,423,22,24,24,0.2347,24.0,0.2347,390,1.000,1.000,4,2,0.4689,0.1863,0.5046,NO
capture_0057.pgm,62,842,463,24,24,24,0.2347,24.0,0.2347,428,1.000,1.000,5,7,0.4245,0.1474,0.4493,NO
capture_0057.pgm,63,29,464,22,22,22,0.2152,22.0,0.2152,353,1.000,1.000,5,-1,0.4775,0.1516,0.5010,NO
capture_0057.pgm,64,640,465,22,23,23,0.2249,23.0,0.2249,375,1.000,1.000,5,5,0.4499,0.1655,0.4794,NO
capture_0057.pgm,65,1051,464,22,22,22,0.2152,22.0,0.2152,353,1.000,1.000,5,9,0.4674,0.1585,0.4936,NO
capture_0057.pgm,66,438,466,23,23,23,0.2249,23.0,0.2249,391,1.000,1.000,5,3,0.4754,0.1739,0.5062,NO
capture_0057.pgm,67,1255,465,23,23,23,0.2249,23.0,0.2249,388,1.000,1.000,5,11,0.4615,0.1697,0.4917,NO
capture_0057.pgm,68,233,467,22,22,22,0.2152,22.0,0.2152,346,1.000,1.000,5,1,0.4716,0.1823,0.5056,NO
capture_0057.pgm,69,748,504,23,21,23,0.2249,23.0,0.2249,359,1.000,1.000,6,7,-0.4954,-0.3025,0.5805,NO
capture_0057.pgm,70,1150,506,24,23,24,0.2347,24.0,0.2347,403,1.000,1.000,5,10,0.4348,0.1527,0.4609,NO
capture_0057.pgm,71,539,508,22,22,22,0.2152,22.0,0.2152,360,1.000,1.000,5,4,0.4624,0.1681,0.4920,NO
capture_0057.pgm,72,131,509,21,21,21,0.2054,21.0,0.2054,317,1.000,1.000,5,0,0.4742,0.1751,0.5056,NO
capture_0057.pgm,73,330,509,24,22,24,0.2347,24.0,0.2347,390,1.000,1.000,5,2,0.4194,0.1765,0.4551,NO
capture_0057.pgm,74,945,512,22,22,22,0.2152,22.0,0.2152,360,1.000,1.000,5,8,0.4310,0.2100,0.4794,NO
capture_0057.pgm,75,1049,550,23,22,23,0.2249,23.0,0.2249,368,1.000,1.000,6,9,0.4473,0.1487,0.4714,NO
capture_0057.pgm,76,844,551,22,23,23,0.2249,23.0,0.2249,375,1.000,1.000,6,7,0.4434,0.1571,0.4704,NO
capture_0057.pgm,77,436,552,22,22,22,0.2152,22.0,0.2152,353,1.000,1.000,6,3,0.4553,0.1642,0.4840,NO
capture_0057.pgm,78,235,554,22,21,22,0.2152,22.0,0.2152,338,1.000,1.000,6,1,0.4905,0.1824,0.5233,NO
capture_0057.pgm,79,1249,554,23,21,23,0.2249,23.0,0.2249,359,1.000,1.000,6,11,0.4022,0.1892,0.4445,NO
capture_0057.pgm,80,640,556,22,23,23,0.2249,23.0,0.2249,375,1.000,1.000,6,5,0.4494,0.2047,0.4938,NO
capture_0057.pgm,81,27,557,26,23,26,0.2543,26.0,0.2543,442,1.000,1.000,6,-1,0.4574,0.2103,0.5034,NO
capture_0057.pgm,82,1152,590,22,22,22,0.2152,22.0,0.2152,353,1.000,1.000,6,10,0.4538,0.1233,0.4703,NO
capture_0057.pgm,83,130,596,23,21,23,0.2249,23.0,0.2249,359,1.000,1.000,6,0,0.4639,0.1751,0.4958,NO
capture_0057.pgm,84,345,597,25,24,25,0.2445,25.0,0.2445,447,1.000,1.000,7,3,-0.4353,-0.2466,0.5003,NO
capture_0057.pgm,85,739,598,24,22,24,0.2347,24.0,0.2347,390,1.000,1.000,6,6,0.4168,0.1988,0.4618,NO
capture_0057.pgm,86,946,599,24,24,24,0.2347,24.0,0.2347,419,1.000,1.000,6,8,0.4402,0.2100,0.4877,NO
capture_0057.pgm,87,540,600,23,22,23,0.2249,23.0,0.2249,382,1.000,1.000,6,4,0.4716,0.2170,0.5191,NO
capture_0057.pgm,88,1250,638,27,22,27,0.2641,27.0,0.2641,453,1.000,1.000,7,11,0.4114,0.1599,0.4414,NO
capture_0057.pgm,89,843,639,21,22,22,0.2152,22.0,0.2152,338,1.000,1.000,7,7,0.4331,0.1669,0.4641,NO
capture_0057.pgm,90,234,641,23,23,23,0.2249,23.0,0.2249,388,1.000,1.000,7,1,0.4802,0.1824,0.5136,NO
capture_0057.pgm,91,643,641,21,23,23,0.2249,23.0,0.2249,359,1.000,1.000,7,5,0.4781,0.1851,0.5127,NO
capture_0057.pgm,92,27,642,24,25,25,0.2445,25.0,0.2445,452,1.000,1.000,7,-1,0.4568,0.1908,0.4950,NO
capture_0057.pgm,93,1052,642,23,22,23,0.2249,23.0,0.2249,368,1.000,1.000,7,9,0.4760,0.1976,0.5154,NO
capture_0057.pgm,94,432,643,21,21,21,0.2054,21.0,0.2054,317,1.000,1.000,7,3,0.4156,0.2033,0.4626,NO
capture_0057.pgm,95,336,679,22,25,25,0.2445,25.0,0.2445,404,1.000,1.000,7,2,0.4769,0.1374,0.4963,NO
capture_0057.pgm,96,1151,679,23,22,23,0.2249,23.0,0.2249,375,1.000,1.000,7,10,0.4434,0.1429,0.4659,NO
capture_0057.pgm,97,131,684,24,23,24,0.2347,24.0,0.2347,400,1.000,1.000,7,0,0.4731,0.1849,0.5079,NO
capture_0057.pgm,98,540,683,22,23,23,0.2249,23.0,0.2249,375,1.000,1.000,7,4,0.4710,0.1779,0.5035,NO
capture_0057.pgm,99,742,686,21,21,21,0.2054,21.0,0.2054,317,1.000,1.000,7,6,0.4455,0.2086,0.4919,NO
capture_0057.pgm,100,949,689,22,25,25,0.2445,25.0,0.2445,419,1.000,1.000,7,8,0.4689,0.2393,0.5265,NO
capture_0057.pgm,101,838,725,23,23,23,0.2249,23.0,0.2249,388,1.000,1.000,8,7,0.3836,0.1571,0.4145,NO
capture_0057.pgm,102,30,727,24,24,24,0.2347,24.0,0.2347,430,1.000,1.000,8,-1,0.4855,0.1712,0.5148,NO
capture_0057.pgm,103,1050,727,22,24,24,0.2347,24.0,0.2347,387,1.000,1.000,8,9,0.4559,0.1781,0.4894,NO
capture_0057.pgm,104,437,728,24,23,24,0.2347,24.0,0.2347,407,1.000,1.000,8,3,0.4639,0.1837,0.4989,NO
capture_0057.pgm,105,640,728,21,21,21,0.2054,21.0,0.2054,317,1.000,1.000,8,5,0.4482,0.1851,0.4849,NO
capture_0057.pgm,106,234,731,23,23,23,0.2249,23.0,0.2249,391,1.000,1.000,8,1,0.4796,0.2117,0.5242,NO
capture_0057.pgm,107,1256,731,22,23,23,0.2249,23.0,0.2249,375,1.000,1.000,8,11,0.4695,0.2186,0.5179,NO
capture_0057.pgm,108,1150,767,25,23,25,0.2445,25.0,0.2445,430,1.000,1.000,8,10,0.4331,0.1527,0.4592,NO
capture_0057.pgm,109,335,768,23,24,24,0.2347,24.0,0.2347,414,1.000,1.000,8,2,0.4666,0.1570,0.4923,NO
capture_0057.pgm,110,745,770,22,23,23,0.2249,23.0,0.2249,382,1.000,1.000,8,6,0.4743,0.1793,0.5070,NO
capture_0057.pgm,111,945,769,21,22,22,0.2152,22.0,0.2152,338,1.000,1.000,8,8,0.4292,0.1709,0.4620,NO
capture_0057.pgm,112,131,772,22,22,22,0.2152,22.0,0.2152,353,1.000,1.000,8,0,0.4725,0.1947,0.5110,NO
capture_0057.pgm,113,541,772,21,22,22,0.2152,22.0,0.2152,338,1.000,1.000,8,4,0.4802,0.1975,0.5192,NO
capture_0057.pgm,114,1252,812,22,22,22,0.2152,22.0,0.2152,353,1.000,1.000,9,11,0.4298,0.1599,0.4586,NO
capture_0057.pgm,115,232,814,23,23,23,0.2249,23.0,0.2249,391,1.000,1.000,9,1,0.4595,0.1726,0.4908,NO
capture_0057.pgm,116,847,815,21,23,23,0.2249,23.0,0.2249,359,1.000,1.000,9,7,0.4710,0.1865,0.5066,NO
capture_0057.pgm,117,1050,815,23,24,24,0.2347,24.0,0.2347,398,1.000,1.000,9,9,0.4553,0.1879,0.4925,NO
capture_0057.pgm,118,438,815,23,22,23,0.2249,23.0,0.2249,382,1.000,1.000,9,3,0.4731,0.1837,0.5075,NO
capture_0057.pgm,119,634,816,22,21,22,0.2152,22.0,0.2152,338,1.000,1.000,9,5,0.3889,0.1949,0.4350,NO
capture_0057.pgm,120,30,818,24,23,24,0.2347,24.0,0.2347,399,1.000,1.000,9,-1,0.4849,0.2103,0.5286,NO
capture_0057.pgm,121,339,856,23,23,23,0.2249,23.0,0.2249,391,1.000,1.000,10,3,-0.4957,-0.2662,0.5626,NO
capture_0057.pgm,122,948,857,21,22,22,0.2152,22.0,0.2152,338,1.000,1.000,9,8,0.4580,0.1806,0.4923,NO
capture_0057.pgm,123,1154,861,23,25,25,0.2445,25.0,0.2445,421,1.000,1.000,9,10,0.4716,0.2211,0.5209,NO
capture_0057.pgm,124,134,861,23,23,23,0.2249,23.0,0.2249,383,1.000,1.000,10,1,-0.4996,-0.2186,0.5453,NO
capture_0057.pgm,125,544,863,23,25,25,0.2445,25.0,0.2445,426,1.000,1.000,10,5,-0.4919,-0.1963,0.5296,NO
capture_0057.pgm,126,743,862,22,23,23,0.2249,23.0,0.2249,368,1.000,1.000,9,6,0.4541,0.2282,0.5082,NO
capture_0057.pgm,127,1048,897,24,22,24,0.2347,24.0,0.2347,390,1.000,1.000,10,9,0.4352,0.1390,0.4568,NO
capture_0057.pgm,128,1255,898,24,23,24,0.2347,24.0,0.2347,407,1.000,1.000,10,11,0.4586,0.1501,0.4825,NO
capture_0057.pgm,129,845,900,23,23,23,0.2249,23.0,0.2249,398,1.000,1.000,10,7,0.4509,0.1669,0.4808,NO
capture_0057.pgm,130,437,901,22,22,22,0.2152,22.0,0.2152,346,1.000,1.000,10,3,0.4627,0.1739,0.4943,NO
capture_0057.pgm,131,236,904,23,24,24,0.2347,24.0,0.2347,406,1.000,1.000,10,1,0.4980,0.2019,0.5374,NO
capture_0057.pgm,132,642,903,21,22,22,0.2152,22.0,0.2152,338,1.000,1.000,10,5,0.4666,0.1949,0.5056,NO
capture_0057.pgm,133,27,906,26,24,26,0.2543,26.0,0.2543,460,1.000,1.000,10,-1,0.4550,0.2201,0.5054,NO
capture_0057.pgm,134,540,941,23,24,24,0.2347,24.0,0.2347,398,1.000,1.000,10,4,0.4693,0.1486,0.4922,NO
capture_0057.pgm,135,335,942,22,23,23,0.2249,23.0,0.2249,368,1.000,1.000,10,2,0.4654,0.1570,0.4912,NO
capture_0057.pgm,136,1152,943,23,23,23,0.2249,23.0,0.2249,398,1.000,1.000,10,10,0.4515,0.1722,0.4832,NO
capture_0057.pgm,137,949,945,21,22,22,0.2152,22.0,0.2152,338,1.000,1.000,10,8,0.4672,0.1904,0.5045,NO
capture_0057.pgm,138,131,947,23,23,23,0.2249,23.0,0.2249,391,1.000,1.000,10,0,0.4713,0.2045,0.5138,NO
capture_0057.pgm,139,745,946,21,21,21,0.2054,21.0,0.2054,317,1.000,1.000,10,6,0.4731,0.1988,0.5132,NO
capture_0057.pgm,140,1049,987,22,23,23,0.2249,23.0,0.2249,382,1.000,1.000,11,9,0.4444,0.1683,0.4752,NO
capture_0057.pgm,141,27,988,27,23,27,0.2641,27.0,0.2641,472,1.000,1.000,11,-1,0.4544,0.1712,0.4856,NO
capture_0057.pgm,142,848,989,21,23,23,0.2249,23.0,0.2249,359,1.000,1.000,11,7,0.4796,0.1865,0.5146,NO
capture_0057.pgm,143,232,990,24,24,24,0.2347,24.0,0.2347,431,1.000,1.000,11,1,0.4583,0.1921,0.4969,NO
capture_0057.pgm,144,435,990,23,24,24,0.2347,24.0,0.2347,398,1.000,1.000,11,3,0.4426,0.1935,0.4830,NO
capture_0057.pgm,145,642,990,23,23,23,0.2249,23.0,0.2249,375,1.000,1.000,11,5,0.4660,0.1949,0.5051,NO
capture_0057.pgm,146,1256,990,23,24,24,0.2347,24.0,0.2347,414,1.000,1.000,11,11,0.4678,0.1990,0.5083,NO
capture_0057.pgm,SUMMARY,,,,,,,,,,,,,,,,,
capture_0057.pgm,Count,146,,,,,,,,,,,,,,,
capture_0057.pgm,Missed,12,,,,,,,,,,,,,,,
capture_0057.pgm,Mean,,,,,,,,0.2257,,,,,,,,
capture_0057.pgm,Median,,,,,,,,0.2249,,,,,,,,
capture_0057.pgm,StdDev,,,,,,,,0.0126,,,,,,,,
capture_0057.pgm,Min,,,,,,,,0.2054,,,,,,,,
capture_0057.pgm,Max,,,,,,,,0.2641,,,,,,,,
capture_0058.pgm,1,639,15,22,23,23,0.2249,23.0,0.2249,368,1.000,1.000,0,5,0.4431,0.0188,0.4435,NO
capture_0058.pgm,2,1055,14,23,23,23,0.2249,23.0,0.2249,395,1.000,1.000,0,10,-0.4913,-0.4048,0.6366,NO
capture_0058.pgm,3,1254,14,23,23,23,0.2249,23.0,0.2249,390,1.000,1.000,0,11,0.4546,0.0132,0.4548,NO
capture_0058.pgm,4,437,16,24,25,25,0.2445,25.0,0.2445,447,1.000,1.000,0,3,0.4686,0.0272,0.4694,NO
capture_0058.pgm,5,29,16,21,22,22,0.2152,22.0,0.2152,338,1.000,1.000,0,-1,0.4804,0.0245,0.4810,NO
capture_0058.pgm,6,852,17,24,24,24,0.2347,24.0,0.2347,421,1.000,1.000,0,8,-0.4756,-0.3768,0.6068,NO
capture_0058.pgm,7,1153,51,22,23,23,0.2249,23.0,0.2249,365,1.000,1.000,0,10,0.4671,-0.0429,0.4691,NO
capture_0058.pgm,8,331,54,24,22,24,0.2347,24.0,0.2347,387,1.000,1.000,0,2,0.4321,-0.0191,0.4325,NO
capture_0058.pgm,9,537,56,24,24,24,0.2347,24.0,0.2347,422,1.000,1.000,0,4,0.4458,0.0019,0.4458,NO
capture_0058.pgm,10,739,57,26,22,26,0.2543,26.0,0.2543,441,1.000,1.000,0,6,0.4203,0.0130,0.4205,NO
capture_0058.pgm,11,128,60,22,22,22,0.2152,22.0,0.2152,353,1.000,1.000,0,0,0.4478,0.0382,0.4495,NO
capture_0058.pgm,12,845,99,22,22,22,0.2152,22.0,0.2152,353,1.000,1.000,1,7,0.4561,-0.0091,0.4562,NO
capture_0058.pgm,13,1054,99,21,22,22,0.2152,22.0,0.2152,338,1.000,1.000,1,9,0.4991,-0.0078,0.4992,NO
capture_0058.pgm,14,642,100,22,23,23,0.2249,23.0,0.2249,375,1.000,1.000,1,5,0.4718,-0.0007,0.4718,NO
capture_0058.pgm,15,1253,101,21,22,22,0.2152,22.0,0.2152,338,1.000,1.000,1,11,0.4443,0.0132,0.4445,NO
capture_0058.pgm,16,27,102,22,22,22,0.2152,22.0,0.2152,353,1.000,1.000,1,-1,0.4603,0.0147,0.4605,NO
capture_0058.pgm,17,237,102,23,23,23,0.2249,23.0,0.2249,384,1.000,1.000,1,2,-0.4878,-0.4005,0.6311,NO
capture_0058.pgm,18,436,104,22,23,23,0.2249,23.0,0.2249,368,1.000,1.000,1,3,0.4582,0.0370,0.4597,NO
capture_0058.pgm,19,1154,139,22,22,22,0.2152,22.0,0.2152,353,1.000,1.000,1,10,0.4763,-0.0331,0.4774,NO
capture_0058.pgm,20,944,141,21,21,21,0.2054,21.0,0.2054,317,1.000,1.000,1,8,0.4235,-0.0150,0.4238,NO
capture_0058.pgm,21,129,142,23,22,23,0.2249,23.0,0.2249,375,1.000,1.000,1,0,0.4570,-0.0107,0.4571,NO
capture_0058.pgm,22,537,142,21,21,21,0.2054,21.0,0.2054,317,1.000,1.000,1,4,0.4452,-0.0079,0.4452,NO
capture_0058.pgm,23,744,146,22,25,25,0.2445,25.0,0.2445,419,1.000,1.000,1,6,0.4686,0.0326,0.4697,NO
capture_0058.pgm,24,336,149,24,23,24,0.2347,24.0,0.2347,414,1.000,1.000,1,2,0.4804,0.0592,0.4841,NO
capture_0058.pgm,25,842,185,21,22,22,0.2152,22.0,0.2152,338,1.000,1.000,2,7,0.4262,-0.0189,0.4266,NO
capture_0058.pgm,26,637,187,22,23,23,0.2249,23.0,0.2249,368,1.000,1.000,2,5,0.4224,-0.0007,0.4224,NO
capture_0058.pgm,27,1055,186,22,22,22,0.2152,22.0,0.2152,346,1.000,1.000,2,10,-0.4925,-0.4243,0.6501,NO
capture_0058.pgm,28,1252,189,27,25,27,0.2641,27.0,0.2641,492,1.000,1.000,2,11,0.4339,0.0230,0.4345,NO
capture_0058.pgm,29,27,189,24,22,24,0.2347,24.0,0.2347,384,1.000,1.000,2,-1,0.4597,0.0147,0.4599,NO
capture_0058.pgm,30,233,189,23,23,23,0.2249,23.0,0.2249,398,1.000,1.000,2,1,0.4733,0.0161,0.4736,NO
capture_0058.pgm,31,436,190,22,21,22,0.2152,22.0,0.2152,338,1.000,1.000,2,3,0.4576,0.0272,0.4584,NO
capture_0058.pgm,32,537,229,22,25,25,0.2445,25.0,0.2445,404,1.000,1.000,2,4,0.4446,-0.0079,0.4447,NO
capture_0058.pgm,33,946,228,21,22,22,0.2152,22.0,0.2152,338,1.000,1.000,2,8,0.4425,-0.0150,0.4428,NO
capture_0058.pgm,34,742,231,24,22,24,0.2347,24.0,0.2347,387,1.000,1.000,2,6,0.4484,0.0130,0.4486,NO
capture_0058.pgm,35,338,233,22,22,22,0.2152,22.0,0.2152,353,1.000,1.000,2,2,0.4994,0.0298,0.5003,NO
capture_0058.pgm,36,127,235,22,22,22,0.2152,22.0,0.2152,353,1.000,1.000,2,0,0.4369,0.0480,0.4395,NO
capture_0058.pgm,37,440,272,22,22,22,0.2152,22.0,0.2152,353,1.000,1.000,3,3,0.4962,-0.0217,0.4966,NO
capture_0058.pgm,38,231,275,24,25,25,0.2445,25.0,0.2445,441,1.000,1.000,3,1,0.4532,0.0063,0.4532,NO
capture_0058.pgm,39,1252,274,23,22,23,0.2249,23.0,0.2249,365,1.000,1.000,3,11,0.4333,0.0034,0.4333,NO
capture_0058.pgm,40,31,276,23,23,23,0.2249,23.0,0.2249,398,1.000,1.000,3,-1,0.4982,0.0147,0.4984,NO
capture_0058.pgm,41,843,277,25,24,25,0.2445,25.0,0.2445,436,1.000,1.000,3,7,0.4354,0.0300,0.4364,NO
capture_0058.pgm,42,1053,277,21,21,21,0.2054,21.0,0.2054,317,1.000,1.000,3,9,0.4882,0.0314,0.4892,NO
capture_0058.pgm,43,1154,313,23,23,23,0.2249,23.0,0.2249,381,1.000,1.000,3,10,0.4751,-0.0331,0.4763,NO
capture_0058.pgm,44,945,316,24,23,24,0.2347,24.0,0.2347,404,1.000,1.000,3,8,0.4322,-0.0052,0.4322,NO
capture_0058.pgm,45,537,317,24,24,24,0.2347,24.0,0.2347,420,1.000,1.000,3,4,0.4440,0.0019,0.4440,NO
capture_0058.pgm,46,129,322,23,23,23,0.2249,23.0,0.2249,391,1.000,1.000,3,0,0.4559,0.0480,0.4584,NO
capture_0058.pgm,47,342,323,23,23,23,0.2249,23.0,0.2249,391,1.000,1.000,4,3,-0.4629,-0.3737,0.5949,NO
capture_0058.pgm,48,740,323,23,23,23,0.2249,23.0,0.2249,388,1.000,1.000,3,6,0.4283,0.0619,0.4327,NO
capture_0058.pgm,49,841,360,23,24,24,0.2347,24.0,0.2347,407,1.000,1.000,4,7,0.4153,-0.0091,0.4154,NO
capture_0058.pgm,50,1050,359,22,21,22,0.2152,22.0,0.2152,338,1.000,1.000,4,9,0.4582,-0.0175,0.4586,NO
capture_0058.pgm,51,26,360,22,22,22,0.2152,22.0,0.2152,360,1.000,1.000,4,-1,0.4487,-0.0146,0.4490,NO
capture_0058.pgm,52,641,361,23,21,23,0.2249,23.0,0.2249,359,1.000,1.000,4,5,0.4603,-0.0007,0.4603,NO
capture_0058.pgm,53,1248,363,25,23,25,0.2445,25.0,0.2445,421,1.000,1.000,4,11,0.3936,0.0230,0.3943,NO
capture_0058.pgm,54,233,363,23,22,23,0.2249,23.0,0.2249,368,1.000,1.000,4,1,0.4722,0.0161,0.4724,NO
capture_0058.pgm,55,436,364,22,21,22,0.2152,22.0,0.2152,338,1.000,1.000,4,3,0.4564,0.0272,0.4573,NO
capture_0058.pgm,56,1152,399,22,22,22,0.2152,22.0,0.2152,353,1.000,1.000,4,10,0.4550,-0.0429,0.4570,NO
capture_0058.pgm,57,333,401,22,23,23,0.2249,23.0,0.2249,365,1.000,1.000,4,2,0.4493,-0.0289,0.4503,NO
capture_0058.pgm,58,947,402,24,24,24,0.2347,24.0,0.2347,424,1.000,1.000,4,8,0.4511,-0.0150,0.4514,NO
capture_0058.pgm,59,743,402,22,22,22,0.2152,22.0,0.2152,360,1.000,1.000,4,6,0.4571,-0.0163,0.4573,NO
capture_0058.pgm,60,538,403,22,21,22,0.2152,22.0,0.2152,338,1.000,1.000,4,4,0.4532,-0.0079,0.4533,NO
capture_0058.pgm,61,124,410,26,24,26,0.2543,26.0,0.2543,445,1.000,1.000,4,0,0.4064,0.0578,0.4105,NO
capture_0058.pgm,62,29,449,24,24,24,0.2347,24.0,0.2347,422,1.000,1.000,5,-1,0.4775,0.0049,0.4775,NO
capture_0058.pgm,63,235,449,21,22,22,0.2152,22.0,0.2152,338,1.000,1.000,5,1,0.4911,0.0063,0.4912,NO
capture_0058.pgm,64,438,449,23,21,23,0.2249,23.0,0.2249,359,1.000,1.000,5,3,0.4754,0.0077,0.4755,NO
capture_0058.pgm,65,1049,450,22,21,22,0.2152,22.0,0.2152,338,1.000,1.000,5,9,0.4479,0.0216,0.4484,NO
capture_0058.pgm,66,843,451,23,22,23,0.2249,23.0,0.2249,368,1.000,1.000,5,7,0.4342,0.0300,0.4353,NO
capture_0058.pgm,67,639,454,22,22,22,0.2152,22.0,0.2152,346,1.000,1.000,5,5,0.4402,0.0580,0.4440,NO
capture_0058.pgm,68,749,484,22,24,24,0.2347,24.0,0.2347,394,1.000,1.000,5,7,-0.4851,0.3527,0.5998,NO
capture_0058.pgm,69,1153,490,23,22,23,0.2249,23.0,0.2249,382,1.000,1.000,5,10,0.4642,-0.0038,0.4642,NO
capture_0058.pgm,70,333,492,23,23,23,0.2249,23.0,0.2249,391,1.000,1.000,5,2,0.4488,0.0103,0.4489,NO
capture_0058.pgm,71,949,494,22,23,23,0.2249,23.0,0.2249,382,1.000,1.000,5,8,0.4701,0.0339,0.4713,NO
capture_0058.pgm,72,135,497,23,23,23,0.2249,23.0,0.2249,398,1.000,1.000,6,1,-0.4875,-0.3751,0.6151,NO
capture_0058.pgm,73,1256,528,24,23,24,0.2347,24.0,0.2347,391,1.000,1.000,6,11,0.4707,-0.0651,0.4752,NO
capture_0058.pgm,74,1053,529,22,22,22,0.2152,22.0,0.2152,346,1.000,1.000,6,9,0.4864,-0.0566,0.4897,NO
capture_0058.pgm,75,849,535,23,25,25,0.2445,25.0,0.2445,419,1.000,1.000,6,7,0.4923,0.0007,0.4923,NO
capture_0058.pgm,76,437,536,23,23,23,0.2249,23.0,0.2249,383,1.000,1.000,6,3,0.4651,0.0077,0.4651,NO
capture_0058.pgm,77,639,537,21,21,21,0.2054,21.0,0.2054,317,1.000,1.000,6,5,0.4396,0.0188,0.4400,NO
capture_0058.pgm,78,26,539,23,23,23,0.2249,23.0,0.2249,380,1.000,1.000,6,-1,0.4476,0.0343,0.4489,NO
capture_0058.pgm,79,235,542,23,24,24,0.2347,24.0,0.2347,394,1.000,1.000,6,1,0.4905,0.0650,0.4948,NO
capture_0058.pgm,80,1155,574,22,22,22,0.2152,22.0,0.2152,353,1.000,1.000,6,10,0.4832,-0.0331,0.4843,NO
capture_0058.pgm,81,132,577,23,22,23,0.2249,23.0,0.2249,375,1.000,1.000,6,0,0.4834,-0.0107,0.4836,NO
capture_0058.pgm,82,336,578,22,24,24,0.2347,24.0,0.2347,404,1.000,1.000,6,2,0.4775,0.0005,0.4775,NO
capture_0058.pgm,83,947,578,23,23,23,0.2249,23.0,0.2249,383,1.000,1.000,6,8,0.4500,0.0046,0.4500,NO
capture_0058.pgm,84,745,579,23,22,23,0.2249,23.0,0.2249,368,1.000,1.000,6,6,0.4754,0.0130,0.4756,NO
capture_0058.pgm,85,544,586,23,25,25,0.2445,25.0,0.2445,430,1.000,1.000,7,5,-0.4901,-0.3528,0.6039,NO
capture_0058.pgm,86,1256,620,23,22,23,0.2249,23.0,0.2249,382,1.000,1.000,7,11,0.4701,-0.0162,0.4704,NO
capture_0058.pgm,87,1045,621,24,22,24,0.2347,24.0,0.2347,385,1.000,1.000,7,9,0.4076,-0.0077,0.4077,NO
capture_0058.pgm,88,439,623,23,23,23,0.2249,23.0,0.2249,384,1.000,1.000,7,3,0.4840,0.0077,0.4841,NO
capture_0058.pgm,89,844,624,22,24,24,0.2347,24.0,0.2347,404,1.000,1.000,7,7,0.4428,0.0202,0.4433,NO
capture_0058.pgm,90,234,624,22,22,22,0.2152,22.0,0.2152,353,1.000,1.000,7,1,0.4802,0.0161,0.4804,NO
capture_0058.pgm,91,24,627,25,24,25,0.2445,25.0,0.2445,425,1.000,1.000,7,-1,0.4274,0.0441,0.4297,NO
capture_0058.pgm,92,640,628,25,24,25,0.2445,25.0,0.2445,441,1.000,1.000,7,5,0.4488,0.0580,0.4525,NO
capture_0058.pgm,93,334,665,24,23,24,0.2347,24.0,0.2347,403,1.000,1.000,7,2,0.4574,0.0005,0.4574,NO
capture_0058.pgm,94,738,664,23,22,23,0.2249,23.0,0.2249,375,1.000,1.000,7,6,0.4064,-0.0065,0.4065,NO
capture_0058.pgm,95,945,665,23,23,23,0.2249,23.0,0.2249,398,1.000,1.000,7,8,0.4298,0.0046,0.4298,NO
capture_0058.pgm,96,538,668,22,22,22,0.2152,22.0,0.2152,353,1.000,1.000,7,4,0.4514,0.0312,0.4525,NO
capture_0058.pgm,97,135,671,24,25,25,0.2445,25.0,0.2445,431,1.000,1.000,8,1,-0.4886,-0.3751,0.6160,NO
capture_0058.pgm,98,29,706,23,22,23,0.2249,23.0,0.2249,375,1.000,1.000,8,-1,0.4757,-0.0342,0.4770,NO
capture_0058.pgm,99,438,708,22,25,25,0.2445,25.0,0.2445,419,1.000,1.000,8,3,0.4737,-0.0119,0.4738,NO
capture_0058.pgm,100,1045,708,22,22,22,0.2152,22.0,0.2152,360,1.000,1.000,8,9,0.4070,-0.0077,0.4071,NO
capture_0058.pgm,101,1258,709,22,23,23,0.2249,23.0,0.2249,368,1.000,1.000,8,11,0.4891,0.0034,0.4891,NO
capture_0058.pgm,102,641,712,23,23,23,0.2249,23.0,0.2249,383,1.000,1.000,8,5,0.4580,0.0286,0.4589,NO
capture_0058.pgm,103,845,711,22,22,22,0.2152,22.0,0.2152,353,1.000,1.000,8,7,0.4520,0.0202,0.4525,NO
capture_0058.pgm,104,234,713,22,21,22,0.2152,22.0,0.2152,338,1.000,1.000,8,1,0.4796,0.0357,0.4809,NO
capture_0058.pgm,105,1155,747,22,23,23,0.2249,23.0,0.2249,368,1.000,1.000,8,10,0.4820,-0.0429,0.4839,NO
capture_0058.pgm,106,746,750,23,23,23,0.2249,23.0,0.2249,377,1.000,1.000,8,6,0.4841,-0.0163,0.4843,NO
capture_0058.pgm,107,947,751,23,25,25,0.2445,25.0,0.2445,437,1.000,1.000,8,8,0.4488,-0.0052,0.4488,NO
capture_0058.pgm,108,132,751,24,22,24,0.2347,24.0,0.2347,397,1.000,1.000,8,0,0.4823,-0.0107,0.4824,NO
capture_0058.pgm,109,333,753,22,23,23,0.2249,23.0,0.2249,375,1.000,1.000,8,2,0.4470,0.0103,0.4471,NO
capture_0058.pgm,110,535,755,24,24,24,0.2347,24.0,0.2347,428,1.000,1.000,8,4,0.4215,0.0312,0.4227,NO
capture_0058.pgm,111,232,792,26,23,26,0.2543,26.0,0.2543,445,1.000,1.000,9,1,0.4595,-0.0426,0.4614,NO
capture_0058.pgm,112,438,795,23,24,24,0.2347,24.0,0.2347,407,1.000,1.000,9,3,0.4731,-0.0119,0.4732,NO
capture_0058.pgm,113,1051,794,21,22,22,0.2152,22.0,0.2152,338,1.000,1.000,9,9,0.4651,-0.0175,0.4654,NO
capture_0058.pgm,114,1258,795,22,23,23,0.2249,23.0,0.2249,375,1.000,1.000,9,11,0.4885,-0.0064,0.4885,NO
capture_0058.pgm,115,846,796,21,21,21,0.2054,21.0,0.2054,317,1.000,1.000,9,7,0.4612,0.0007,0.4612,NO
capture_0058.pgm,116,643,798,24,25,25,0.2445,25.0,0.2445,444,1.000,1.000,9,5,0.4769,0.0188,0.4773,NO
capture_0058.pgm,117,31,800,22,22,22,0.2152,22.0,0.2152,353,1.000,1.000,9,-1,0.4947,0.0343,0.4959,NO
capture_0058.pgm,118,1157,836,22,22,22,0.2152,22.0,0.2152,353,1.000,1.000,9,11,-0.4993,0.3946,0.6364,NO
capture_0058.pgm,119,746,838,23,25,25,0.2445,25.0,0.2445,429,1.000,1.000,9,6,0.4835,-0.0065,0.4835,NO
capture_0058.pgm,120,536,840,24,23,24,0.2347,24.0,0.2347,406,1.000,1.000,9,4,0.4307,0.0116,0.4309,NO
capture_0058.pgm,121,130,840,22,22,22,0.2152,22.0,0.2152,353,1.000,1.000,9,0,0.4621,0.0089,0.4622,NO
capture_0058.pgm,122,950,842,23,24,24,0.2347,24.0,0.2347,411,1.000,1.000,9,8,0.4775,0.0339,0.4787,NO
capture_0058.pgm,123,337,844,23,25,25,0.2445,25.0,0.2445,427,1.000,1.000,9,2,0.4855,0.0494,0.4880,NO
capture_0058.pgm,124,437,882,23,22,23,0.2249,23.0,0.2249,365,1.000,1.000,10,3,0.4627,-0.0119,0.4629,NO
capture_0058.pgm,125,846,882,22,23,23,0.2249,23.0,0.2249,375,1.000,1.000,10,7,0.4606,-0.0091,0.4607,NO
capture_0058.pgm,126,1255,882,25,23,25,0.2445,25.0,0.2445,419,1.000,1.000,10,11,0.4586,-0.0064,0.4586,NO
capture_0058.pgm,127,1049,886,23,25,25,0.2445,25.0,0.2445,430,1.000,1.000,10,9,0.4449,0.0314,0.4460,NO
capture_0058.pgm,128,28,887,23,23,23,0.2249,23.0,0.2249,380,1.000,1.000,10,-1,0.4648,0.0343,0.4661,NO
capture_0058.pgm,129,641,888,24,24,24,0.2347,24.0,0.2347,423,1.000,1.000,10,5,0.4568,0.0482,0.4593,NO
capture_0058.pgm,130,233,889,21,21,21,0.2054,21.0,0.2054,317,1.000,1.000,10,1,0.4686,0.0552,0.4719,NO
capture_0058.pgm,131,947,923,24,23,24,0.2347,24.0,0.2347,411,1.000,1.000,10,8,0.4476,-0.0247,0.4483,NO
capture_0058.pgm,132,337,926,23,24,24,0.2347,24.0,0.2347,414,1.000,1.000,10,2,0.4850,0.0005,0.4850,NO
capture_0058.pgm,133,539,926,23,24,24,0.2347,24.0,0.2347,414,1.000,1.000,10,4,0.4595,0.0019,0.4595,NO
capture_0058.pgm,134,746,927,22,23,23,0.2249,23.0,0.2249,382,1.000,1.000,10,6,0.4829,0.0130,0.4831,NO
capture_0058.pgm,135,128,927,23,22,23,0.2249,23.0,0.2249,375,1.000,1.000,10,0,0.4420,0.0089,0.4421,NO
capture_0058.pgm,136,1161,927,24,23,24,0.2347,24.0,0.2347,421,1.000,1.000,11,11,-0.4613,-0.4171,0.6219,NO
capture_0058.pgm,137,1252,966,24,23,24,0.2347,24.0,0.2347,413,1.000,1.000,11,11,0.4287,-0.0357,0.4301,NO
capture_0058.pgm,138,1049,967,24,23,24,0.2347,24.0,0.2347,411,1.000,1.000,11,9,0.4444,-0.0273,0.4452,NO
capture_0058.pgm,139,436,968,25,22,25,0.2445,25.0,0.2445,419,1.000,1.000,11,3,0.4524,-0.0217,0.4529,NO
capture_0058.pgm,140,32,974,23,26,26,0.2543,26.0,0.2543,449,1.000,1.000,11,0,-0.4975,-0.3823,0.6274,NO
capture_0058.pgm,141,229,973,24,24,24,0.2347,24.0,0.2347,427,1.000,1.000,11,1,0.4289,0.0259,0.4297,NO
capture_0058.pgm,142,641,972,22,22,22,0.2152,22.0,0.2152,346,1.000,1.000,11,5,0.4562,0.0188,0.4566,NO
capture_0058.pgm,143,845,973,23,22,23,0.2249,23.0,0.2249,368,1.000,1.000,11,7,0.4503,0.0300,0.4513,NO
capture_0058.pgm,144,1154,1010,23,24,24,0.2347,24.0,0.2347,414,1.000,1.000,11,10,0.4704,-0.0234,0.4710,NO
capture_0058.pgm,SUMMARY,,,,,,,,,,,,,,,,,
capture_0058.pgm,Count,144,,,,,,,,,,,,,,,
capture_0058.pgm,Missed,13,,,,,,,,,,,,,,,
capture_0058.pgm,Mean,,,,,,,,0.2276,,,,,,,,
capture_0058.pgm,Median,,,,,,,,0.2249,,,,,,,,
capture_0058.pgm,StdDev,,,,,,,,0.0118,,,,,,,,
capture_0058.pgm,Min,,,,,,,,0.2054,,,,,,,,
capture_0058.pgm,Max,,,,,,,,0.2641,,,,,,,,
capture_0059.pgm,1,948,37,22,22,22,0.2152,22.0,0.2152,353,1.000,1.000,0,8,0.4632,-0.1812,0.4974,NO
capture_0059.pgm,2,1156,37,21,21,21,0.2054,21.0,0.2054,317,1.000,1.000,0,10,0.4964,-0.1798,0.5280,NO
capture_0059.pgm,3,337,40,22,25,25,0.2445,25.0,0.2445,416,1.000,1.000,0,2,0.4908,-0.1560,0.5150,NO
capture_0059.pgm,4,126,41,25,23,25,0.2445,25.0,0.2445,420,1.000,1.000,0,0,0.4283,-0.1476,0.4530,NO
capture_0059.pgm,5,534,40,25,22,25,0.2445,25.0,0.2445,414,1.000,1.000,0,4,0.4164,-0.1546,0.4442,NO
capture_0059.pgm,6,740,42,23,24,24,0.2347,24.0,0.2347,411,1.000,1.000,0,6,0.4301,-0.1337,0.4504,NO
capture_0059.pgm,7,849,75,23,22,23,0.2249,23.0,0.2249,375,1.000,1.000,1,7,0.4953,-0.2438,0.5520,NO
capture_0059.pgm,8,1049,80,21,22,22,0.2152,22.0,0.2152,338,1.000,1.000,1,9,0.4502,-0.1936,0.4901,NO
capture_0059.pgm,9,38,81,24,23,24,0.2347,24.0,0.2347,414,1.000,1.000,0,0,-0.4324,0.2436,0.4963,NO
capture_0059.pgm,10,643,84,21,21,21,0.2054,21.0,0.2054,317,1.000,1.000,1,5,0.4816,-0.1572,0.5066,NO
capture_0059.pgm,11,1255,84,24,23,24,0.2347,24.0,0.2347,404,1.000,1.000,1,11,0.4638,-0.1531,0.4884,NO
capture_0059.pgm,12,233,86,23,23,23,0.2249,23.0,0.2249,377,1.000,1.000,1,1,0.4739,-0.1404,0.4943,NO
capture_0059.pgm,13,438,85,22,22,22,0.2152,22.0,0.2152,346,1.000,1.000,1,3,0.4778,-0.1488,0.5004,NO
capture_0059.pgm,14,331,123,23,22,23,0.2249,23.0,0.2249,365,1.000,1.000,1,2,0.4315,-0.1951,0.4736,NO
capture_0059.pgm,15,736,125,24,21,24,0.2347,24.0,0.2347,380,1.000,1.000,1,6,0.3903,-0.1728,0.4269,NO
capture_0059.pgm,16,951,125,21,21,21,0.2054,21.0,0.2054,317,1.000,1.000,1,8,0.4920,-0.1714,0.5210,NO
capture_0059.pgm,17,1148,127,21,21,21,0.2054,21.0,0.2054,317,1.000,1.000,1,10,0.4176,-0.1505,0.4439,NO
capture_0059.pgm,18,128,130,21,22,22,0.2152,22.0,0.2152,338,1.000,1.000,1,0,0.4472,-0.1280,0.4652,NO
capture_0059.pgm,19,1054,161,23,23,23,0.2249,23.0,0.2249,391,1.000,1.000,2,9,0.4985,-0.2522,0.5587,NO
capture_0059.pgm,20,435,168,23,22,23,0.2249,23.0,0.2249,375,1.000,1.000,2,3,0.4478,-0.1879,0.4857,NO
capture_0059.pgm,21,1256,170,23,24,24,0.2347,24.0,0.2347,398,1.000,1.000,2,11,0.4730,-0.1629,0.5003,NO
capture_0059.pgm,22,232,172,23,23,23,0.2249,23.0,0.2249,398,1.000,1.000,2,1,0.4635,-0.1502,0.4873,NO
capture_0059.pgm,23,842,172,23,22,23,0.2249,23.0,0.2249,365,1.000,1.000,2,7,0.4262,-0.1460,0.4505,NO
capture_0059.pgm,24,640,174,22,25,25,0.2445,25.0,0.2445,409,1.000,1.000,2,5,0.4517,-0.1279,0.4694,NO
capture_0059.pgm,25,30,176,22,23,23,0.2249,23.0,0.2249,365,1.000,1.000,2,-1,0.4890,-0.1124,0.5018,NO
capture_0059.pgm,26,339,213,23,23,23,0.2249,23.0,0.2249,385,1.000,1.000,2,3,-0.4910,0.2522,0.5520,NO
capture_0059.pgm,27,537,212,21,21,21,0.2054,21.0,0.2054,317,1.000,1.000,2,4,0.4446,-0.1742,0.4775,NO
capture_0059.pgm,28,1153,212,22,22,22,0.2152,22.0,0.2152,360,1.000,1.000,2,10,0.4659,-0.1701,0.4960,NO
capture_0059.pgm,29,738,214,24,21,24,0.2347,24.0,0.2347,380,1.000,1.000,2,6,0.4093,-0.1532,0.4371,NO
capture_0059.pgm,30,952,215,22,22,22,0.2152,22.0,0.2152,360,1.000,1.000,2,9,-0.4990,0.2759,0.5702,NO
capture_0059.pgm,31,129,216,24,22,24,0.2347,24.0,0.2347,387,1.000,1.000,2,0,0.4564,-0.1378,0.4768,NO
capture_0059.pgm,32,32,255,25,22,25,0.2445,25.0,0.2445,405,1.000,1.000,2,0,-0.4922,0.2436,0.5492,NO
capture_0059.pgm,33,436,255,23,22,23,0.2249,23.0,0.2249,368,1.000,1.000,3,3,0.4570,-0.1879,0.4942,NO
capture_0059.pgm,34,234,256,22,23,23,0.2249,23.0,0.2249,375,1.000,1.000,3,1,0.4825,-0.1795,0.5148,NO
capture_0059.pgm,35,638,256,21,21,21,0.2054,21.0,0.2054,317,1.000,1.000,3,5,0.4315,-0.1768,0.4663,NO
capture_0059.pgm,36,1253,257,22,23,23,0.2249,23.0,0.2249,375,1.000,1.000,3,11,0.4431,-0.1629,0.4721,NO
capture_0059.pgm,37,1054,257,23,22,23,0.2249,23.0,0.2249,375,1.000,1.000,3,9,0.4979,-0.1642,0.5243,NO
capture_0059.pgm,38,343,301,22,23,23,0.2249,23.0,0.2249,375,1.000,1.000,3,3,-0.4525,0.2620,0.5229,NO
capture_0059.pgm,39,539,301,22,22,22,0.2152,22.0,0.2152,353,1.000,1.000,3,4,0.4636,-0.1546,0.4887,NO
capture_0059.pgm,40,129,303,24,23,24,0.2347,24.0,0.2347,407,1.000,1.000,3,0,0.4559,-0.1378,0.4762,NO
capture_0059.pgm,41,949,305,22,23,23,0.2249,23.0,0.2249,368,1.000,1.000,3,8,0.4713,-0.1128,0.4846,NO
capture_0059.pgm,42,1155,304,22,22,22,0.2152,22.0,0.2152,360,1.000,1.000,3,10,0.4849,-0.1212,0.4998,NO
capture_0059.pgm,43,746,308,23,24,24,0.2347,24.0,0.2347,406,1.000,1.000,3,6,0.4870,-0.0848,0.4943,NO
capture_0059.pgm,44,1052,340,21,21,21,0.2054,21.0,0.2054,317,1.000,1.000,4,9,0.4778,-0.2033,0.5193,NO
capture_0059.pgm,45,636,345,21,21,21,0.2054,21.0,0.2054,317,1.000,1.000,4,5,0.4114,-0.1572,0.4404,NO
capture_0059.pgm,46,846,345,22,21,22,0.2152,22.0,0.2152,338,1.000,1.000,4,7,0.4642,-0.1558,0.4896,NO
capture_0059.pgm,47,30,346,23,22,23,0.2249,23.0,0.2249,382,1.000,1.000,4,-1,0.4879,-0.1515,0.5109,NO
capture_0059.pgm,48,234,349,24,25,25,0.2445,25.0,0.2445,440,1.000,1.000,4,1,0.4819,-0.1208,0.4969,NO
capture_0059.pgm,49,1259,348,23,23,23,0.2249,23.0,0.2249,405,1.000,1.000,3,12,-0.4990,0.3105,0.5877,NO
capture_0059.pgm,50,439,350,24,23,24,0.2347,24.0,0.2347,406,1.000,1.000,4,3,0.4858,-0.1097,0.4980,NO
capture_0059.pgm,51,534,386,26,22,26,0.2543,26.0,0.2543,426,1.000,1.000,4,4,0.4141,-0.1742,0.4492,NO
capture_0059.pgm,52,132,389,24,24,24,0.2347,24.0,0.2347,422,1.000,1.000,4,0,0.4846,-0.1476,0.5066,NO
capture_0059.pgm,53,337,389,23,23,23,0.2249,23.0,0.2249,390,1.000,1.000,4,2,0.4885,-0.1462,0.5099,NO
capture_0059.pgm,54,745,388,22,22,22,0.2152,22.0,0.2152,353,1.000,1.000,4,6,0.4766,-0.1532,0.5006,NO
capture_0059.pgm,55,951,390,22,22,22,0.2152,22.0,0.2152,360,1.000,1.000,4,8,0.4902,-0.1323,0.5078,NO
capture_0059.pgm,56,1156,390,25,23,25,0.2445,25.0,0.2445,429,1.000,1.000,4,10,0.4941,-0.1309,0.5112,NO
capture_0059.pgm,57,1051,427,23,23,23,0.2249,23.0,0.2249,388,1.000,1.000,5,9,0.4674,-0.2033,0.5097,NO
capture_0059.pgm,58,31,430,23,21,23,0.2249,23.0,0.2249,359,1.000,1.000,5,-1,0.4971,-0.1809,0.5289,NO
capture_0059.pgm,59,440,432,25,25,25,0.2445,25.0,0.2445,449,1.000,1.000,5,3,0.4950,-0.1586,0.5198,NO
capture_0059.pgm,60,847,433,22,23,23,0.2249,23.0,0.2249,368,1.000,1.000,5,7,0.4734,-0.1460,0.4954,NO
capture_0059.pgm,61,233,436,24,24,24,0.2347,24.0,0.2347,442,1.000,1.000,5,1,0.4716,-0.1208,0.4868,NO
capture_0059.pgm,62,335,471,22,21,22,0.2152,22.0,0.2152,338,1.000,1.000,5,2,0.4683,-0.1951,0.5073,NO
capture_0059.pgm,63,945,471,22,22,22,0.2152,22.0,0.2152,346,1.000,1.000,5,8,0.4310,-0.1910,0.4714,NO
capture_0059.pgm,64,1153,474,22,21,22,0.2152,22.0,0.2152,338,1.000,1.000,5,10,0.4642,-0.1603,0.4911,NO
capture_0059.pgm,65,131,477,24,25,25,0.2445,25.0,0.2445,444,1.000,1.000,5,0,0.4742,-0.1378,0.4939,NO
capture_0059.pgm,66,533,478,23,22,23,0.2249,23.0,0.2249,368,1.000,1.000,5,4,0.4037,-0.1253,0.4227,NO
capture_0059.pgm,67,748,479,21,21,21,0.2054,21.0,0.2054,317,1.000,1.000,5,7,-0.4949,0.3038,0.5807,NO
capture_0059.pgm,68,1051,515,21,22,22,0.2152,22.0,0.2152,338,1.000,1.000,6,9,0.4668,-0.1936,0.5054,NO
capture_0059.pgm,69,1255,515,22,22,22,0.2152,22.0,0.2152,360,1.000,1.000,6,11,0.4609,-0.1922,0.4994,NO
capture_0059.pgm,70,231,517,24,23,24,0.2347,24.0,0.2347,414,1.000,1.000,6,1,0.4514,-0.1795,0.4858,NO
capture_0059.pgm,71,641,516,22,21,22,0.2152,22.0,0.2152,338,1.000,1.000,6,5,0.4591,-0.1865,0.4956,NO
capture_0059.pgm,72,436,517,22,21,22,0.2152,22.0,0.2152,338,1.000,1.000,6,3,0.4553,-0.1781,0.4889,NO
capture_0059.pgm,73,32,519,23,22,23,0.2249,23.0,0.2249,368,1.000,1.000,5,0,-0.4940,0.2729,0.5644,NO
capture_0059.pgm,74,844,520,22,21,22,0.2152,22.0,0.2152,338,1.000,1.000,6,7,0.4434,-0.1460,0.4669,NO
capture_0059.pgm,75,338,558,21,22,22,0.2152,22.0,0.2152,338,1.000,1.000,6,2,0.4971,-0.1951,0.5340,NO
capture_0059.pgm,76,536,558,23,22,23,0.2249,23.0,0.2249,368,1.000,1.000,6,4,0.4325,-0.1937,0.4739,NO
capture_0059.pgm,77,129,561,23,23,23,0.2249,23.0,0.2249,391,1.000,1.000,6,0,0.4541,-0.1672,0.4839,NO
capture_0059.pgm,78,748,562,23,22,23,0.2249,23.0,0.2249,368,1.000,1.000,6,7,-0.4954,0.2647,0.5617,NO
capture_0059.pgm,79,1050,602,22,24,24,0.2347,24.0,0.2347,390,1.000,1.000,7,9,0.4565,-0.1936,0.4958,NO
capture_0059.pgm,80,30,604,24,22,24,0.2347,24.0,0.2347,390,1.000,1.000,7,-1,0.4861,-0.1809,0.5187,NO
capture_0059.pgm,81,641,606,22,23,23,0.2249,23.0,0.2249,368,1.000,1.000,7,5,0.4585,-0.1572,0.4847,NO
capture_0059.pgm,82,232,606,23,22,23,0.2249,23.0,0.2249,368,1.000,1.000,7,1,0.4606,-0.1599,0.4876,NO
capture_0059.pgm,83,438,607,23,23,23,0.2249,23.0,0.2249,398,1.000,1.000,7,3,0.4743,-0.1488,0.4970,NO
capture_0059.pgm,84,1260,608,22,22,22,0.2152,22.0,0.2152,360,1.000,1.000,6,12,-0.4910,0.3008,0.5758,NO
capture_0059.pgm,85,852,611,21,23,23,0.2249,23.0,0.2249,359,1.000,1.000,6,8,-0.4791,0.3273,0.5803,NO
capture_0059.pgm,86,1152,647,22,23,23,0.2249,23.0,0.2249,375,1.000,1.000,7,10,0.4532,-0.1701,0.4841,NO
capture_0059.pgm,87,747,648,21,21,21,0.2054,21.0,0.2054,317,1.000,1.000,7,6,0.4944,-0.1630,0.5206,NO
capture_0059.pgm,88,130,649,23,22,23,0.2249,23.0,0.2249,382,1.000,1.000,7,0,0.4633,-0.1574,0.4893,NO
capture_0059.pgm,89,339,650,24,22,24,0.2347,24.0,0.2347,397,1.000,1.000,7,3,-0.4940,0.2717,0.5638,NO
capture_0059.pgm,90,539,650,22,22,22,0.2152,22.0,0.2152,360,1.000,1.000,7,4,0.4612,-0.1448,0.4834,NO
capture_0059.pgm,91,946,653,23,22,23,0.2249,23.0,0.2249,375,1.000,1.000,7,8,0.4396,-0.1128,0.4538,NO
capture_0059.pgm,92,645,689,23,22,23,0.2249,23.0,0.2249,375,1.000,1.000,8,5,0.4971,-0.1963,0.5344,NO
capture_0059.pgm,93,28,691,23,24,24,0.2347,24.0,0.2347,413,1.000,1.000,8,-1,0.4660,-0.1809,0.4998,NO
capture_0059.pgm,94,1052,692,23,23,23,0.2249,23.0,0.2249,391,1.000,1.000,8,9,0.4755,-0.1642,0.5030,NO
capture_0059.pgm,95,234,693,25,24,25,0.2445,25.0,0.2445,437,1.000,1.000,8,1,0.4796,-0.1599,0.5056,NO
capture_0059.pgm,96,438,693,22,23,23,0.2249,23.0,0.2249,375,1.000,1.000,8,3,0.4737,-0.1586,0.4995,NO
capture_0059.pgm,97,1262,695,22,23,23,0.2249,23.0,0.2249,368,1.000,1.000,7,12,-0.4720,0.3008,0.5597,NO
capture_0059.pgm,98,848,699,21,22,22,0.2152,22.0,0.2152,338,1.000,1.000,8,7,0.4814,-0.0971,0.4911,NO
capture_0059.pgm,99,131,733,22,22,22,0.2152,22.0,0.2152,353,1.000,1.000,8,0,0.4725,-0.1867,0.5080,NO
capture_0059.pgm,100,536,736,23,22,23,0.2249,23.0,0.2249,375,1.000,1.000,8,4,0.4313,-0.1546,0.4582,NO
capture_0059.pgm,101,745,737,21,21,21,0.2054,21.0,0.2054,317,1.000,1.000,8,6,0.4743,-0.1435,0.4955,NO
capture_0059.pgm,102,337,740,24,22,24,0.2347,24.0,0.2347,390,1.000,1.000,8,2,0.4861,-0.1169,0.5000,NO
capture_0059.pgm,103,642,779,22,23,23,0.2249,23.0,0.2249,382,1.000,1.000,9,5,0.4672,-0.1670,0.4961,NO
capture_0059.pgm,104,32,779,22,22,22,0.2152,22.0,0.2152,360,1.000,1.000,8,0,-0.4957,0.2632,0.5612,NO
capture_0059.pgm,105,439,780,23,23,23,0.2249,23.0,0.2249,384,1.000,1.000,9,3,0.4829,-0.1586,0.5082,NO
capture_0059.pgm,106,1055,780,25,23,25,0.2445,25.0,0.2445,436,1.000,1.000,8,10,-0.4960,0.2798,0.5695,NO
capture_0059.pgm,107,1261,781,25,23,25,0.2445,25.0,0.2445,430,1.000,1.000,8,12,-0.4824,0.2910,0.5633,NO
capture_0059.pgm,108,844,782,22,25,25,0.2445,25.0,0.2445,419,1.000,1.000,9,7,0.4417,-0.1363,0.4622,NO
capture_0059.pgm,109,232,784,23,24,24,0.2347,24.0,0.2347,411,1.000,1.000,9,1,0.4595,-0.1208,0.4751,NO
capture_0059.pgm,110,944,818,23,24,24,0.2347,24.0,0.2347,408,1.000,1.000,9,8,0.4189,-0.2008,0.4645,NO
capture_0059.pgm,111,338,819,22,23,23,0.2249,23.0,0.2249,368,1.000,1.000,9,2,0.4953,-0.1951,0.5324,NO
capture_0059.pgm,112,753,822,26,23,26,0.2543,26.0,0.2543,435,1.000,1.000,9,7,-0.4483,0.2549,0.5157,NO
capture_0059.pgm,113,128,822,24,22,24,0.2347,24.0,0.2347,390,1.000,1.000,9,0,0.4426,-0.1672,0.4731,NO
capture_0059.pgm,114,533,822,25,21,25,0.2445,25.0,0.2445,401,1.000,1.000,9,4,0.4014,-0.1644,0.4337,NO
capture_0059.pgm,115,1154,823,22,22,22,0.2152,22.0,0.2152,360,1.000,1.000,9,10,0.4716,-0.1505,0.4950,NO
capture_0059.pgm,116,227,865,24,25,25,0.2445,25.0,0.2445,439,1.000,1.000,10,1,0.4100,-0.1795,0.4475,NO
capture_0059.pgm,117,1254,864,24,23,24,0.2347,24.0,0.2347,403,1.000,1.000,10,11,0.4488,-0.1824,0.4845,NO
capture_0059.pgm,118,31,865,23,22,23,0.2249,23.0,0.2249,375,1.000,1.000,10,-1,0.4941,-0.1809,0.5262,NO
capture_0059.pgm,119,641,866,24,25,25,0.2445,25.0,0.2445,452,1.000,1.000,10,5,0.4568,-0.1670,0.4864,NO
capture_0059.pgm,120,855,866,23,24,24,0.2347,24.0,0.2347,421,1.000,1.000,9,8,-0.4516,0.2687,0.5254,NO
capture_0059.pgm,121,438,866,22,23,23,0.2249,23.0,0.2249,375,1.000,1.000,10,3,0.4725,-0.1684,0.5016,NO
capture_0059.pgm,122,336,907,23,23,23,0.2249,23.0,0.2249,391,1.000,1.000,10,2,0.4752,-0.1853,0.5100,NO
capture_0059.pgm,123,125,908,24,23,24,0.2347,24.0,0.2347,421,1.000,1.000,10,0,0.4126,-0.1769,0.4490,NO
capture_0059.pgm,124,539,909,24,23,24,0.2347,24.0,0.2347,413,1.000,1.000,10,4,0.4595,-0.1644,0.4880,NO
capture_0059.pgm,125,742,909,24,22,24,0.2347,24.0,0.2347,397,1.000,1.000,10,6,0.4438,-0.1630,0.4728,NO
capture_0059.pgm,126,950,911,23,23,23,0.2249,23.0,0.2249,391,1.000,1.000,10,8,0.4770,-0.1421,0.4977,NO
capture_0059.pgm,127,1157,911,22,22,22,0.2152,22.0,0.2152,360,1.000,1.000,10,11,-0.4999,0.2772,0.5716,NO
capture_0059.pgm,128,1250,949,25,25,25,0.2445,25.0,0.2445,457,1.000,1.000,11,11,0.4091,-0.2020,0.4562,NO
capture_0059.pgm,129,1057,950,22,25,25,0.2445,25.0,0.2445,406,1.000,1.000,10,10,-0.4776,0.2407,0.5348,NO
capture_0059.pgm,130,437,952,22,22,22,0.2152,22.0,0.2152,353,1.000,1.000,11,3,0.4621,-0.1781,0.4953,NO
capture_0059.pgm,131,851,953,22,22,22,0.2152,22.0,0.2152,353,1.000,1.000,10,8,-0.4913,0.2687,0.5599,NO
capture_0059.pgm,132,234,955,25,24,25,0.2445,25.0,0.2445,447,1.000,1.000,11,1,0.4778,-0.1502,0.5009,NO
capture_0059.pgm,133,642,955,23,23,23,0.2249,23.0,0.2249,388,1.000,1.000,11,5,0.4660,-0.1474,0.4888,NO
capture_0059.pgm,134,29,956,25,22,25,0.2445,25.0,0.2445,406,1.000,1.000,11,-1,0.4740,-0.1418,0.4947,NO
capture_0059.pgm,135,745,995,21,23,23,0.2249,23.0,0.2249,359,1.000,1.000,11,6,0.4725,-0.1728,0.5031,NO
capture_0059.pgm,136,1156,995,22,23,23,0.2249,23.0,0.2249,375,1.000,1.000,11,10,0.4900,-0.1701,0.5187,NO
capture_0059.pgm,137,130,996,23,23,23,0.2249,23.0,0.2249,384,1.000,1.000,11,0,0.4610,-0.1672,0.4903,NO
capture_0059.pgm,138,537,995,23,23,23,0.2249,23.0,0.2249,390,1.000,1.000,11,4,0.4393,-0.1742,0.4726,NO
capture_0059.pgm,139,949,999,21,23,23,0.2249,23.0,0.2249,359,1.000,1.000,11,8,0.4666,-0.1323,0.4850,NO
capture_0059.pgm,140,332,1000,26,23,26,0.2543,26.0,0.2543,436,1.000,1.000,11,2,0.4355,-0.1267,0.4535,NO
capture_0059.pgm,SUMMARY,,,,,,,,,,,,,,,,,
capture_0059.pgm,Count,140,,,,,,,,,,,,,,,
capture_0059.pgm,Missed,23,,,,,,,,,,,,,,,
capture_0059.pgm,Mean,,,,,,,,0.2266,,,,,,,,
capture_0059.pgm,Median,,,,,,,,0.2249,,,,,,,,
capture_0059.pgm,StdDev,,,,,,,,0.0117,,,,,,,,
capture_0059.pgm,Min,,,,,,,,0.2054,,,,,,,,
capture_0059.pgm,Max,,,,,,,,0.2543,,,,,,,,
capture_0060.pgm,1,539,22,22,24,24,0.2347,24.0,0.2347,390,1.000,1.000,0,4,0.4653,-0.3307,0.5708,NO
capture_0060.pgm,2,950,24,23,26,26,0.2543,26.0,0.2543,450,1.000,1.000,0,8,0.4828,-0.3084,0.5729,NO
capture_0060.pgm,3,1153,23,23,23,23,0.2249,23.0,0.2249,398,1.000,1.000,0,10,0.4671,-0.3168,0.5644,NO
capture_0060.pgm,4,741,24,22,22,22,0.2152,22.0,0.2152,360,1.000,1.000,0,6,0.4398,-0.3097,0.5379,NO
capture_0060.pgm,5,336,26,25,25,25,0.2445,25.0,0.2445,476,1.000,1.000,0,2,0.4810,-0.2929,0.5632,NO
capture_0060.pgm,6,131,29,25,26,26,0.2543,26.0,0.2543,494,1.000,1.000,0,0,0.4772,-0.2650,0.5458,NO
capture_0060.pgm,7,1050,63,23,23,23,0.2249,23.0,0.2249,391,1.000,1.000,1,9,0.4600,-0.3598,0.5840,NO
capture_0060.pgm,8,230,66,25,25,25,0.2445,25.0,0.2445,450,1.000,1.000,1,1,0.4446,-0.3360,0.5573,NO
capture_0060.pgm,9,847,66,24,24,24,0.2347,24.0,0.2347,428,1.000,1.000,1,7,0.4757,-0.3319,0.5800,NO
capture_0060.pgm,10,644,66,22,23,23,0.2249,23.0,0.2249,375,1.000,1.000,1,5,0.4914,-0.3332,0.5937,NO
capture_0060.pgm,11,437,69,25,25,25,0.2445,25.0,0.2445,472,1.000,1.000,1,3,0.4680,-0.3053,0.5587,NO
capture_0060.pgm,12,1263,68,25,25,25,0.2445,25.0,0.2445,456,1.000,1.000,0,12,-0.4581,0.1247,0.4748,NO
capture_0060.pgm,13,30,69,23,23,23,0.2249,23.0,0.2249,391,1.000,1.000,1,-1,0.4896,-0.3080,0.5784,NO
capture_0060.pgm,14,336,106,25,24,25,0.2445,25.0,0.2445,430,1.000,1.000,1,2,0.4804,-0.3614,0.6012,NO
capture_0060.pgm,15,536,108,23,23,23,0.2249,23.0,0.2249,375,1.000,1.000,1,4,0.4354,-0.3404,0.5527,NO
capture_0060.pgm,16,946,109,21,21,21,0.2054,21.0,0.2054,317,1.000,1.000,1,8,0.4431,-0.3279,0.5512,NO
capture_0060.pgm,17,1150,109,21,22,22,0.2152,22.0,0.2152,338,1.000,1.000,1,10,0.4372,-0.3265,0.5457,NO
capture_0060.pgm,18,129,111,24,23,24,0.2347,24.0,0.2347,414,1.000,1.000,1,0,0.4570,-0.3139,0.5544,NO
capture_0060.pgm,19,746,116,23,24,24,0.2347,24.0,0.2347,394,1.000,1.000,1,6,0.4881,-0.2608,0.5535,NO
capture_0060.pgm,20,1254,149,23,23,23,0.2249,23.0,0.2249,391,1.000,1.000,2,11,0.4535,-0.3682,0.5842,NO
capture_0060.pgm,21,845,151,22,22,22,0.2152,22.0,0.2152,360,1.000,1.000,2,7,0.4555,-0.3514,0.5753,NO
capture_0060.pgm,22,642,154,22,23,23,0.2249,23.0,0.2249,368,1.000,1.000,2,5,0.4713,-0.3235,0.5716,NO
capture_0060.pgm,23,28,154,24,22,24,0.2347,24.0,0.2347,387,1.000,1.000,2,-1,0.4695,-0.3276,0.5725,NO
capture_0060.pgm,24,433,156,25,23,25,0.2445,25.0,0.2445,421,1.000,1.000,2,3,0.4283,-0.3053,0.5259,NO
capture_0060.pgm,25,1056,156,24,24,24,0.2347,24.0,0.2347,431,1.000,1.000,1,10,-0.4821,0.1331,0.5002,NO
capture_0060.pgm,26,232,160,22,21,22,0.2152,22.0,0.2152,338,1.000,1.000,2,1,0.4635,-0.2675,0.5352,NO
capture_0060.pgm,27,946,189,23,23,23,0.2249,23.0,0.2249,391,1.000,1.000,2,8,0.4425,-0.3964,0.5941,NO
capture_0060.pgm,28,335,194,23,23,23,0.2249,23.0,0.2249,383,1.000,1.000,2,2,0.4701,-0.3516,0.5870,NO
capture_0060.pgm,29,130,197,25,23,25,0.2445,25.0,0.2445,429,1.000,1.000,2,0,0.4662,-0.3236,0.5675,NO
capture_0060.pgm,30,741,197,22,23,23,0.2249,23.0,0.2249,368,1.000,1.000,2,6,0.4387,-0.3195,0.5427,NO
capture_0060.pgm,31,1149,197,21,21,21,0.2054,21.0,0.2054,317,1.000,1.000,2,10,0.4268,-0.3168,0.5315,NO
capture_0060.pgm,32,539,201,24,24,24,0.2347,24.0,0.2347,431,1.000,1.000,2,4,0.4641,-0.2818,0.5430,NO
capture_0060.pgm,33,232,238,22,23,23,0.2249,23.0,0.2249,375,1.000,1.000,3,1,0.4630,-0.3555,0.5837,NO
capture_0060.pgm,34,432,240,24,21,24,0.2347,24.0,0.2347,380,1.000,1.000,3,3,0.4179,-0.3346,0.5354,NO
capture_0060.pgm,35,640,241,22,22,22,0.2152,22.0,0.2152,353,1.000,1.000,3,5,0.4511,-0.3235,0.5551,NO
capture_0060.pgm,36,846,243,23,24,24,0.2347,24.0,0.2347,418,1.000,1.000,3,7,0.4647,-0.3025,0.5545,NO
capture_0060.pgm,37,1052,244,23,23,23,0.2249,23.0,0.2249,383,1.000,1.000,3,9,0.4784,-0.2914,0.5601,NO
capture_0060.pgm,38,1261,244,23,24,24,0.2347,24.0,0.2347,397,1.000,1.000,2,12,-0.4789,0.1443,0.5001,NO
capture_0060.pgm,39,27,249,24,25,25,0.2445,25.0,0.2445,434,1.000,1.000,3,-1,0.4591,-0.2493,0.5224,NO
capture_0060.pgm,40,539,280,23,22,23,0.2249,23.0,0.2249,382,1.000,1.000,3,4,0.4636,-0.3600,0.5869,NO
capture_0060.pgm,41,744,281,23,22,23,0.2249,23.0,0.2249,368,1.000,1.000,3,6,0.4674,-0.3488,0.5832,NO
capture_0060.pgm,42,334,284,24,23,24,0.2347,24.0,0.2347,403,1.000,1.000,3,2,0.4597,-0.3223,0.5614,NO
capture_0060.pgm,43,948,284,21,22,22,0.2152,22.0,0.2152,338,1.000,1.000,3,8,0.4615,-0.3181,0.5605,NO
capture_0060.pgm,44,130,286,24,22,24,0.2347,24.0,0.2347,397,1.000,1.000,3,0,0.4656,-0.3041,0.5561,NO
capture_0060.pgm,45,236,327,24,24,24,0.2347,24.0,0.2347,421,1.000,1.000,3,2,-0.4987,0.0983,0.5083,NO
capture_0060.pgm,46,439,331,24,25,25,0.2445,25.0,0.2445,448,1.000,1.000,4,3,0.4858,-0.2955,0.5686,NO
capture_0060.pgm,47,843,330,24,23,24,0.2347,24.0,0.2347,400,1.000,1.000,4,7,0.4348,-0.3025,0.5297,NO
capture_0060.pgm,48,1258,330,23,24,24,0.2347,24.0,0.2347,414,1.000,1.000,4,11,0.4914,-0.2998,0.5756,NO
capture_0060.pgm,49,1050,331,23,24,24,0.2347,24.0,0.2347,398,1.000,1.000,4,9,0.4582,-0.2914,0.5430,NO
capture_0060.pgm,50,34,332,23,23,23,0.2249,23.0,0.2249,398,1.000,1.000,3,0,-0.4732,0.1458,0.4952,NO
capture_0060.pgm,51,538,365,23,23,23,0.2249,23.0,0.2249,405,1.000,1.000,4,4,0.4532,-0.3796,0.5911,NO
capture_0060.pgm,52,127,370,24,23,24,0.2347,24.0,0.2347,406,1.000,1.000,4,0,0.4357,-0.3334,0.5486,NO
capture_0060.pgm,53,744,370,23,24,24,0.2347,24.0,0.2347,421,1.000,1.000,4,6,0.4668,-0.3293,0.5713,NO
capture_0060.pgm,54,944,371,24,23,24,0.2347,24.0,0.2347,403,1.000,1.000,4,8,0.4218,-0.3181,0.5283,NO
capture_0060.pgm,55,339,373,22,23,23,0.2249,23.0,0.2249,375,1.000,1.000,4,3,-0.4922,0.1153,0.5055,NO
capture_0060.pgm,56,28,412,23,22,23,0.2249,23.0,0.2249,375,1.000,1.000,5,-1,0.4677,-0.3569,0.5883,NO
capture_0060.pgm,57,643,414,22,22,22,0.2152,22.0,0.2152,346,1.000,1.000,5,5,0.4793,-0.3332,0.5837,NO
capture_0060.pgm,58,1257,414,21,21,21,0.2054,21.0,0.2054,317,1.000,1.000,5,11,0.4811,-0.3291,0.5829,NO
capture_0060.pgm,59,1056,417,23,24,24,0.2347,24.0,0.2347,411,1.000,1.000,4,10,-0.4839,0.1331,0.5019,NO
capture_0060.pgm,60,431,419,23,26,26,0.2543,26.0,0.2543,443,1.000,1.000,5,3,0.4070,-0.2857,0.4972,NO
capture_0060.pgm,61,845,418,24,25,25,0.2445,25.0,0.2445,448,1.000,1.000,5,7,0.4538,-0.2927,0.5400,NO
capture_0060.pgm,62,242,420,24,24,24,0.2347,24.0,0.2347,445,1.000,1.000,4,2,-0.4406,0.1570,0.4678,NO
capture_0060.pgm,63,1156,456,21,22,22,0.2152,22.0,0.2152,338,1.000,1.000,5,10,0.4935,-0.3363,0.5972,NO
capture_0060.pgm,64,744,457,21,21,21,0.2054,21.0,0.2054,317,1.000,1.000,5,6,0.4662,-0.3293,0.5708,NO
capture_0060.pgm,65,944,458,23,22,23,0.2249,23.0,0.2249,368,1.000,1.000,5,8,0.4212,-0.3181,0.5278,NO
capture_0060.pgm,66,539,459,25,23,25,0.2445,25.0,0.2445,422,1.000,1.000,5,4,0.4624,-0.3111,0.5573,NO
capture_0060.pgm,67,342,461,23,23,23,0.2249,23.0,0.2249,391,1.000,1.000,5,3,-0.4635,0.1250,0.4800,NO
capture_0060.pgm,68,1051,499,23,24,24,0.2347,24.0,0.2347,407,1.000,1.000,6,9,0.4668,-0.3500,0.5835,NO
capture_0060.pgm,69,845,500,23,23,23,0.2249,23.0,0.2249,388,1.000,1.000,6,7,0.4532,-0.3416,0.5676,NO
capture_0060.pgm,70,29,502,23,23,23,0.2249,23.0,0.2249,388,1.000,1.000,6,-1,0.4769,-0.3276,0.5786,NO
capture_0060.pgm,71,233,502,21,22,22,0.2152,22.0,0.2152,338,1.000,1.000,6,1,0.4710,-0.3262,0.5729,NO
capture_0060.pgm,72,638,503,23,21,23,0.2249,23.0,0.2249,359,1.000,1.000,6,5,0.4298,-0.3137,0.5321,NO
capture_0060.pgm,73,1258,505,25,25,25,0.2445,25.0,0.2445,463,1.000,1.000,6,11,0.4903,-0.2900,0.5696,NO
capture_0060.pgm,74,438,506,24,25,25,0.2445,25.0,0.2445,454,1.000,1.000,6,3,0.4748,-0.2857,0.5542,NO
capture_0060.pgm,75,743,546,24,24,24,0.2347,24.0,0.2347,416,1.000,1.000,6,6,0.4559,-0.3097,0.5511,NO
capture_0060.pgm,76,949,546,23,24,24,0.2347,24.0,0.2347,404,1.000,1.000,6,8,0.4695,-0.3084,0.5617,NO
capture_0060.pgm,77,127,546,22,22,22,0.2152,22.0,0.2152,360,1.000,1.000,6,0,0.4345,-0.3139,0.5360,NO
capture_0060.pgm,78,1153,547,23,24,24,0.2347,24.0,0.2347,407,1.000,1.000,6,10,0.4636,-0.2972,0.5507,NO
capture_0060.pgm,79,334,548,25,23,25,0.2445,25.0,0.2445,437,1.000,1.000,6,2,0.4580,-0.2929,0.5436,NO
capture_0060.pgm,80,537,547,21,21,21,0.2054,21.0,0.2054,317,1.000,1.000,6,4,0.4422,-0.3013,0.5351,NO
capture_0060.pgm,81,1253,584,22,22,22,0.2152,22.0,0.2152,360,1.000,1.000,7,11,0.4408,-0.3682,0.5743,NO
capture_0060.pgm,82,229,586,25,24,25,0.2445,25.0,0.2445,436,1.000,1.000,7,1,0.4313,-0.3555,0.5589,NO
capture_0060.pgm,83,846,586,23,22,23,0.2249,23.0,0.2249,382,1.000,1.000,7,7,0.4624,-0.3514,0.5808,NO
capture_0060.pgm,84,1051,587,22,22,22,0.2152,22.0,0.2152,353,1.000,1.000,7,9,0.4663,-0.3403,0.5772,NO
capture_0060.pgm,85,638,588,24,22,24,0.2347,24.0,0.2347,397,1.000,1.000,7,5,0.4292,-0.3332,0.5434,NO
capture_0060.pgm,86,436,589,25,22,25,0.2445,25.0,0.2445,412,1.000,1.000,7,3,0.4547,-0.3248,0.5588,NO
capture_0060.pgm,87,30,595,25,27,27,0.2641,27.0,0.2641,502,1.000,1.000,7,-1,0.4861,-0.2689,0.5555,NO
capture_0060.pgm,88,954,628,21,22,22,0.2152,22.0,0.2152,338,1.000,1.000,7,9,-0.4824,0.0607,0.4862,NO
capture_0060.pgm,89,744,629,22,22,22,0.2152,22.0,0.2152,346,1.000,1.000,7,6,0.4651,-0.3488,0.5814,NO
capture_0060.pgm,90,334,630,22,22,22,0.2152,22.0,0.2152,353,1.000,1.000,7,2,0.4574,-0.3418,0.5710,NO
capture_0060.pgm,91,1156,633,25,23,25,0.2445,25.0,0.2445,444,1.000,1.000,7,10,0.4923,-0.3070,0.5802,NO
capture_0060.pgm,92,131,634,23,22,23,0.2249,23.0,0.2249,368,1.000,1.000,7,0,0.4731,-0.3041,0.5624,NO
capture_0060.pgm,93,536,634,25,22,25,0.2445,25.0,0.2445,409,1.000,1.000,7,4,0.4319,-0.3013,0.5266,NO
capture_0060.pgm,94,439,673,22,22,22,0.2152,22.0,0.2152,353,1.000,1.000,8,3,0.4834,-0.3542,0.5993,NO
capture_0060.pgm,95,638,677,25,25,25,0.2445,25.0,0.2445,436,1.000,1.000,8,5,0.4286,-0.3137,0.5311,NO
capture_0060.pgm,96,1051,675,21,21,21,0.2054,21.0,0.2054,317,1.000,1.000,8,9,0.4657,-0.3305,0.5710,NO
capture_0060.pgm,97,852,676,21,22,22,0.2152,22.0,0.2152,338,1.000,1.000,7,8,-0.4797,0.1122,0.4927,NO
capture_0060.pgm,98,231,678,23,22,23,0.2249,23.0,0.2249,375,1.000,1.000,8,1,0.4503,-0.3066,0.5448,NO
capture_0060.pgm,99,1262,680,23,24,24,0.2347,24.0,0.2347,414,1.000,1.000,7,12,-0.4720,0.1541,0.4965,NO
capture_0060.pgm,100,30,682,25,25,25,0.2445,25.0,0.2445,453,1.000,1.000,8,-1,0.4855,-0.2689,0.5550,NO
capture_0060.pgm,101,539,720,22,25,25,0.2445,25.0,0.2445,409,1.000,1.000,8,4,0.4606,-0.3111,0.5559,NO
capture_0060.pgm,102,746,723,23,25,25,0.2445,25.0,0.2445,437,1.000,1.000,8,6,0.4841,-0.2804,0.5594,NO
capture_0060.pgm,103,954,723,24,23,24,0.2347,24.0,0.2347,399,1.000,1.000,8,9,-0.4830,0.1390,0.5026,NO
capture_0060.pgm,104,131,724,21,21,21,0.2054,21.0,0.2054,317,1.000,1.000,8,0,0.4725,-0.2747,0.5466,NO
capture_0060.pgm,105,1161,725,23,24,24,0.2347,24.0,0.2347,421,1.000,1.000,8,11,-0.4596,0.1599,0.4866,NO
capture_0060.pgm,106,336,726,23,23,23,0.2249,23.0,0.2249,380,1.000,1.000,8,2,0.4763,-0.2538,0.5397,NO
capture_0060.pgm,107,1259,760,23,26,26,0.2543,26.0,0.2543,446,1.000,1.000,9,11,0.4983,-0.3487,0.6082,NO
capture_0060.pgm,108,847,760,23,23,23,0.2249,23.0,0.2249,391,1.000,1.000,9,7,0.4710,-0.3514,0.5877,NO
capture_0060.pgm,109,1051,761,23,22,23,0.2249,23.0,0.2249,368,1.000,1.000,9,9,0.4651,-0.3403,0.5763,NO
capture_0060.pgm,110,236,764,24,23,24,0.2347,24.0,0.2347,399,1.000,1.000,9,1,0.4986,-0.3164,0.5905,NO
capture_0060.pgm,111,440,765,24,23,24,0.2347,24.0,0.2347,410,1.000,1.000,9,3,0.4926,-0.3053,0.5796,NO
capture_0060.pgm,112,642,769,24,25,25,0.2445,25.0,0.2445,462,1.000,1.000,9,5,0.4672,-0.2648,0.5370,NO
capture_0060.pgm,113,30,770,23,25,25,0.2445,25.0,0.2445,423,1.000,1.000,9,-1,0.4849,-0.2591,0.5498,NO
capture_0060.pgm,114,340,809,23,23,23,0.2249,23.0,0.2249,391,1.000,1.000,9,3,-0.4853,0.1250,0.5012,NO
capture_0060.pgm,115,1158,808,21,22,22,0.2152,22.0,0.2152,338,1.000,1.000,9,11,-0.4895,0.1208,0.5042,NO
capture_0060.pgm,116,545,809,23,23,23,0.2249,23.0,0.2249,398,1.000,1.000,9,5,-0.4815,0.1264,0.4978,NO
capture_0060.pgm,117,749,809,23,22,23,0.2249,23.0,0.2249,368,1.000,1.000,9,7,-0.4874,0.1278,0.5039,NO
capture_0060.pgm,118,136,811,23,23,23,0.2249,23.0,0.2249,384,1.000,1.000,9,1,-0.4794,0.1432,0.5004,NO
capture_0060.pgm,119,956,813,22,21,22,0.2152,22.0,0.2152,338,1.000,1.000,9,9,-0.4640,0.1683,0.4936,NO
capture_0060.pgm,120,1254,848,24,24,24,0.2347,24.0,0.2347,428,1.000,1.000,10,11,0.4488,-0.3389,0.5624,NO
capture_0060.pgm,121,644,851,22,23,23,0.2249,23.0,0.2249,368,1.000,1.000,10,5,0.4861,-0.3137,0.5785,NO
capture_0060.pgm,122,235,851,23,22,23,0.2249,23.0,0.2249,368,1.000,1.000,10,1,0.4882,-0.3164,0.5818,NO
capture_0060.pgm,123,845,852,23,24,24,0.2347,24.0,0.2347,428,1.000,1.000,10,7,0.4509,-0.3025,0.5430,NO
capture_0060.pgm,124,1045,852,24,22,24,0.2347,24.0,0.2347,397,1.000,1.000,10,9,0.4058,-0.3011,0.5054,NO
capture_0060.pgm,125,33,855,24,25,25,0.2445,25.0,0.2445,446,1.000,1.000,9,0,-0.4865,0.1556,0.5108,NO
capture_0060.pgm,126,441,856,24,25,25,0.2445,25.0,0.2445,456,1.000,1.000,9,4,-0.4984,0.1681,0.5260,NO
capture_0060.pgm,127,1154,892,25,23,25,0.2445,25.0,0.2445,435,1.000,1.000,10,10,0.4710,-0.3265,0.5731,NO
capture_0060.pgm,128,132,892,24,22,24,0.2347,24.0,0.2347,390,1.000,1.000,10,0,0.4811,-0.3334,0.5853,NO
capture_0060.pgm,129,540,895,25,26,26,0.2543,26.0,0.2543,469,1.000,1.000,10,4,0.4693,-0.3013,0.5577,NO
capture_0060.pgm,130,748,894,21,23,23,0.2249,23.0,0.2249,359,1.000,1.000,10,7,-0.4978,0.1082,0.5094,NO
capture_0060.pgm,131,335,896,23,26,26,0.2543,26.0,0.2543,441,1.000,1.000,10,2,0.4654,-0.2929,0.5499,NO
capture_0060.pgm,132,233,936,25,23,25,0.2445,25.0,0.2445,430,1.000,1.000,11,1,0.4681,-0.3360,0.5762,NO
capture_0060.pgm,133,1049,936,24,24,24,0.2347,24.0,0.2347,437,1.000,1.000,11,9,0.4444,-0.3305,0.5538,NO
capture_0060.pgm,134,1256,936,22,23,23,0.2249,23.0,0.2249,375,1.000,1.000,11,11,0.4678,-0.3291,0.5719,NO
capture_0060.pgm,135,29,938,25,23,25,0.2445,25.0,0.2445,421,1.000,1.000,11,-1,0.4740,-0.3178,0.5707,NO
capture_0060.pgm,136,439,938,23,24,24,0.2347,24.0,0.2347,411,1.000,1.000,11,3,0.4817,-0.3151,0.5756,NO
capture_0060.pgm,137,651,939,25,25,25,0.2445,25.0,0.2445,456,1.000,1.000,10,6,-0.4462,0.1304,0.4649,NO
capture_0060.pgm,138,848,941,23,23,23,0.2249,23.0,0.2249,391,1.000,1.000,11,7,0.4796,-0.2830,0.5569,NO
capture_0060.pgm,139,323,976,25,25,25,0.2445,25.0,0.2445,454,1.000,1.000,11,2,0.3475,-0.3614,0.5013,NO
capture_0060.pgm,140,123,977,24,24,24,0.2347,24.0,0.2347,424,1.000,1.000,11,0,0.3925,-0.3530,0.5279,NO
capture_0060.pgm,141,738,978,26,25,26,0.2543,26.0,0.2543,460,1.000,1.000,11,6,0.4041,-0.3391,0.5275,NO
capture_0060.pgm,142,1143,977,24,24,24,0.2347,24.0,0.2347,438,1.000,1.000,11,10,0.3629,-0.3461,0.5015,NO
capture_0060.pgm,143,525,977,25,23,25,0.2445,25.0,0.2445,427,1.000,1.000,11,4,0.3220,-0.3502,0.4757,NO
capture_0060.pgm,144,938,983,25,24,25,0.2445,25.0,0.2445,432,1.000,1.000,11,8,0.3590,-0.2888,0.4608,NO
capture_0060.pgm,SUMMARY,,,,,,,,,,,,,,,,,
capture_0060.pgm,Count,144,,,,,,,,,,,,,,,
capture_0060.pgm,Missed,20,,,,,,,,,,,,,,,
capture_0060.pgm,Mean,,,,,,,,0.2315,,,,,,,,
capture_0060.pgm,Median,,,,,,,,0.2347,,,,,,,,
capture_0060.pgm,StdDev,,,,,,,,0.0124,,,,,,,,
capture_0060.pgm,Min,,,,,,,,0.2054,,,,,,,,
capture_0060.pgm,Max,,,,,,,,0.2641,,,,,,,,


GLOBAL SUMMARY
Total Files,59
Total Dots (non-merged),8180
Total Merged,2
Total Missed,407
Mode,Body Detection
Grid Pattern,Checker / Staggered
Pixels/mm,102.2500
Grid Spacing X (px),102.30
Grid Spacing Y (px),87.00
Grid Angle (deg),-0.039
Stagger Y (px),-42.67

Diameter (mm)
Mean,0.2290
Median,0.2249
StdDev,0.0122
Min,0.2054
Max,0.3716

Circularity Raw
Mean,1.0000
Median,1.0000
StdDev,0.0000
Min,1.0000
Max,1.0000

Circularity Body
Mean,1.0000
Median,1.0000
StdDev,0.0000
Min,1.0000
Max,1.0000

Grid Offset X Abs (mm)
Mean,0.2587
StdDev,0.1493
Min,0.0001
Max,0.5002

Grid Offset Y Abs (mm)
Mean,0.2109
StdDev,0.1233
Min,0.0005
Max,0.4251

Distance Error (mm)
Mean,0.3622
Median,0.3672
StdDev,0.1331
Min,0.0036
Max,0.6522
